HIERARCHY
ROOT Hips
{
	OFFSET 0.0000 0.0000 0.0000
	CHANNELS 6 Xposition Yposition Zposition Zrotation Xrotation Yrotation
	JOINT LeftUpperLeg
	{
		OFFSET 8.0000 0.0000 0.0000
		CHANNELS 3 Zrotation Xrotation Yrotation
		JOINT LeftLowerLeg
		{
			OFFSET 0.0000 -42.0000 0.0000
			CHANNELS 3 Zrotation Xrotation Yrotation
			JOINT LeftFoot
			{
				OFFSET 0.0000 -42.0000 0.0000
				CHANNELS 3 Zrotation Xrotation Yrotation
				JOINT LeftToe
				{
					OFFSET 0.0000 -8.0000 10.0000
					CHANNELS 3 Zrotation Xrotation Yrotation
					End Site
					{
						OFFSET 0.0000 5.0000 0.0000
					}
				}
			}
		}
	}
	JOINT RightUpperLeg
	{
		OFFSET -8.0000 0.0000 0.0000
		CHANNELS 3 Zrotation Xrotation Yrotation
		JOINT RightLowerLeg
		{
			OFFSET 0.0000 -42.0000 0.0000
			CHANNELS 3 Zrotation Xrotation Yrotation
			JOINT RightFoot
			{
				OFFSET 0.0000 -42.0000 0.0000
				CHANNELS 3 Zrotation Xrotation Yrotation
				JOINT RightToe
				{
					OFFSET 0.0000 -8.0000 10.0000
					CHANNELS 3 Zrotation Xrotation Yrotation
					End Site
					{
						OFFSET 0.0000 5.0000 0.0000
					}
				}
			}
		}
	}
	JOINT Spine
	{
		OFFSET 0.0000 8.0000 0.0000
		CHANNELS 3 Zrotation Xrotation Yrotation
		JOINT Spine1
		{
			OFFSET 0.0000 9.0000 0.0000
			CHANNELS 3 Zrotation Xrotation Yrotation
			JOINT Spine2
			{
				OFFSET 0.0000 9.0000 0.0000
				CHANNELS 3 Zrotation Xrotation Yrotation
				JOINT Neck
				{
					OFFSET 0.0000 20.0000 0.0000
					CHANNELS 3 Zrotation Xrotation Yrotation
					JOINT Head
					{
						OFFSET 0.0000 10.0000 0.0000
						CHANNELS 3 Zrotation Xrotation Yrotation
						JOINT Jaw
						{
							OFFSET 0.0000 -4.0000 5.0000
							CHANNELS 3 Zrotation Xrotation Yrotation
							End Site
							{
								OFFSET 0.0000 5.0000 0.0000
							}
						}
						JOINT LeftEye
						{
							OFFSET 3.0000 5.0000 7.0000
							CHANNELS 3 Zrotation Xrotation Yrotation
							End Site
							{
								OFFSET 0.0000 5.0000 0.0000
							}
						}
						JOINT RightEye
						{
							OFFSET -3.0000 5.0000 7.0000
							CHANNELS 3 Zrotation Xrotation Yrotation
							End Site
							{
								OFFSET 0.0000 5.0000 0.0000
							}
						}
					}
				}
				JOINT LeftShoulder
				{
					OFFSET 5.0000 18.0000 0.0000
					CHANNELS 3 Zrotation Xrotation Yrotation
					JOINT LeftUpperArm
					{
						OFFSET 15.0000 0.0000 0.0000
						CHANNELS 3 Zrotation Xrotation Yrotation
						JOINT LeftLowerArm
						{
							OFFSET 28.0000 0.0000 0.0000
							CHANNELS 3 Zrotation Xrotation Yrotation
							JOINT LeftHand
							{
								OFFSET 25.0000 0.0000 0.0000
								CHANNELS 3 Zrotation Xrotation Yrotation
								JOINT LeftIndexProximal
								{
									OFFSET 5.0000 -1.0000 1.0000
									CHANNELS 3 Zrotation Xrotation Yrotation
									JOINT LeftIndexIntermediate
									{
										OFFSET 4.0000 0.0000 0.0000
										CHANNELS 3 Zrotation Xrotation Yrotation
										JOINT LeftIndexDistal
										{
											OFFSET 3.0000 0.0000 0.0000
											CHANNELS 3 Zrotation Xrotation Yrotation
											End Site
											{
												OFFSET 0.0000 5.0000 0.0000
											}
										}
									}
								}
								JOINT LeftMiddleProximal
								{
									OFFSET 5.0000 0.0000 0.0000
									CHANNELS 3 Zrotation Xrotation Yrotation
									JOINT LeftMiddleIntermediate
									{
										OFFSET 4.0000 0.0000 0.0000
										CHANNELS 3 Zrotation Xrotation Yrotation
										JOINT LeftMiddleDistal
										{
											OFFSET 3.0000 0.0000 0.0000
											CHANNELS 3 Zrotation Xrotation Yrotation
											End Site
											{
												OFFSET 0.0000 5.0000 0.0000
											}
										}
									}
								}
								JOINT LeftLittleProximal
								{
									OFFSET 5.0000 1.5000 0.0000
									CHANNELS 3 Zrotation Xrotation Yrotation
									JOINT LeftLittleIntermediate
									{
										OFFSET 3.0000 0.0000 0.0000
										CHANNELS 3 Zrotation Xrotation Yrotation
										JOINT LeftLittleDistal
										{
											OFFSET 2.0000 0.0000 0.0000
											CHANNELS 3 Zrotation Xrotation Yrotation
											End Site
											{
												OFFSET 0.0000 5.0000 0.0000
											}
										}
									}
								}
								JOINT LeftRingProximal
								{
									OFFSET 5.0000 0.8000 0.0000
									CHANNELS 3 Zrotation Xrotation Yrotation
									JOINT LeftRingIntermediate
									{
										OFFSET 4.0000 0.0000 0.0000
										CHANNELS 3 Zrotation Xrotation Yrotation
										JOINT LeftRingDistal
										{
											OFFSET 3.0000 0.0000 0.0000
											CHANNELS 3 Zrotation Xrotation Yrotation
											End Site
											{
												OFFSET 0.0000 5.0000 0.0000
											}
										}
									}
								}
								JOINT LeftThumbProximal
								{
									OFFSET 3.0000 -2.0000 2.0000
									CHANNELS 3 Zrotation Xrotation Yrotation
									JOINT LeftThumbIntermediate
									{
										OFFSET 3.0000 0.0000 0.0000
										CHANNELS 3 Zrotation Xrotation Yrotation
										JOINT LeftThumbDistal
										{
											OFFSET 2.5000 0.0000 0.0000
											CHANNELS 3 Zrotation Xrotation Yrotation
											End Site
											{
												OFFSET 0.0000 5.0000 0.0000
											}
										}
									}
								}
							}
						}
					}
				}
				JOINT RightShoulder
				{
					OFFSET -5.0000 18.0000 0.0000
					CHANNELS 3 Zrotation Xrotation Yrotation
					JOINT RightUpperArm
					{
						OFFSET -15.0000 0.0000 0.0000
						CHANNELS 3 Zrotation Xrotation Yrotation
						JOINT RightLowerArm
						{
							OFFSET -28.0000 0.0000 0.0000
							CHANNELS 3 Zrotation Xrotation Yrotation
							JOINT RightHand
							{
								OFFSET -25.0000 0.0000 0.0000
								CHANNELS 3 Zrotation Xrotation Yrotation
								JOINT RightIndexProximal
								{
									OFFSET -5.0000 -1.0000 1.0000
									CHANNELS 3 Zrotation Xrotation Yrotation
									JOINT RightIndexIntermediate
									{
										OFFSET -4.0000 0.0000 0.0000
										CHANNELS 3 Zrotation Xrotation Yrotation
										JOINT RightIndexDistal
										{
											OFFSET -3.0000 0.0000 0.0000
											CHANNELS 3 Zrotation Xrotation Yrotation
											End Site
											{
												OFFSET 0.0000 5.0000 0.0000
											}
										}
									}
								}
								JOINT RightMiddleProximal
								{
									OFFSET -5.0000 0.0000 0.0000
									CHANNELS 3 Zrotation Xrotation Yrotation
									JOINT RightMiddleIntermediate
									{
										OFFSET -4.0000 0.0000 0.0000
										CHANNELS 3 Zrotation Xrotation Yrotation
										JOINT RightMiddleDistal
										{
											OFFSET -3.0000 0.0000 0.0000
											CHANNELS 3 Zrotation Xrotation Yrotation
											End Site
											{
												OFFSET 0.0000 5.0000 0.0000
											}
										}
									}
								}
								JOINT RightLittleProximal
								{
									OFFSET -5.0000 1.5000 0.0000
									CHANNELS 3 Zrotation Xrotation Yrotation
									JOINT RightLittleIntermediate
									{
										OFFSET -3.0000 0.0000 0.0000
										CHANNELS 3 Zrotation Xrotation Yrotation
										JOINT RightLittleDistal
										{
											OFFSET -2.0000 0.0000 0.0000
											CHANNELS 3 Zrotation Xrotation Yrotation
											End Site
											{
												OFFSET 0.0000 5.0000 0.0000
											}
										}
									}
								}
								JOINT RightRingProximal
								{
									OFFSET -5.0000 0.8000 0.0000
									CHANNELS 3 Zrotation Xrotation Yrotation
									JOINT RightRingIntermediate
									{
										OFFSET -4.0000 0.0000 0.0000
										CHANNELS 3 Zrotation Xrotation Yrotation
										JOINT RightRingDistal
										{
											OFFSET -3.0000 0.0000 0.0000
											CHANNELS 3 Zrotation Xrotation Yrotation
											End Site
											{
												OFFSET 0.0000 5.0000 0.0000
											}
										}
									}
								}
								JOINT RightThumbProximal
								{
									OFFSET -3.0000 -2.0000 2.0000
									CHANNELS 3 Zrotation Xrotation Yrotation
									JOINT RightThumbIntermediate
									{
										OFFSET -3.0000 0.0000 0.0000
										CHANNELS 3 Zrotation Xrotation Yrotation
										JOINT RightThumbDistal
										{
											OFFSET -2.5000 0.0000 0.0000
											CHANNELS 3 Zrotation Xrotation Yrotation
											End Site
											{
												OFFSET 0.0000 5.0000 0.0000
											}
										}
									}
								}
							}
						}
					}
				}
			}
		}
	}
}
MOTION
Frames: 152
Frame Time: 0.033333
-0.001486 36.450367 -1.339639 -171.946686 86.537805 -4.068139 2.103522 7.116364 -1.997015 0.434013 -6.264357 2.886324 -0.640227 0.141492 -10.486671 -3.642538 -5.916045 -8.417136 -2.030549 7.631182 2.257456 0.517971 -4.896515 -4.591424 -4.846136 -2.652283 15.952963 8.474839 0.942416 -9.199862 0.016569 -1.207978 -0.673345 -1.111989 3.178323 2.700508 -0.271071 5.628891 1.537178 -2.617396 1.287645 0.693402 1.665552 8.490596 4.385409 -0.000000 0.000000 0.000000 -0.000000 0.000000 0.000000 -0.000000 0.000000 0.000000 23.192688 2.739425 -2.460340 49.642424 12.969851 8.215576 -3.853507 23.144612 26.915914 0.163104 4.639668 1.984883 -0.000000 0.000000 0.000000 -0.000000 0.000000 0.000000 -0.000000 0.000000 0.000000 -0.000000 0.000000 0.000000 -0.000000 0.000000 0.000000 -0.000000 0.000000 0.000000 -0.000000 0.000000 0.000000 -0.000000 0.000000 0.000000 -0.000000 0.000000 0.000000 -0.000000 0.000000 0.000000 -0.000000 0.000000 0.000000 -0.000000 0.000000 0.000000 -0.000000 0.000000 0.000000 -0.000000 0.000000 0.000000 -0.000000 0.000000 0.000000 -24.370831 0.058339 -2.042976 -47.325230 17.750148 -8.316388 1.907365 13.834385 -20.809716 0.175700 10.473985 -0.420972 -0.000000 0.000000 0.000000 -0.000000 0.000000 0.000000 -0.000000 0.000000 0.000000 -0.000000 0.000000 0.000000 -0.000000 0.000000 0.000000 -0.000000 0.000000 0.000000 -0.000000 0.000000 0.000000 -0.000000 0.000000 0.000000 -0.000000 0.000000 0.000000 -0.000000 0.000000 0.000000 -0.000000 0.000000 0.000000 -0.000000 0.000000 0.000000 -0.000000 0.000000 0.000000 -0.000000 0.000000 0.000000 -0.000000 0.000000 0.000000
0.058047 36.269978 -1.434485 -172.766695 87.002967 -3.052768 1.955591 6.219114 -2.162569 0.613391 -4.936402 3.466920 -0.475489 -0.570828 -11.546892 -3.495639 -5.683929 -7.603189 -2.029031 6.532557 2.194040 0.627816 -3.624056 -5.180846 -4.713185 -2.822579 16.507739 8.560766 0.942978 -8.513329 -0.231492 -0.608424 -0.608694 -0.996508 2.991284 2.710386 -0.615107 5.570532 1.482116 -1.372884 1.209798 1.158297 1.158369 6.565624 3.557034 -0.000000 0.000000 0.000000 -0.000000 0.000000 0.000000 -0.000000 0.000000 0.000000 22.601880 3.507572 -3.187698 48.206436 12.033188 5.289249 -2.310665 23.652771 26.326874 -3.018568 5.283110 3.365877 -0.000000 0.000000 0.000000 -0.000000 0.000000 0.000000 -0.000000 0.000000 0.000000 -0.000000 0.000000 0.000000 -0.000000 0.000000 0.000000 -0.000000 0.000000 0.000000 -0.000000 0.000000 0.000000 -0.000000 0.000000 0.000000 -0.000000 0.000000 0.000000 -0.000000 0.000000 0.000000 -0.000000 0.000000 0.000000 -0.000000 0.000000 0.000000 -0.000000 0.000000 0.000000 -0.000000 0.000000 0.000000 -0.000000 0.000000 0.000000 -23.008196 0.437390 -0.693922 -45.606292 15.902462 -6.056988 0.740522 15.327271 -20.892516 2.949475 12.409355 -1.033617 -0.000000 0.000000 0.000000 -0.000000 0.000000 0.000000 -0.000000 0.000000 0.000000 -0.000000 0.000000 0.000000 -0.000000 0.000000 0.000000 -0.000000 0.000000 0.000000 -0.000000 0.000000 0.000000 -0.000000 0.000000 0.000000 -0.000000 0.000000 0.000000 -0.000000 0.000000 0.000000 -0.000000 0.000000 0.000000 -0.000000 0.000000 0.000000 -0.000000 0.000000 0.000000 -0.000000 0.000000 0.000000 -0.000000 0.000000 0.000000
0.067737 36.030483 -1.516487 -172.401024 87.764571 -3.109871 1.669485 4.074077 -2.214840 0.968324 -2.236815 3.906336 -0.527620 -1.893438 -12.831094 -3.292041 -5.317804 -6.759184 -1.888229 4.781265 1.740172 0.590314 -2.026735 -6.050755 -4.518792 -3.347174 17.214199 8.528135 0.840636 -7.970488 -0.428090 0.685522 -0.527753 -0.834612 2.618331 2.638667 -1.019832 5.870357 1.462593 -0.183416 0.549656 1.723668 0.561723 3.620437 2.977185 -0.000000 0.000000 0.000000 -0.000000 0.000000 0.000000 -0.000000 0.000000 0.000000 22.016766 4.243696 -4.474581 46.034953 11.195433 1.574364 -0.862174 24.255520 26.169745 -5.799890 5.773979 4.646256 -0.000000 0.000000 0.000000 -0.000000 0.000000 0.000000 -0.000000 0.000000 0.000000 -0.000000 0.000000 0.000000 -0.000000 0.000000 0.000000 -0.000000 0.000000 0.000000 -0.000000 0.000000 0.000000 -0.000000 0.000000 0.000000 -0.000000 0.000000 0.000000 -0.000000 0.000000 0.000000 -0.000000 0.000000 0.000000 -0.000000 0.000000 0.000000 -0.000000 0.000000 0.000000 -0.000000 0.000000 0.000000 -0.000000 0.000000 0.000000 -21.564858 0.948719 0.814843 -43.369887 13.856442 -3.569542 -0.842857 17.150401 -20.542263 4.970732 14.245912 -1.725793 -0.000000 0.000000 0.000000 -0.000000 0.000000 0.000000 -0.000000 0.000000 0.000000 -0.000000 0.000000 0.000000 -0.000000 0.000000 0.000000 -0.000000 0.000000 0.000000 -0.000000 0.000000 0.000000 -0.000000 0.000000 0.000000 -0.000000 0.000000 0.000000 -0.000000 0.000000 0.000000 -0.000000 0.000000 0.000000 -0.000000 0.000000 0.000000 -0.000000 0.000000 0.000000 -0.000000 0.000000 0.000000 -0.000000 0.000000 0.000000
0.028780 35.713596 -1.696783 -171.250269 88.965903 -3.866002 1.081152 0.644027 -1.843162 1.544988 1.341578 4.249814 -0.478808 -3.195999 -14.250794 -3.212841 -5.097690 -5.824339 -1.759803 2.130004 1.121384 0.454949 0.414912 -6.924961 -4.276637 -4.259127 17.975794 8.453712 0.644755 -7.858464 -0.494851 2.382581 -0.463432 -0.651568 1.918910 2.572587 -1.435644 6.524281 1.621557 1.010207 -0.429176 1.963312 -0.109432 0.717889 2.005888 -0.000000 0.000000 0.000000 -0.000000 0.000000 0.000000 -0.000000 0.000000 0.000000 21.383206 5.030686 -6.558697 43.531664 9.978006 -2.673706 0.552055 24.579988 25.260029 -8.348609 6.082926 5.668584 -0.000000 0.000000 0.000000 -0.000000 0.000000 0.000000 -0.000000 0.000000 0.000000 -0.000000 0.000000 0.000000 -0.000000 0.000000 0.000000 -0.000000 0.000000 0.000000 -0.000000 0.000000 0.000000 -0.000000 0.000000 0.000000 -0.000000 0.000000 0.000000 -0.000000 0.000000 0.000000 -0.000000 0.000000 0.000000 -0.000000 0.000000 0.000000 -0.000000 0.000000 0.000000 -0.000000 0.000000 0.000000 -0.000000 0.000000 0.000000 -20.308363 1.307912 2.860857 -40.694148 11.704057 -0.675643 -2.851565 18.285999 -19.568051 6.944722 15.346429 -2.420833 -0.000000 0.000000 0.000000 -0.000000 0.000000 0.000000 -0.000000 0.000000 0.000000 -0.000000 0.000000 0.000000 -0.000000 0.000000 0.000000 -0.000000 0.000000 0.000000 -0.000000 0.000000 0.000000 -0.000000 0.000000 0.000000 -0.000000 0.000000 0.000000 -0.000000 0.000000 0.000000 -0.000000 0.000000 0.000000 -0.000000 0.000000 0.000000 -0.000000 0.000000 0.000000 -0.000000 0.000000 0.000000 -0.000000 0.000000 0.000000
-0.042048 35.285725 -2.101391 9.029653 89.386957 176.387547 0.376611 -3.501660 -1.263794 2.205302 5.310964 4.137247 -0.616494 -4.528345 -15.753373 -3.189766 -4.651664 -5.180150 -1.462471 -1.290994 0.390098 0.252115 3.351362 -7.723354 -3.869145 -5.372567 18.748678 7.898949 0.707298 -7.332115 -0.515326 4.331265 -0.376629 -0.389726 0.990791 2.543686 -1.804652 7.479927 1.804830 2.073362 -1.605885 2.081360 -0.652244 -2.582277 1.083884 -0.000000 0.000000 0.000000 -0.000000 0.000000 0.000000 -0.000000 0.000000 0.000000 20.792293 5.740986 -9.188731 41.179149 9.290605 -7.620107 2.304845 24.989000 23.354460 -9.978218 6.407548 6.254055 -0.000000 0.000000 0.000000 -0.000000 0.000000 0.000000 -0.000000 0.000000 0.000000 -0.000000 0.000000 0.000000 -0.000000 0.000000 0.000000 -0.000000 0.000000 0.000000 -0.000000 0.000000 0.000000 -0.000000 0.000000 0.000000 -0.000000 0.000000 0.000000 -0.000000 0.000000 0.000000 -0.000000 0.000000 0.000000 -0.000000 0.000000 0.000000 -0.000000 0.000000 0.000000 -0.000000 0.000000 0.000000 -0.000000 0.000000 0.000000 -19.046509 1.595908 5.362230 -37.694594 9.839884 2.187318 -5.093168 19.321796 -18.004938 8.434453 16.471689 -2.793871 -0.000000 0.000000 0.000000 -0.000000 0.000000 0.000000 -0.000000 0.000000 0.000000 -0.000000 0.000000 0.000000 -0.000000 0.000000 0.000000 -0.000000 0.000000 0.000000 -0.000000 0.000000 0.000000 -0.000000 0.000000 0.000000 -0.000000 0.000000 0.000000 -0.000000 0.000000 0.000000 -0.000000 0.000000 0.000000 -0.000000 0.000000 0.000000 -0.000000 0.000000 0.000000 -0.000000 0.000000 0.000000 -0.000000 0.000000 0.000000
-0.135213 34.703510 -2.852767 8.279374 87.393594 177.777822 -0.407524 -8.049072 -0.505413 3.005989 9.221889 3.876324 -1.053602 -6.016657 -17.302754 -3.341075 -4.278628 -4.660880 -1.258256 -5.209315 -0.787254 0.068403 6.821659 -8.411059 -3.464873 -6.859148 19.809386 7.339535 0.875012 -6.806912 -0.495148 6.067493 -0.203102 -0.129849 -0.062414 2.392065 -2.079223 8.692933 1.959810 2.775590 -2.876135 2.058251 -1.440273 -5.837995 0.213482 -0.000000 0.000000 0.000000 -0.000000 0.000000 0.000000 -0.000000 0.000000 0.000000 20.576328 6.406354 -12.127848 39.321491 9.121830 -13.036783 4.174355 25.610112 20.702229 -11.194241 6.117980 6.343081 -0.000000 0.000000 0.000000 -0.000000 0.000000 0.000000 -0.000000 0.000000 0.000000 -0.000000 0.000000 0.000000 -0.000000 0.000000 0.000000 -0.000000 0.000000 0.000000 -0.000000 0.000000 0.000000 -0.000000 0.000000 0.000000 -0.000000 0.000000 0.000000 -0.000000 0.000000 0.000000 -0.000000 0.000000 0.000000 -0.000000 0.000000 0.000000 -0.000000 0.000000 0.000000 -0.000000 0.000000 0.000000 -0.000000 0.000000 0.000000 -17.937042 2.002870 7.916859 -34.646078 8.544568 5.198368 -7.307374 19.340540 -15.813971 9.855535 16.960570 -2.949765 -0.000000 0.000000 0.000000 -0.000000 0.000000 0.000000 -0.000000 0.000000 0.000000 -0.000000 0.000000 0.000000 -0.000000 0.000000 0.000000 -0.000000 0.000000 0.000000 -0.000000 0.000000 0.000000 -0.000000 0.000000 0.000000 -0.000000 0.000000 0.000000 -0.000000 0.000000 0.000000 -0.000000 0.000000 0.000000 -0.000000 0.000000 0.000000 -0.000000 0.000000 0.000000 -0.000000 0.000000 0.000000 -0.000000 0.000000 0.000000
-0.167970 33.976494 -4.132275 8.460940 85.155285 178.421013 -1.218264 -13.019813 0.405482 3.909400 13.204254 3.629364 -1.738132 -7.396559 -18.852341 -3.506023 -4.176541 -4.205968 -1.167466 -9.772929 -2.030859 0.135089 10.941600 -9.572632 -2.832663 -8.587356 21.011385 7.226406 0.985993 -6.507184 -0.589034 7.912341 0.071732 0.269112 -1.337730 2.121074 -2.273115 10.185667 2.064419 3.290312 -4.093366 1.709333 -2.129921 -9.242791 -0.549414 -0.000000 0.000000 0.000000 -0.000000 0.000000 0.000000 -0.000000 0.000000 0.000000 20.586672 6.979612 -15.712324 38.254199 9.149075 -18.444346 6.116810 26.603402 16.986408 -11.678707 6.121245 5.928988 -0.000000 0.000000 0.000000 -0.000000 0.000000 0.000000 -0.000000 0.000000 0.000000 -0.000000 0.000000 0.000000 -0.000000 0.000000 0.000000 -0.000000 0.000000 0.000000 -0.000000 0.000000 0.000000 -0.000000 0.000000 0.000000 -0.000000 0.000000 0.000000 -0.000000 0.000000 0.000000 -0.000000 0.000000 0.000000 -0.000000 0.000000 0.000000 -0.000000 0.000000 0.000000 -0.000000 0.000000 0.000000 -0.000000 0.000000 0.000000 -16.672343 2.480659 10.663328 -32.355314 7.623755 8.389696 -9.204507 18.635580 -12.505289 10.822730 16.546275 -2.637082 -0.000000 0.000000 0.000000 -0.000000 0.000000 0.000000 -0.000000 0.000000 0.000000 -0.000000 0.000000 0.000000 -0.000000 0.000000 0.000000 -0.000000 0.000000 0.000000 -0.000000 0.000000 0.000000 -0.000000 0.000000 0.000000 -0.000000 0.000000 0.000000 -0.000000 0.000000 0.000000 -0.000000 0.000000 0.000000 -0.000000 0.000000 0.000000 -0.000000 0.000000 0.000000 -0.000000 0.000000 0.000000 -0.000000 0.000000 0.000000
-0.305569 33.220524 -6.099221 8.223347 82.946050 179.591466 -2.393808 -18.447916 0.830330 4.800789 17.269107 3.348604 -2.909999 -9.023126 -20.333572 -3.425769 -4.320561 -4.216193 -1.507399 -15.302718 -3.407180 0.156554 16.895966 -10.011826 -1.403475 -11.136691 22.142427 6.884071 1.162973 -6.048838 -0.789019 10.468816 0.492061 0.715119 -3.211755 1.695268 -2.364243 11.698888 2.143736 3.378039 -5.290126 1.200843 -2.808344 -12.414420 -1.074599 -0.000000 0.000000 0.000000 -0.000000 0.000000 0.000000 -0.000000 0.000000 0.000000 20.605401 7.510343 -19.062570 37.505782 9.012493 -23.816361 7.240264 27.058286 13.420315 -11.688748 5.997505 5.063339 -0.000000 0.000000 0.000000 -0.000000 0.000000 0.000000 -0.000000 0.000000 0.000000 -0.000000 0.000000 0.000000 -0.000000 0.000000 0.000000 -0.000000 0.000000 0.000000 -0.000000 0.000000 0.000000 -0.000000 0.000000 0.000000 -0.000000 0.000000 0.000000 -0.000000 0.000000 0.000000 -0.000000 0.000000 0.000000 -0.000000 0.000000 0.000000 -0.000000 0.000000 0.000000 -0.000000 0.000000 0.000000 -0.000000 0.000000 0.000000 -15.401018 3.047443 13.310772 -30.657531 7.039322 11.694395 -9.850981 17.759410 -8.659861 10.713510 16.674272 -2.059024 -0.000000 0.000000 0.000000 -0.000000 0.000000 0.000000 -0.000000 0.000000 0.000000 -0.000000 0.000000 0.000000 -0.000000 0.000000 0.000000 -0.000000 0.000000 0.000000 -0.000000 0.000000 0.000000 -0.000000 0.000000 0.000000 -0.000000 0.000000 0.000000 -0.000000 0.000000 0.000000 -0.000000 0.000000 0.000000 -0.000000 0.000000 0.000000 -0.000000 0.000000 0.000000 -0.000000 0.000000 0.000000 -0.000000 0.000000 0.000000
-0.231522 32.611435 -7.448278 8.145831 81.381245 -179.517857 -3.390355 -24.062917 -0.434618 5.806583 24.364666 3.583359 -5.406645 -12.530555 -21.673715 -1.181504 -0.696381 -0.880436 -1.429921 -21.873217 -4.507563 0.078558 26.097855 -8.816723 1.662380 -15.785026 22.126008 2.319699 0.678287 -2.060654 -0.721127 14.164978 0.182501 0.490181 -2.490033 1.534968 -2.427316 10.208230 1.800482 5.109765 -6.047361 1.989402 -3.186520 -16.463533 0.039230 -0.000000 0.000000 0.000000 -0.000000 0.000000 0.000000 -0.000000 0.000000 0.000000 18.430347 7.911585 -20.262139 37.087631 9.258998 -27.655255 5.423583 28.285758 11.329172 -14.164104 9.448690 7.763252 -0.000000 0.000000 0.000000 -0.000000 0.000000 0.000000 -0.000000 0.000000 0.000000 -0.000000 0.000000 0.000000 -0.000000 0.000000 0.000000 -0.000000 0.000000 0.000000 -0.000000 0.000000 0.000000 -0.000000 0.000000 0.000000 -0.000000 0.000000 0.000000 -0.000000 0.000000 0.000000 -0.000000 0.000000 0.000000 -0.000000 0.000000 0.000000 -0.000000 0.000000 0.000000 -0.000000 0.000000 0.000000 -0.000000 0.000000 0.000000 -14.702826 3.935391 14.925566 -32.964512 6.011080 18.296036 -8.558584 20.891351 -6.888786 11.288417 17.368047 -2.908869 -0.000000 0.000000 0.000000 -0.000000 0.000000 0.000000 -0.000000 0.000000 0.000000 -0.000000 0.000000 0.000000 -0.000000 0.000000 0.000000 -0.000000 0.000000 0.000000 -0.000000 0.000000 0.000000 -0.000000 0.000000 0.000000 -0.000000 0.000000 0.000000 -0.000000 0.000000 0.000000 -0.000000 0.000000 0.000000 -0.000000 0.000000 0.000000 -0.000000 0.000000 0.000000 -0.000000 0.000000 0.000000 -0.000000 0.000000 0.000000
-0.244098 31.877644 -8.824420 7.855011 79.922700 -179.294105 -4.324633 -28.689837 -0.400965 7.119782 28.572321 2.951553 -6.573227 -14.140725 -22.377226 -0.577746 -0.446927 -0.620461 -1.600244 -26.606213 -4.987776 -0.232676 31.471163 -8.122899 3.009435 -18.076838 23.082436 1.288625 0.432989 -1.096657 -0.705026 17.275985 0.379008 0.364637 -3.179420 1.402372 -2.604752 10.178273 1.938220 5.711814 -6.587312 1.902574 -3.225545 -18.757542 0.098071 -0.000000 0.000000 0.000000 -0.000000 0.000000 0.000000 -0.000000 0.000000 0.000000 17.461257 8.039126 -21.690832 35.117811 8.772239 -29.198859 5.122907 27.501707 7.973858 -15.599225 11.351814 8.874813 -0.000000 0.000000 0.000000 -0.000000 0.000000 0.000000 -0.000000 0.000000 0.000000 -0.000000 0.000000 0.000000 -0.000000 0.000000 0.000000 -0.000000 0.000000 0.000000 -0.000000 0.000000 0.000000 -0.000000 0.000000 0.000000 -0.000000 0.000000 0.000000 -0.000000 0.000000 0.000000 -0.000000 0.000000 0.000000 -0.000000 0.000000 0.000000 -0.000000 0.000000 0.000000 -0.000000 0.000000 0.000000 -0.000000 0.000000 0.000000 -13.418965 4.270665 16.700467 -32.130431 6.215987 21.422509 -7.749633 21.392512 -4.757949 11.251813 17.527963 -3.541342 -0.000000 0.000000 0.000000 -0.000000 0.000000 0.000000 -0.000000 0.000000 0.000000 -0.000000 0.000000 0.000000 -0.000000 0.000000 0.000000 -0.000000 0.000000 0.000000 -0.000000 0.000000 0.000000 -0.000000 0.000000 0.000000 -0.000000 0.000000 0.000000 -0.000000 0.000000 0.000000 -0.000000 0.000000 0.000000 -0.000000 0.000000 0.000000 -0.000000 0.000000 0.000000 -0.000000 0.000000 0.000000 -0.000000 0.000000 0.000000
-0.136958 31.135601 -10.074553 7.922265 78.435827 -179.635002 -5.183386 -33.366590 -0.523352 8.646705 32.132715 1.634008 -7.565031 -15.472893 -22.987461 -0.308380 -0.250409 -0.498892 -1.434200 -31.056389 -5.256774 -0.878157 36.215475 -6.955370 3.770826 -19.307418 23.951174 0.761855 0.315373 -0.623234 -0.832457 20.309803 0.551324 0.271319 -3.894138 1.293789 -2.799651 10.086431 2.102754 6.244940 -7.176684 1.684224 -3.287994 -20.778894 0.585734 -0.000000 0.000000 0.000000 -0.000000 0.000000 0.000000 -0.000000 0.000000 0.000000 16.800734 8.290832 -22.515132 33.135498 8.440967 -30.554401 4.882676 26.876036 4.913522 -16.846932 12.916560 9.572172 -0.000000 0.000000 0.000000 -0.000000 0.000000 0.000000 -0.000000 0.000000 0.000000 -0.000000 0.000000 0.000000 -0.000000 0.000000 0.000000 -0.000000 0.000000 0.000000 -0.000000 0.000000 0.000000 -0.000000 0.000000 0.000000 -0.000000 0.000000 0.000000 -0.000000 0.000000 0.000000 -0.000000 0.000000 0.000000 -0.000000 0.000000 0.000000 -0.000000 0.000000 0.000000 -0.000000 0.000000 0.000000 -0.000000 0.000000 0.000000 -12.405166 4.778496 17.973872 -32.015904 6.290146 24.704476 -7.185355 21.848641 -2.777558 11.176823 17.131112 -3.820302 -0.000000 0.000000 0.000000 -0.000000 0.000000 0.000000 -0.000000 0.000000 0.000000 -0.000000 0.000000 0.000000 -0.000000 0.000000 0.000000 -0.000000 0.000000 0.000000 -0.000000 0.000000 0.000000 -0.000000 0.000000 0.000000 -0.000000 0.000000 0.000000 -0.000000 0.000000 0.000000 -0.000000 0.000000 0.000000 -0.000000 0.000000 0.000000 -0.000000 0.000000 0.000000 -0.000000 0.000000 0.000000 -0.000000 0.000000 0.000000
0.034595 30.371264 -11.418186 8.111774 76.830624 179.765692 -6.088569 -38.686302 -0.732082 10.675668 35.927195 -0.470871 -8.553628 -16.465341 -23.411073 -0.207874 -0.238288 -0.467838 -1.097132 -35.694863 -5.457091 -2.004546 41.059141 -5.199596 4.527023 -20.327324 24.758843 0.658640 0.296355 -0.541594 -1.026850 23.350967 0.630224 0.234110 -4.885581 1.115459 -3.034277 10.090531 2.252285 6.751865 -8.025887 1.738479 -3.518022 -22.505572 0.838712 -0.000000 0.000000 0.000000 -0.000000 0.000000 0.000000 -0.000000 0.000000 0.000000 16.486103 8.698075 -22.833851 32.117432 7.788087 -31.351945 4.607121 26.094848 2.545402 -18.102785 13.477495 10.042351 -0.000000 0.000000 0.000000 -0.000000 0.000000 0.000000 -0.000000 0.000000 0.000000 -0.000000 0.000000 0.000000 -0.000000 0.000000 0.000000 -0.000000 0.000000 0.000000 -0.000000 0.000000 0.000000 -0.000000 0.000000 0.000000 -0.000000 0.000000 0.000000 -0.000000 0.000000 0.000000 -0.000000 0.000000 0.000000 -0.000000 0.000000 0.000000 -0.000000 0.000000 0.000000 -0.000000 0.000000 0.000000 -0.000000 0.000000 0.000000 -11.789319 5.410417 18.857789 -32.601147 6.177232 27.735268 -6.659143 21.762185 -1.572329 11.355253 16.012225 -4.138395 -0.000000 0.000000 0.000000 -0.000000 0.000000 0.000000 -0.000000 0.000000 0.000000 -0.000000 0.000000 0.000000 -0.000000 0.000000 0.000000 -0.000000 0.000000 0.000000 -0.000000 0.000000 0.000000 -0.000000 0.000000 0.000000 -0.000000 0.000000 0.000000 -0.000000 0.000000 0.000000 -0.000000 0.000000 0.000000 -0.000000 0.000000 0.000000 -0.000000 0.000000 0.000000 -0.000000 0.000000 0.000000 -0.000000 0.000000 0.000000
0.264648 29.616032 -13.102877 7.881706 74.992593 179.667898 -7.074595 -44.211893 -1.073634 12.962944 39.359062 -3.219763 -9.724840 -17.451108 -23.912504 -0.145081 -0.199650 -0.411426 -0.729544 -40.672535 -5.754919 -3.798343 45.681460 -2.881852 5.209895 -21.077740 25.254521 0.534722 0.287708 -0.367212 -1.342526 26.472814 0.990069 0.243964 -6.190918 1.005607 -3.178067 10.231684 2.421957 7.400973 -8.911190 2.019071 -3.764610 -23.895426 0.975458 -0.000000 0.000000 0.000000 -0.000000 0.000000 0.000000 -0.000000 0.000000 0.000000 16.756538 8.862097 -22.775410 32.028210 6.983677 -31.726216 4.208531 25.142750 1.297365 -20.040113 13.568597 10.348886 -0.000000 0.000000 0.000000 -0.000000 0.000000 0.000000 -0.000000 0.000000 0.000000 -0.000000 0.000000 0.000000 -0.000000 0.000000 0.000000 -0.000000 0.000000 0.000000 -0.000000 0.000000 0.000000 -0.000000 0.000000 0.000000 -0.000000 0.000000 0.000000 -0.000000 0.000000 0.000000 -0.000000 0.000000 0.000000 -0.000000 0.000000 0.000000 -0.000000 0.000000 0.000000 -0.000000 0.000000 0.000000 -0.000000 0.000000 0.000000 -11.477611 5.969114 19.255617 -33.869516 5.858768 29.843786 -6.050666 21.366862 -1.512971 12.167371 14.669248 -4.382074 -0.000000 0.000000 0.000000 -0.000000 0.000000 0.000000 -0.000000 0.000000 0.000000 -0.000000 0.000000 0.000000 -0.000000 0.000000 0.000000 -0.000000 0.000000 0.000000 -0.000000 0.000000 0.000000 -0.000000 0.000000 0.000000 -0.000000 0.000000 0.000000 -0.000000 0.000000 0.000000 -0.000000 0.000000 0.000000 -0.000000 0.000000 0.000000 -0.000000 0.000000 0.000000 -0.000000 0.000000 0.000000 -0.000000 0.000000 0.000000
0.461401 28.722757 -15.331632 7.403510 72.860853 179.808959 -8.287700 -50.324576 -1.696215 16.215331 43.152807 -7.103408 -11.350373 -19.005115 -24.592214 -0.134158 -0.125851 -0.324330 -0.346272 -46.416687 -6.264920 -6.561642 50.661692 0.367645 6.150218 -22.278120 25.789331 0.375930 0.272419 -0.216279 -1.790727 29.413966 1.521886 0.125364 -7.460088 0.810221 -3.322320 10.315055 2.610288 8.113128 -10.226793 2.453413 -4.182319 -25.155164 0.801152 -0.000000 0.000000 0.000000 -0.000000 0.000000 0.000000 -0.000000 0.000000 0.000000 17.606940 8.990522 -22.260100 32.970816 6.119263 -31.594224 3.847077 23.935705 0.822908 -21.994921 12.422031 10.332116 -0.000000 0.000000 0.000000 -0.000000 0.000000 0.000000 -0.000000 0.000000 0.000000 -0.000000 0.000000 0.000000 -0.000000 0.000000 0.000000 -0.000000 0.000000 0.000000 -0.000000 0.000000 0.000000 -0.000000 0.000000 0.000000 -0.000000 0.000000 0.000000 -0.000000 0.000000 0.000000 -0.000000 0.000000 0.000000 -0.000000 0.000000 0.000000 -0.000000 0.000000 0.000000 -0.000000 0.000000 0.000000 -0.000000 0.000000 0.000000 -11.630747 6.605087 19.322366 -35.694608 5.704261 31.145357 -5.614061 20.229513 -2.166719 13.441963 12.786025 -4.620875 -0.000000 0.000000 0.000000 -0.000000 0.000000 0.000000 -0.000000 0.000000 0.000000 -0.000000 0.000000 0.000000 -0.000000 0.000000 0.000000 -0.000000 0.000000 0.000000 -0.000000 0.000000 0.000000 -0.000000 0.000000 0.000000 -0.000000 0.000000 0.000000 -0.000000 0.000000 0.000000 -0.000000 0.000000 0.000000 -0.000000 0.000000 0.000000 -0.000000 0.000000 0.000000 -0.000000 0.000000 0.000000 -0.000000 0.000000 0.000000
0.677550 27.808830 -18.072964 6.984375 70.395199 -179.955327 -10.152337 -57.513604 -2.876720 20.999147 47.608636 -12.505015 -13.380535 -20.718366 -25.119356 -0.175716 -0.062369 -0.291128 0.154436 -53.155126 -6.807733 -10.566248 56.114188 4.807512 7.492165 -23.975664 26.165280 0.294413 0.270944 -0.106569 -2.375650 32.591877 2.245098 0.070375 -9.126694 0.518921 -3.453373 10.297122 2.778537 8.772433 -11.901264 2.753228 -4.610006 -26.330669 0.601040 -0.000000 0.000000 0.000000 -0.000000 0.000000 0.000000 -0.000000 0.000000 0.000000 18.756944 8.951829 -21.430189 34.590701 4.863166 -30.790557 3.476862 22.641248 1.479913 -24.104732 9.986116 9.815208 -0.000000 0.000000 0.000000 -0.000000 0.000000 0.000000 -0.000000 0.000000 0.000000 -0.000000 0.000000 0.000000 -0.000000 0.000000 0.000000 -0.000000 0.000000 0.000000 -0.000000 0.000000 0.000000 -0.000000 0.000000 0.000000 -0.000000 0.000000 0.000000 -0.000000 0.000000 0.000000 -0.000000 0.000000 0.000000 -0.000000 0.000000 0.000000 -0.000000 0.000000 0.000000 -0.000000 0.000000 0.000000 -0.000000 0.000000 0.000000 -12.035157 7.030005 18.892670 -38.265132 5.009149 31.094638 -5.033272 18.948176 -3.376911 15.034972 10.023192 -4.580038 -0.000000 0.000000 0.000000 -0.000000 0.000000 0.000000 -0.000000 0.000000 0.000000 -0.000000 0.000000 0.000000 -0.000000 0.000000 0.000000 -0.000000 0.000000 0.000000 -0.000000 0.000000 0.000000 -0.000000 0.000000 0.000000 -0.000000 0.000000 0.000000 -0.000000 0.000000 0.000000 -0.000000 0.000000 0.000000 -0.000000 0.000000 0.000000 -0.000000 0.000000 0.000000 -0.000000 0.000000 0.000000 -0.000000 0.000000 0.000000
0.845291 26.970655 -21.206810 6.724272 67.717386 -179.773059 -13.601583 -65.007533 -5.589806 27.664019 52.264561 -19.792631 -15.350187 -22.593537 -25.511888 -0.201493 -0.086018 -0.292878 0.924212 -60.053899 -7.127182 -17.030567 61.387949 11.790523 9.378134 -25.924514 26.816647 0.247058 0.293451 0.013353 -2.816439 35.567828 2.803147 -0.043712 -10.934526 0.271981 -3.540327 10.404143 2.922068 9.347311 -13.884984 2.911127 -4.833995 -27.346798 0.559495 -0.000000 0.000000 0.000000 -0.000000 0.000000 0.000000 -0.000000 0.000000 0.000000 20.172814 9.043083 -20.140456 36.472146 3.105426 -29.461129 2.772295 20.868950 3.401026 -26.013117 7.564246 8.518287 -0.000000 0.000000 0.000000 -0.000000 0.000000 0.000000 -0.000000 0.000000 0.000000 -0.000000 0.000000 0.000000 -0.000000 0.000000 0.000000 -0.000000 0.000000 0.000000 -0.000000 0.000000 0.000000 -0.000000 0.000000 0.000000 -0.000000 0.000000 0.000000 -0.000000 0.000000 0.000000 -0.000000 0.000000 0.000000 -0.000000 0.000000 0.000000 -0.000000 0.000000 0.000000 -0.000000 0.000000 0.000000 -0.000000 0.000000 0.000000 -12.974434 7.433866 18.201562 -40.494620 3.736819 29.987564 -4.044977 17.660528 -4.841340 16.593963 7.467870 -4.295363 -0.000000 0.000000 0.000000 -0.000000 0.000000 0.000000 -0.000000 0.000000 0.000000 -0.000000 0.000000 0.000000 -0.000000 0.000000 0.000000 -0.000000 0.000000 0.000000 -0.000000 0.000000 0.000000 -0.000000 0.000000 0.000000 -0.000000 0.000000 0.000000 -0.000000 0.000000 0.000000 -0.000000 0.000000 0.000000 -0.000000 0.000000 0.000000 -0.000000 0.000000 0.000000 -0.000000 0.000000 0.000000 -0.000000 0.000000 0.000000
1.105513 26.284882 -24.941446 6.450629 64.631524 -179.411741 -22.295411 -72.385796 -13.702606 35.740496 56.662957 -29.600722 -16.160729 -25.113829 -24.216865 -0.200285 0.162904 -0.111276 4.243199 -70.199942 -4.085168 -27.949313 68.272321 24.166645 10.528675 -28.177774 25.677737 0.029013 0.071274 -0.173197 -2.777538 37.327894 3.143050 -0.470647 -10.509504 -0.239717 -3.508710 7.558820 2.288599 10.253482 -15.429697 2.911110 -4.454527 -30.409647 0.433491 -0.000000 0.000000 0.000000 -0.000000 0.000000 0.000000 -0.000000 0.000000 0.000000 20.178018 7.944330 -16.503730 35.467924 0.279328 -28.312759 -0.505828 13.445639 9.787143 -27.626162 5.180057 7.977401 -0.000000 0.000000 0.000000 -0.000000 0.000000 0.000000 -0.000000 0.000000 0.000000 -0.000000 0.000000 0.000000 -0.000000 0.000000 0.000000 -0.000000 0.000000 0.000000 -0.000000 0.000000 0.000000 -0.000000 0.000000 0.000000 -0.000000 0.000000 0.000000 -0.000000 0.000000 0.000000 -0.000000 0.000000 0.000000 -0.000000 0.000000 0.000000 -0.000000 0.000000 0.000000 -0.000000 0.000000 0.000000 -0.000000 0.000000 0.000000 -13.845520 7.610723 12.608962 -41.528349 1.880656 27.444861 -1.560525 14.186963 -9.028249 17.522095 8.234939 -5.676337 -0.000000 0.000000 0.000000 -0.000000 0.000000 0.000000 -0.000000 0.000000 0.000000 -0.000000 0.000000 0.000000 -0.000000 0.000000 0.000000 -0.000000 0.000000 0.000000 -0.000000 0.000000 0.000000 -0.000000 0.000000 0.000000 -0.000000 0.000000 0.000000 -0.000000 0.000000 0.000000 -0.000000 0.000000 0.000000 -0.000000 0.000000 0.000000 -0.000000 0.000000 0.000000 -0.000000 0.000000 0.000000 -0.000000 0.000000 0.000000
1.177007 26.438591 -27.993843 5.783727 63.732687 -179.196072 -30.681432 -77.270368 -20.804584 47.036276 61.473352 -41.196964 -16.992783 -27.783161 -22.480873 -0.140077 0.165026 -0.096783 9.308992 -75.817156 0.562995 -46.417231 73.328871 43.938567 10.997444 -30.284077 24.391970 0.040947 0.065928 -0.094212 -2.354789 39.592292 2.927642 -1.001373 -10.180405 -0.161810 -3.753007 6.007862 2.246212 11.137448 -15.869221 3.361083 -4.364497 -30.517297 0.625894 -0.000000 0.000000 0.000000 -0.000000 0.000000 0.000000 -0.000000 0.000000 0.000000 21.975729 7.070353 -13.241989 38.528953 -1.883370 -23.579564 -3.184583 9.988617 14.753394 -28.382099 6.233771 7.907166 -0.000000 0.000000 0.000000 -0.000000 0.000000 0.000000 -0.000000 0.000000 0.000000 -0.000000 0.000000 0.000000 -0.000000 0.000000 0.000000 -0.000000 0.000000 0.000000 -0.000000 0.000000 0.000000 -0.000000 0.000000 0.000000 -0.000000 0.000000 0.000000 -0.000000 0.000000 0.000000 -0.000000 0.000000 0.000000 -0.000000 0.000000 0.000000 -0.000000 0.000000 0.000000 -0.000000 0.000000 0.000000 -0.000000 0.000000 0.000000 -16.549292 7.461466 9.164325 -42.678438 1.574058 22.587793 0.227787 13.040776 -14.090997 18.892488 8.942102 -6.801003 -0.000000 0.000000 0.000000 -0.000000 0.000000 0.000000 -0.000000 0.000000 0.000000 -0.000000 0.000000 0.000000 -0.000000 0.000000 0.000000 -0.000000 0.000000 0.000000 -0.000000 0.000000 0.000000 -0.000000 0.000000 0.000000 -0.000000 0.000000 0.000000 -0.000000 0.000000 0.000000 -0.000000 0.000000 0.000000 -0.000000 0.000000 0.000000 -0.000000 0.000000 0.000000 -0.000000 0.000000 0.000000 -0.000000 0.000000 0.000000
1.115522 26.912043 -30.558365 5.027329 63.509417 -178.872127 -41.063237 -80.433494 -30.068194 60.335591 64.761487 -54.966831 -17.132612 -30.292692 -20.972578 -0.095118 0.213209 -0.075202 18.652763 -79.499213 9.724697 -71.437224 75.543214 69.992060 10.911401 -31.437589 22.660138 0.051998 0.029156 -0.040509 -1.639206 41.426155 2.388563 -1.670840 -9.309079 -0.130588 -4.023868 3.705750 2.050484 11.920927 -15.430619 3.837519 -4.517318 -30.327351 0.496900 -0.000000 0.000000 0.000000 -0.000000 0.000000 0.000000 -0.000000 0.000000 0.000000 23.113306 6.150961 -8.221581 41.055224 -2.859795 -17.115700 -5.811386 5.345693 19.780579 -28.965498 6.151604 7.323872 -0.000000 0.000000 0.000000 -0.000000 0.000000 0.000000 -0.000000 0.000000 0.000000 -0.000000 0.000000 0.000000 -0.000000 0.000000 0.000000 -0.000000 0.000000 0.000000 -0.000000 0.000000 0.000000 -0.000000 0.000000 0.000000 -0.000000 0.000000 0.000000 -0.000000 0.000000 0.000000 -0.000000 0.000000 0.000000 -0.000000 0.000000 0.000000 -0.000000 0.000000 0.000000 -0.000000 0.000000 0.000000 -0.000000 0.000000 0.000000 -18.639780 7.749746 3.638967 -42.708904 1.783426 15.733697 1.857116 11.211670 -18.888091 20.058644 8.871510 -7.764516 -0.000000 0.000000 0.000000 -0.000000 0.000000 0.000000 -0.000000 0.000000 0.000000 -0.000000 0.000000 0.000000 -0.000000 0.000000 0.000000 -0.000000 0.000000 0.000000 -0.000000 0.000000 0.000000 -0.000000 0.000000 0.000000 -0.000000 0.000000 0.000000 -0.000000 0.000000 0.000000 -0.000000 0.000000 0.000000 -0.000000 0.000000 0.000000 -0.000000 0.000000 0.000000 -0.000000 0.000000 0.000000 -0.000000 0.000000 0.000000
0.939436 27.853071 -32.477631 4.396102 64.013637 -178.379007 -48.813386 -81.526442 -36.830985 73.209473 66.504890 -68.793783 -18.066636 -32.863655 -21.026779 -0.055916 0.227337 -0.066318 25.778862 -80.803295 16.813692 -93.728551 75.260359 92.878690 11.101992 -32.400543 21.535800 0.028216 -0.005257 -0.077426 -0.714067 42.824009 1.533629 -2.211137 -8.930345 -0.235014 -4.154421 1.693581 1.859179 11.967022 -15.473498 3.862038 -4.623560 -29.289177 0.076513 -0.000000 0.000000 0.000000 -0.000000 0.000000 0.000000 -0.000000 0.000000 0.000000 23.598914 5.162550 -2.567954 42.123257 -2.917774 -9.877972 -8.002310 0.655761 25.063022 -30.041537 6.213799 7.594457 -0.000000 0.000000 0.000000 -0.000000 0.000000 0.000000 -0.000000 0.000000 0.000000 -0.000000 0.000000 0.000000 -0.000000 0.000000 0.000000 -0.000000 0.000000 0.000000 -0.000000 0.000000 0.000000 -0.000000 0.000000 0.000000 -0.000000 0.000000 0.000000 -0.000000 0.000000 0.000000 -0.000000 0.000000 0.000000 -0.000000 0.000000 0.000000 -0.000000 0.000000 0.000000 -0.000000 0.000000 0.000000 -0.000000 0.000000 0.000000 -19.876461 7.989549 -2.390595 -40.959376 1.391523 7.896735 3.651731 8.472240 -23.804780 21.811689 7.650300 -8.347278 -0.000000 0.000000 0.000000 -0.000000 0.000000 0.000000 -0.000000 0.000000 0.000000 -0.000000 0.000000 0.000000 -0.000000 0.000000 0.000000 -0.000000 0.000000 0.000000 -0.000000 0.000000 0.000000 -0.000000 0.000000 0.000000 -0.000000 0.000000 0.000000 -0.000000 0.000000 0.000000 -0.000000 0.000000 0.000000 -0.000000 0.000000 0.000000 -0.000000 0.000000 0.000000 -0.000000 0.000000 0.000000 -0.000000 0.000000 0.000000
0.725159 29.256615 -33.739925 3.706701 65.242888 -177.299914 -46.121830 -81.091821 -32.731788 80.993092 67.590105 -78.049841 -19.854036 -35.367972 -22.634284 0.027074 0.177012 -0.110307 23.467043 -80.177073 14.670586 -107.484412 74.273299 106.635447 11.218619 -33.524843 21.085462 0.003414 -0.003392 -0.011152 0.590118 43.254456 0.473059 -2.421338 -9.625831 -0.484467 -3.983314 0.596955 1.648199 11.324465 -16.556769 4.375500 -4.224906 -27.476897 0.402318 -0.000000 0.000000 0.000000 -0.000000 0.000000 0.000000 -0.000000 0.000000 0.000000 22.881850 3.611043 1.437874 42.094499 -2.464611 -4.556820 -10.191856 -1.509308 32.043013 -31.563520 6.725278 9.618099 -0.000000 0.000000 0.000000 -0.000000 0.000000 0.000000 -0.000000 0.000000 0.000000 -0.000000 0.000000 0.000000 -0.000000 0.000000 0.000000 -0.000000 0.000000 0.000000 -0.000000 0.000000 0.000000 -0.000000 0.000000 0.000000 -0.000000 0.000000 0.000000 -0.000000 0.000000 0.000000 -0.000000 0.000000 0.000000 -0.000000 0.000000 0.000000 -0.000000 0.000000 0.000000 -0.000000 0.000000 0.000000 -0.000000 0.000000 0.000000 -19.451228 7.187001 -6.790596 -38.235368 0.225550 0.579775 6.145504 5.622143 -31.504217 23.430159 5.842323 -9.585958 -0.000000 0.000000 0.000000 -0.000000 0.000000 0.000000 -0.000000 0.000000 0.000000 -0.000000 0.000000 0.000000 -0.000000 0.000000 0.000000 -0.000000 0.000000 0.000000 -0.000000 0.000000 0.000000 -0.000000 0.000000 0.000000 -0.000000 0.000000 0.000000 -0.000000 0.000000 0.000000 -0.000000 0.000000 0.000000 -0.000000 0.000000 0.000000 -0.000000 0.000000 0.000000 -0.000000 0.000000 0.000000 -0.000000 0.000000 0.000000
0.526356 30.929276 -33.844250 2.766837 66.848169 -175.630324 -34.381158 -78.348233 -20.377213 80.083830 68.661191 -78.237310 -21.502245 -36.510908 -24.929699 0.042268 0.153814 -0.122223 14.081990 -77.151595 5.365928 -109.315174 74.490294 108.250774 10.978849 -34.673830 20.909525 -0.010376 -0.000943 0.052029 1.758753 42.096303 -0.201826 -2.291697 -10.744210 -0.754666 -3.692047 0.352922 1.258414 10.293765 -17.489871 4.302302 -3.818718 -25.409397 1.446991 -0.000000 0.000000 0.000000 -0.000000 0.000000 0.000000 -0.000000 0.000000 0.000000 20.614803 1.479518 3.398282 38.966193 -1.868237 -1.137163 -12.653580 -2.690349 42.630850 -32.909052 6.483446 12.056910 -0.000000 0.000000 0.000000 -0.000000 0.000000 0.000000 -0.000000 0.000000 0.000000 -0.000000 0.000000 0.000000 -0.000000 0.000000 0.000000 -0.000000 0.000000 0.000000 -0.000000 0.000000 0.000000 -0.000000 0.000000 0.000000 -0.000000 0.000000 0.000000 -0.000000 0.000000 0.000000 -0.000000 0.000000 0.000000 -0.000000 0.000000 0.000000 -0.000000 0.000000 0.000000 -0.000000 0.000000 0.000000 -0.000000 0.000000 0.000000 -16.866425 5.300910 -9.520853 -34.405919 -0.865896 -4.932019 9.362717 2.395702 -45.326517 24.053814 1.836459 -9.849683 -0.000000 0.000000 0.000000 -0.000000 0.000000 0.000000 -0.000000 0.000000 0.000000 -0.000000 0.000000 0.000000 -0.000000 0.000000 0.000000 -0.000000 0.000000 0.000000 -0.000000 0.000000 0.000000 -0.000000 0.000000 0.000000 -0.000000 0.000000 0.000000 -0.000000 0.000000 0.000000 -0.000000 0.000000 0.000000 -0.000000 0.000000 0.000000 -0.000000 0.000000 0.000000 -0.000000 0.000000 0.000000 -0.000000 0.000000 0.000000
0.247770 33.059059 -32.403957 1.518899 68.722986 -173.592658 -23.776238 -73.134726 -10.236694 68.418933 69.308993 -67.069153 -22.117081 -35.734150 -26.688122 0.013045 0.179486 -0.096182 6.522613 -71.380811 -1.261787 -97.201914 76.512272 95.273054 10.206143 -34.190727 20.874394 0.012193 0.007177 0.065268 2.406930 38.348991 -0.563614 -1.939224 -11.601232 -0.722280 -3.327140 0.948539 0.688290 9.336393 -17.167581 3.806168 -3.379326 -23.117145 1.823969 -0.000000 0.000000 0.000000 -0.000000 0.000000 0.000000 -0.000000 0.000000 0.000000 16.532041 -0.292423 3.234983 32.589667 -2.259154 0.214766 -14.518469 -5.117599 57.248380 -32.491386 4.965585 13.146161 -0.000000 0.000000 0.000000 -0.000000 0.000000 0.000000 -0.000000 0.000000 0.000000 -0.000000 0.000000 0.000000 -0.000000 0.000000 0.000000 -0.000000 0.000000 0.000000 -0.000000 0.000000 0.000000 -0.000000 0.000000 0.000000 -0.000000 0.000000 0.000000 -0.000000 0.000000 0.000000 -0.000000 0.000000 0.000000 -0.000000 0.000000 0.000000 -0.000000 0.000000 0.000000 -0.000000 0.000000 0.000000 -0.000000 0.000000 0.000000 -13.069352 2.827183 -10.003473 -29.744032 -1.474821 -7.910947 12.501487 -2.798333 -65.014047 22.075809 -3.116870 -9.875844 -0.000000 0.000000 0.000000 -0.000000 0.000000 0.000000 -0.000000 0.000000 0.000000 -0.000000 0.000000 0.000000 -0.000000 0.000000 0.000000 -0.000000 0.000000 0.000000 -0.000000 0.000000 0.000000 -0.000000 0.000000 0.000000 -0.000000 0.000000 0.000000 -0.000000 0.000000 0.000000 -0.000000 0.000000 0.000000 -0.000000 0.000000 0.000000 -0.000000 0.000000 0.000000 -0.000000 0.000000 0.000000 -0.000000 0.000000 0.000000
0.013450 35.890850 -29.310440 0.205447 70.399569 -171.664014 -18.524464 -66.780322 -6.046514 52.913782 67.793806 -51.155000 -21.135709 -33.835381 -26.737019 -0.048615 0.177803 -0.086245 3.979418 -63.477160 -2.620740 -69.841305 77.655465 67.106434 8.514457 -31.828704 20.415967 0.007881 -0.013164 0.035460 2.536475 33.693388 -0.324756 -1.516304 -12.817476 -0.629309 -3.024943 2.237876 0.291342 8.882110 -16.294634 3.403842 -3.395559 -21.749876 1.453367 -0.000000 0.000000 0.000000 -0.000000 0.000000 0.000000 -0.000000 0.000000 0.000000 11.451464 -1.215621 2.325414 25.669657 -2.771776 -0.563309 -15.509605 -10.114494 73.173967 -30.690097 1.140542 12.785334 -0.000000 0.000000 0.000000 -0.000000 0.000000 0.000000 -0.000000 0.000000 0.000000 -0.000000 0.000000 0.000000 -0.000000 0.000000 0.000000 -0.000000 0.000000 0.000000 -0.000000 0.000000 0.000000 -0.000000 0.000000 0.000000 -0.000000 0.000000 0.000000 -0.000000 0.000000 0.000000 -0.000000 0.000000 0.000000 -0.000000 0.000000 0.000000 -0.000000 0.000000 0.000000 -0.000000 0.000000 0.000000 -0.000000 0.000000 0.000000 -7.936103 0.175485 -8.427720 -24.184836 -2.771092 -8.300075 13.235427 -9.982518 -89.147191 19.852455 -7.221887 -10.338425 -0.000000 0.000000 0.000000 -0.000000 0.000000 0.000000 -0.000000 0.000000 0.000000 -0.000000 0.000000 0.000000 -0.000000 0.000000 0.000000 -0.000000 0.000000 0.000000 -0.000000 0.000000 0.000000 -0.000000 0.000000 0.000000 -0.000000 0.000000 0.000000 -0.000000 0.000000 0.000000 -0.000000 0.000000 0.000000 -0.000000 0.000000 0.000000 -0.000000 0.000000 0.000000 -0.000000 0.000000 0.000000 -0.000000 0.000000 0.000000
-0.393176 38.674885 -24.647522 -0.869022 72.981523 -170.592185 -15.190197 -58.660193 -4.610300 37.938711 65.155812 -34.850497 -15.351441 -30.942129 -22.788716 -0.090234 0.117559 -0.121286 1.654247 -53.737930 -3.378667 -34.194423 73.341112 31.142090 7.257174 -29.415235 19.336389 -0.137994 0.000720 0.154684 1.194556 30.387731 -0.080979 0.064510 -14.801623 0.197192 -3.302080 3.057882 0.258311 8.242365 -13.304714 7.785263 -4.895264 -22.327168 0.468687 -0.000000 0.000000 0.000000 -0.000000 0.000000 0.000000 -0.000000 0.000000 0.000000 7.702678 -1.277860 3.055955 17.682912 -6.767730 -3.695023 -15.537877 -17.890731 83.268423 -32.717207 1.653914 16.272395 -0.000000 0.000000 0.000000 -0.000000 0.000000 0.000000 -0.000000 0.000000 0.000000 -0.000000 0.000000 0.000000 -0.000000 0.000000 0.000000 -0.000000 0.000000 0.000000 -0.000000 0.000000 0.000000 -0.000000 0.000000 0.000000 -0.000000 0.000000 0.000000 -0.000000 0.000000 0.000000 -0.000000 0.000000 0.000000 -0.000000 0.000000 0.000000 -0.000000 0.000000 0.000000 -0.000000 0.000000 0.000000 -0.000000 0.000000 0.000000 -2.990009 -1.993591 -9.818556 -16.415944 -5.314275 -8.328051 13.200693 -13.536713 -95.127382 21.108480 -7.453944 -12.238260 -0.000000 0.000000 0.000000 -0.000000 0.000000 0.000000 -0.000000 0.000000 0.000000 -0.000000 0.000000 0.000000 -0.000000 0.000000 0.000000 -0.000000 0.000000 0.000000 -0.000000 0.000000 0.000000 -0.000000 0.000000 0.000000 -0.000000 0.000000 0.000000 -0.000000 0.000000 0.000000 -0.000000 0.000000 0.000000 -0.000000 0.000000 0.000000 -0.000000 0.000000 0.000000 -0.000000 0.000000 0.000000 -0.000000 0.000000 0.000000
-0.583435 41.528427 -19.778412 -0.134254 74.658557 -171.765791 -12.898868 -50.936479 -4.509819 27.943954 59.853692 -23.054487 -10.904296 -26.669626 -20.262192 0.006734 0.066355 -0.045571 2.374618 -45.217167 -0.685811 -18.220364 66.431634 14.124505 4.565660 -24.399284 18.533439 -0.123536 -0.008728 0.114853 0.558062 26.567928 0.048380 1.594305 -16.026760 0.906533 -3.469243 3.868237 -0.017477 7.957323 -9.016976 9.932750 -6.791033 -22.058696 -0.850647 -0.000000 0.000000 0.000000 -0.000000 0.000000 0.000000 -0.000000 0.000000 0.000000 3.332965 -2.466282 4.856479 6.948142 -8.681473 -6.232621 -14.467692 -22.911831 86.574492 -31.988845 2.627807 18.773299 -0.000000 0.000000 0.000000 -0.000000 0.000000 0.000000 -0.000000 0.000000 0.000000 -0.000000 0.000000 0.000000 -0.000000 0.000000 0.000000 -0.000000 0.000000 0.000000 -0.000000 0.000000 0.000000 -0.000000 0.000000 0.000000 -0.000000 0.000000 0.000000 -0.000000 0.000000 0.000000 -0.000000 0.000000 0.000000 -0.000000 0.000000 0.000000 -0.000000 0.000000 0.000000 -0.000000 0.000000 0.000000 -0.000000 0.000000 0.000000 3.478282 -4.180263 -11.689257 -6.442271 -10.214868 -7.617601 11.796485 -16.764146 -97.578752 21.431429 -5.365180 -14.372128 -0.000000 0.000000 0.000000 -0.000000 0.000000 0.000000 -0.000000 0.000000 0.000000 -0.000000 0.000000 0.000000 -0.000000 0.000000 0.000000 -0.000000 0.000000 0.000000 -0.000000 0.000000 0.000000 -0.000000 0.000000 0.000000 -0.000000 0.000000 0.000000 -0.000000 0.000000 0.000000 -0.000000 0.000000 0.000000 -0.000000 0.000000 0.000000 -0.000000 0.000000 0.000000 -0.000000 0.000000 0.000000 -0.000000 0.000000 0.000000
-0.736996 44.514420 -13.968653 1.355936 76.163095 -173.686144 -10.930217 -43.032851 -4.936434 20.343625 52.601682 -13.833510 -5.755746 -20.701071 -16.987670 0.071990 0.020800 0.039247 3.024846 -35.883111 1.927625 -9.015678 55.254897 4.164746 0.468986 -16.236804 16.984225 -0.127585 -0.043078 0.092319 -0.008962 22.611195 -0.268871 3.313916 -16.594172 1.625016 -3.776774 4.684895 -0.202837 7.773795 -5.190289 11.842295 -8.810732 -21.339954 -2.824156 -0.000000 0.000000 0.000000 -0.000000 0.000000 0.000000 -0.000000 0.000000 0.000000 -0.236622 -3.516736 6.852844 -1.639966 -10.325478 -8.518746 -13.030438 -26.090840 86.557391 -31.904893 3.964298 21.676554 -0.000000 0.000000 0.000000 -0.000000 0.000000 0.000000 -0.000000 0.000000 0.000000 -0.000000 0.000000 0.000000 -0.000000 0.000000 0.000000 -0.000000 0.000000 0.000000 -0.000000 0.000000 0.000000 -0.000000 0.000000 0.000000 -0.000000 0.000000 0.000000 -0.000000 0.000000 0.000000 -0.000000 0.000000 0.000000 -0.000000 0.000000 0.000000 -0.000000 0.000000 0.000000 -0.000000 0.000000 0.000000 -0.000000 0.000000 0.000000 9.221927 -6.018438 -13.530029 1.847691 -13.540956 -6.099112 10.669689 -16.176374 -95.922925 20.428448 -2.392422 -16.594177 -0.000000 0.000000 0.000000 -0.000000 0.000000 0.000000 -0.000000 0.000000 0.000000 -0.000000 0.000000 0.000000 -0.000000 0.000000 0.000000 -0.000000 0.000000 0.000000 -0.000000 0.000000 0.000000 -0.000000 0.000000 0.000000 -0.000000 0.000000 0.000000 -0.000000 0.000000 0.000000 -0.000000 0.000000 0.000000 -0.000000 0.000000 0.000000 -0.000000 0.000000 0.000000 -0.000000 0.000000 0.000000 -0.000000 0.000000 0.000000
-0.937826 47.516182 -7.281280 3.772465 77.389405 -176.322024 -9.678993 -34.848623 -5.848209 14.673020 42.524345 -7.340972 0.357416 -11.407956 -13.405691 0.090057 -0.034607 0.080902 3.852613 -25.760589 4.878364 -4.772444 39.768831 -0.258510 -5.842289 -1.869396 14.910905 -0.071700 -0.067375 0.035111 -0.069079 18.366070 -1.069058 4.605922 -16.599301 2.136706 -4.330530 5.296454 -0.284519 8.032391 -1.006190 14.139650 -10.966255 -19.999340 -5.039170 -0.000000 0.000000 0.000000 -0.000000 0.000000 0.000000 -0.000000 0.000000 0.000000 -3.331832 -4.308785 7.622076 -7.377352 -12.173285 -9.865416 -11.870996 -28.377462 84.804178 -31.503817 6.338176 24.320387 -0.000000 0.000000 0.000000 -0.000000 0.000000 0.000000 -0.000000 0.000000 0.000000 -0.000000 0.000000 0.000000 -0.000000 0.000000 0.000000 -0.000000 0.000000 0.000000 -0.000000 0.000000 0.000000 -0.000000 0.000000 0.000000 -0.000000 0.000000 0.000000 -0.000000 0.000000 0.000000 -0.000000 0.000000 0.000000 -0.000000 0.000000 0.000000 -0.000000 0.000000 0.000000 -0.000000 0.000000 0.000000 -0.000000 0.000000 0.000000 13.691029 -7.758502 -14.385080 6.940319 -14.989436 -5.085878 9.427940 -14.432957 -92.942807 18.003279 1.003923 -18.231235 -0.000000 0.000000 0.000000 -0.000000 0.000000 0.000000 -0.000000 0.000000 0.000000 -0.000000 0.000000 0.000000 -0.000000 0.000000 0.000000 -0.000000 0.000000 0.000000 -0.000000 0.000000 0.000000 -0.000000 0.000000 0.000000 -0.000000 0.000000 0.000000 -0.000000 0.000000 0.000000 -0.000000 0.000000 0.000000 -0.000000 0.000000 0.000000 -0.000000 0.000000 0.000000 -0.000000 0.000000 0.000000 -0.000000 0.000000 0.000000
-1.232820 50.317337 0.114027 6.736156 77.911971 -179.122743 -9.214177 -27.577288 -7.051145 10.962212 31.421767 -4.300428 6.783942 1.352579 -11.096486 0.126364 -0.126479 0.109691 4.474916 -17.521831 7.490525 -2.688532 23.796623 -0.985345 -13.993544 18.181315 15.735045 0.028426 -0.085775 -0.049349 0.444982 14.155655 -1.801018 5.285327 -16.255258 2.387980 -5.006349 5.612685 -0.341238 8.466180 2.869661 16.240509 -13.004961 -18.639030 -7.147263 -0.000000 0.000000 0.000000 -0.000000 0.000000 0.000000 -0.000000 0.000000 0.000000 -5.861621 -4.546907 7.265927 -11.223284 -13.898076 -10.681684 -10.376165 -30.359400 82.726914 -30.329524 8.210495 25.973463 -0.000000 0.000000 0.000000 -0.000000 0.000000 0.000000 -0.000000 0.000000 0.000000 -0.000000 0.000000 0.000000 -0.000000 0.000000 0.000000 -0.000000 0.000000 0.000000 -0.000000 0.000000 0.000000 -0.000000 0.000000 0.000000 -0.000000 0.000000 0.000000 -0.000000 0.000000 0.000000 -0.000000 0.000000 0.000000 -0.000000 0.000000 0.000000 -0.000000 0.000000 0.000000 -0.000000 0.000000 0.000000 -0.000000 0.000000 0.000000 16.978166 -9.019574 -14.225635 9.120432 -15.372253 -5.283935 8.240991 -13.515054 -89.674848 14.650657 4.136433 -18.772970 -0.000000 0.000000 0.000000 -0.000000 0.000000 0.000000 -0.000000 0.000000 0.000000 -0.000000 0.000000 0.000000 -0.000000 0.000000 0.000000 -0.000000 0.000000 0.000000 -0.000000 0.000000 0.000000 -0.000000 0.000000 0.000000 -0.000000 0.000000 0.000000 -0.000000 0.000000 0.000000 -0.000000 0.000000 0.000000 -0.000000 0.000000 0.000000 -0.000000 0.000000 0.000000 -0.000000 0.000000 0.000000 -0.000000 0.000000 0.000000
-1.468472 52.768810 7.628512 9.619509 78.196294 178.296083 -9.130269 -22.203574 -7.750641 8.642674 22.649275 -3.794423 12.338305 13.267684 -11.644523 0.179376 -0.158429 0.166746 4.715802 -12.128309 9.013674 -1.678420 11.787519 0.467236 -23.727442 34.175685 21.192620 0.122369 -0.068490 -0.188489 1.235535 10.586054 -2.238141 5.358979 -15.816998 2.456849 -5.696981 5.678110 -0.237669 8.947029 6.044413 17.733148 -14.729889 -17.785952 -9.189755 -0.000000 0.000000 0.000000 -0.000000 0.000000 0.000000 -0.000000 0.000000 0.000000 -7.364688 -4.269727 6.269901 -13.638415 -15.137678 -11.400984 -8.854383 -31.654603 80.080721 -29.256621 9.867326 26.777321 -0.000000 0.000000 0.000000 -0.000000 0.000000 0.000000 -0.000000 0.000000 0.000000 -0.000000 0.000000 0.000000 -0.000000 0.000000 0.000000 -0.000000 0.000000 0.000000 -0.000000 0.000000 0.000000 -0.000000 0.000000 0.000000 -0.000000 0.000000 0.000000 -0.000000 0.000000 0.000000 -0.000000 0.000000 0.000000 -0.000000 0.000000 0.000000 -0.000000 0.000000 0.000000 -0.000000 0.000000 0.000000 -0.000000 0.000000 0.000000 18.556407 -9.499300 -13.203337 9.978542 -16.013151 -5.610545 6.881273 -13.480105 -88.090941 11.563288 6.390074 -18.767559 -0.000000 0.000000 0.000000 -0.000000 0.000000 0.000000 -0.000000 0.000000 0.000000 -0.000000 0.000000 0.000000 -0.000000 0.000000 0.000000 -0.000000 0.000000 0.000000 -0.000000 0.000000 0.000000 -0.000000 0.000000 0.000000 -0.000000 0.000000 0.000000 -0.000000 0.000000 0.000000 -0.000000 0.000000 0.000000 -0.000000 0.000000 0.000000 -0.000000 0.000000 0.000000 -0.000000 0.000000 0.000000 -0.000000 0.000000 0.000000
-1.693113 54.772568 14.818957 12.366884 78.455782 175.892853 -9.463414 -18.836075 -8.217999 7.104568 18.594550 -3.841359 15.926864 20.751468 -13.433639 0.237297 -0.172352 0.248409 5.128305 -9.348006 10.338316 -1.399640 4.829071 2.094809 -32.364173 42.465803 27.762245 0.137933 -0.017382 -0.238115 1.988548 8.169180 -2.625200 5.402545 -15.699468 2.504180 -6.269468 6.206837 -0.094573 9.317278 8.386719 18.387640 -15.891460 -17.708152 -11.031427 -0.000000 0.000000 0.000000 -0.000000 0.000000 0.000000 -0.000000 0.000000 0.000000 -8.050123 -3.609057 5.214348 -15.621043 -15.992749 -12.278179 -7.558933 -32.247742 75.859893 -28.064500 11.336198 26.209887 -0.000000 0.000000 0.000000 -0.000000 0.000000 0.000000 -0.000000 0.000000 0.000000 -0.000000 0.000000 0.000000 -0.000000 0.000000 0.000000 -0.000000 0.000000 0.000000 -0.000000 0.000000 0.000000 -0.000000 0.000000 0.000000 -0.000000 0.000000 0.000000 -0.000000 0.000000 0.000000 -0.000000 0.000000 0.000000 -0.000000 0.000000 0.000000 -0.000000 0.000000 0.000000 -0.000000 0.000000 0.000000 -0.000000 0.000000 0.000000 19.165275 -9.398301 -12.135908 10.474153 -16.811742 -5.326978 5.874570 -13.507303 -86.913596 9.651147 7.546426 -18.410776 -0.000000 0.000000 0.000000 -0.000000 0.000000 0.000000 -0.000000 0.000000 0.000000 -0.000000 0.000000 0.000000 -0.000000 0.000000 0.000000 -0.000000 0.000000 0.000000 -0.000000 0.000000 0.000000 -0.000000 0.000000 0.000000 -0.000000 0.000000 0.000000 -0.000000 0.000000 0.000000 -0.000000 0.000000 0.000000 -0.000000 0.000000 0.000000 -0.000000 0.000000 0.000000 -0.000000 0.000000 0.000000 -0.000000 0.000000 0.000000
-1.877529 56.331093 21.188944 14.395672 78.839889 174.178866 -10.110552 -17.097716 -7.924834 6.382522 18.539128 -4.475384 17.538606 24.043088 -15.081704 0.254822 -0.144756 0.256814 5.705512 -8.448758 10.821992 -1.723327 2.217089 3.116950 -37.565067 45.366220 32.478789 0.118143 0.002249 -0.180352 2.686342 6.743909 -2.628850 5.460140 -15.801356 2.483093 -6.470971 6.874030 -0.018957 9.790278 10.178574 18.542620 -16.494900 -17.647825 -11.748794 -0.000000 0.000000 0.000000 -0.000000 0.000000 0.000000 -0.000000 0.000000 0.000000 -8.445675 -3.137459 4.090663 -18.439151 -16.381486 -13.721851 -5.933028 -32.540179 71.521854 -27.580836 12.455145 26.355195 -0.000000 0.000000 0.000000 -0.000000 0.000000 0.000000 -0.000000 0.000000 0.000000 -0.000000 0.000000 0.000000 -0.000000 0.000000 0.000000 -0.000000 0.000000 0.000000 -0.000000 0.000000 0.000000 -0.000000 0.000000 0.000000 -0.000000 0.000000 0.000000 -0.000000 0.000000 0.000000 -0.000000 0.000000 0.000000 -0.000000 0.000000 0.000000 -0.000000 0.000000 0.000000 -0.000000 0.000000 0.000000 -0.000000 0.000000 0.000000 19.656549 -9.119883 -10.859272 11.981739 -17.640120 -4.140738 5.095905 -13.804400 -86.671464 8.625768 8.703898 -17.999787 -0.000000 0.000000 0.000000 -0.000000 0.000000 0.000000 -0.000000 0.000000 0.000000 -0.000000 0.000000 0.000000 -0.000000 0.000000 0.000000 -0.000000 0.000000 0.000000 -0.000000 0.000000 0.000000 -0.000000 0.000000 0.000000 -0.000000 0.000000 0.000000 -0.000000 0.000000 0.000000 -0.000000 0.000000 0.000000 -0.000000 0.000000 0.000000 -0.000000 0.000000 0.000000 -0.000000 0.000000 0.000000 -0.000000 0.000000 0.000000
-2.213156 57.596130 26.659193 18.728033 80.300311 170.035965 -10.265320 -15.052549 -5.757075 5.295594 18.371453 -3.971141 21.143360 29.767098 -15.358005 0.204614 -0.283265 0.280332 5.640567 -8.123421 9.767025 -1.067159 4.212502 4.477512 -32.785794 44.882334 27.428086 -0.068549 0.099635 -0.099082 4.023141 6.311965 -2.743591 4.364175 -14.885692 1.865667 -5.951246 7.023223 -0.099855 7.488120 11.848504 14.301064 -13.543376 -14.985198 -10.117012 -0.000000 0.000000 0.000000 -0.000000 0.000000 0.000000 -0.000000 0.000000 0.000000 -8.794670 -3.104942 2.040660 -17.520221 -16.907892 -11.610020 -4.308963 -31.868559 72.322232 -21.537453 9.869519 23.580154 -0.000000 0.000000 0.000000 -0.000000 0.000000 0.000000 -0.000000 0.000000 0.000000 -0.000000 0.000000 0.000000 -0.000000 0.000000 0.000000 -0.000000 0.000000 0.000000 -0.000000 0.000000 0.000000 -0.000000 0.000000 0.000000 -0.000000 0.000000 0.000000 -0.000000 0.000000 0.000000 -0.000000 0.000000 0.000000 -0.000000 0.000000 0.000000 -0.000000 0.000000 0.000000 -0.000000 0.000000 0.000000 -0.000000 0.000000 0.000000 18.195125 -9.068250 -6.108433 10.822920 -19.991567 -8.157820 6.150321 -15.821546 -82.977186 11.045371 7.480975 -16.789752 -0.000000 0.000000 0.000000 -0.000000 0.000000 0.000000 -0.000000 0.000000 0.000000 -0.000000 0.000000 0.000000 -0.000000 0.000000 0.000000 -0.000000 0.000000 0.000000 -0.000000 0.000000 0.000000 -0.000000 0.000000 0.000000 -0.000000 0.000000 0.000000 -0.000000 0.000000 0.000000 -0.000000 0.000000 0.000000 -0.000000 0.000000 0.000000 -0.000000 0.000000 0.000000 -0.000000 0.000000 0.000000 -0.000000 0.000000 0.000000
-2.256111 58.866264 29.205299 22.334040 81.024714 167.450558 -11.487938 -15.877873 -5.676623 5.654555 24.255253 -3.155309 19.942586 27.612885 -14.457427 0.218071 -0.348429 0.253384 6.704137 -9.445834 9.773562 -1.168289 8.293077 4.536528 -27.716784 39.974470 24.766652 -0.071953 0.122057 -0.006712 4.205532 6.701253 -2.758830 4.222812 -15.185614 1.668744 -5.556647 7.803321 -0.078714 6.622980 10.648157 11.347966 -11.853887 -12.770906 -9.620455 -0.000000 0.000000 0.000000 -0.000000 0.000000 0.000000 -0.000000 0.000000 0.000000 -8.506386 -3.163077 0.258445 -18.063205 -15.434670 -11.359217 -3.325314 -29.115607 67.594643 -19.311325 8.755989 22.207516 -0.000000 0.000000 0.000000 -0.000000 0.000000 0.000000 -0.000000 0.000000 0.000000 -0.000000 0.000000 0.000000 -0.000000 0.000000 0.000000 -0.000000 0.000000 0.000000 -0.000000 0.000000 0.000000 -0.000000 0.000000 0.000000 -0.000000 0.000000 0.000000 -0.000000 0.000000 0.000000 -0.000000 0.000000 0.000000 -0.000000 0.000000 0.000000 -0.000000 0.000000 0.000000 -0.000000 0.000000 0.000000 -0.000000 0.000000 0.000000 16.689943 -8.902715 -3.990884 11.704323 -20.103965 -7.301870 5.738935 -16.714367 -82.130328 12.569072 5.861400 -14.769028 -0.000000 0.000000 0.000000 -0.000000 0.000000 0.000000 -0.000000 0.000000 0.000000 -0.000000 0.000000 0.000000 -0.000000 0.000000 0.000000 -0.000000 0.000000 0.000000 -0.000000 0.000000 0.000000 -0.000000 0.000000 0.000000 -0.000000 0.000000 0.000000 -0.000000 0.000000 0.000000 -0.000000 0.000000 0.000000 -0.000000 0.000000 0.000000 -0.000000 0.000000 0.000000 -0.000000 0.000000 0.000000 -0.000000 0.000000 0.000000
-2.137081 60.096786 30.012915 24.779418 81.725715 166.076853 -12.714128 -16.361889 -5.957693 5.866666 27.594240 -2.487859 19.442973 26.408599 -14.264461 0.206552 -0.340918 0.240329 8.007536 -10.674116 9.718699 -1.421599 11.592986 4.336894 -24.446778 36.261685 23.722402 -0.125378 0.093902 0.040694 4.205604 7.425285 -2.652382 3.959606 -15.557388 1.365484 -5.245336 8.420111 -0.063958 5.995918 9.903450 8.916608 -10.465568 -10.995340 -8.833389 -0.000000 0.000000 0.000000 -0.000000 0.000000 0.000000 -0.000000 0.000000 0.000000 -7.755641 -2.840135 -1.553791 -19.424613 -13.338261 -11.129321 -2.687249 -25.390008 62.759130 -16.760623 8.148433 20.862827 -0.000000 0.000000 0.000000 -0.000000 0.000000 0.000000 -0.000000 0.000000 0.000000 -0.000000 0.000000 0.000000 -0.000000 0.000000 0.000000 -0.000000 0.000000 0.000000 -0.000000 0.000000 0.000000 -0.000000 0.000000 0.000000 -0.000000 0.000000 0.000000 -0.000000 0.000000 0.000000 -0.000000 0.000000 0.000000 -0.000000 0.000000 0.000000 -0.000000 0.000000 0.000000 -0.000000 0.000000 0.000000 -0.000000 0.000000 0.000000 14.770917 -8.355955 -1.886831 12.427770 -19.125496 -6.477817 4.802737 -15.814747 -78.874379 12.924183 5.109264 -13.056937 -0.000000 0.000000 0.000000 -0.000000 0.000000 0.000000 -0.000000 0.000000 0.000000 -0.000000 0.000000 0.000000 -0.000000 0.000000 0.000000 -0.000000 0.000000 0.000000 -0.000000 0.000000 0.000000 -0.000000 0.000000 0.000000 -0.000000 0.000000 0.000000 -0.000000 0.000000 0.000000 -0.000000 0.000000 0.000000 -0.000000 0.000000 0.000000 -0.000000 0.000000 0.000000 -0.000000 0.000000 0.000000 -0.000000 0.000000 0.000000
-1.780525 61.338287 29.437569 26.383112 82.259257 165.400630 -13.412808 -16.668043 -6.237516 5.828654 28.040160 -1.487268 19.290422 26.544930 -14.635081 0.209170 -0.322172 0.242094 9.302218 -11.774356 9.738872 -1.759893 13.406482 4.016370 -22.751538 34.278631 23.558256 -0.149284 0.061583 -0.080942 4.080756 7.977916 -2.532340 3.684841 -15.944679 0.971769 -5.080916 8.963603 0.124202 5.504069 9.889387 7.349255 -9.591130 -9.633247 -8.929102 -0.000000 0.000000 0.000000 -0.000000 0.000000 0.000000 -0.000000 0.000000 0.000000 -6.619654 -1.890583 -3.260810 -19.015037 -11.355331 -10.380876 -2.309890 -21.409290 57.494954 -14.965980 8.450500 19.848865 -0.000000 0.000000 0.000000 -0.000000 0.000000 0.000000 -0.000000 0.000000 0.000000 -0.000000 0.000000 0.000000 -0.000000 0.000000 0.000000 -0.000000 0.000000 0.000000 -0.000000 0.000000 0.000000 -0.000000 0.000000 0.000000 -0.000000 0.000000 0.000000 -0.000000 0.000000 0.000000 -0.000000 0.000000 0.000000 -0.000000 0.000000 0.000000 -0.000000 0.000000 0.000000 -0.000000 0.000000 0.000000 -0.000000 0.000000 0.000000 12.905111 -7.527514 0.208295 12.256627 -16.856511 -5.245249 3.769097 -13.894617 -74.557378 12.634201 4.543658 -11.329073 -0.000000 0.000000 0.000000 -0.000000 0.000000 0.000000 -0.000000 0.000000 0.000000 -0.000000 0.000000 0.000000 -0.000000 0.000000 0.000000 -0.000000 0.000000 0.000000 -0.000000 0.000000 0.000000 -0.000000 0.000000 0.000000 -0.000000 0.000000 0.000000 -0.000000 0.000000 0.000000 -0.000000 0.000000 0.000000 -0.000000 0.000000 0.000000 -0.000000 0.000000 0.000000 -0.000000 0.000000 0.000000 -0.000000 0.000000 0.000000
-1.511791 62.607265 27.429087 26.000104 82.532848 166.817085 -13.542125 -16.398186 -6.184612 5.249263 25.517473 -0.554760 19.710476 27.299466 -15.478403 0.205667 -0.300530 0.201075 10.520335 -12.964933 9.984606 -2.078316 13.735295 3.882962 -22.256456 33.544043 23.857381 -0.181146 0.036606 -0.144333 3.787539 8.224537 -2.285327 3.324242 -15.997433 0.651946 -5.027120 9.445724 0.308973 5.003193 10.323238 6.346581 -9.118551 -9.110873 -8.946102 -0.000000 0.000000 0.000000 -0.000000 0.000000 0.000000 -0.000000 0.000000 0.000000 -5.619100 -0.839615 -5.230522 -18.344976 -8.935022 -10.122237 -1.866504 -18.011693 53.240326 -13.901401 8.549544 19.132508 -0.000000 0.000000 0.000000 -0.000000 0.000000 0.000000 -0.000000 0.000000 0.000000 -0.000000 0.000000 0.000000 -0.000000 0.000000 0.000000 -0.000000 0.000000 0.000000 -0.000000 0.000000 0.000000 -0.000000 0.000000 0.000000 -0.000000 0.000000 0.000000 -0.000000 0.000000 0.000000 -0.000000 0.000000 0.000000 -0.000000 0.000000 0.000000 -0.000000 0.000000 0.000000 -0.000000 0.000000 0.000000 -0.000000 0.000000 0.000000 11.293520 -6.475030 2.462775 11.663656 -14.637056 -3.938811 2.811882 -12.205248 -69.040508 12.228145 4.677812 -10.010409 -0.000000 0.000000 0.000000 -0.000000 0.000000 0.000000 -0.000000 0.000000 0.000000 -0.000000 0.000000 0.000000 -0.000000 0.000000 0.000000 -0.000000 0.000000 0.000000 -0.000000 0.000000 0.000000 -0.000000 0.000000 0.000000 -0.000000 0.000000 0.000000 -0.000000 0.000000 0.000000 -0.000000 0.000000 0.000000 -0.000000 0.000000 0.000000 -0.000000 0.000000 0.000000 -0.000000 0.000000 0.000000 -0.000000 0.000000 0.000000
-1.305567 63.801228 24.146997 23.888147 82.638069 169.916667 -13.431157 -15.381722 -6.254000 4.519221 20.211860 0.226978 20.948060 28.815156 -16.698613 0.196498 -0.277095 0.166714 11.369101 -14.002801 10.347914 -2.223496 12.632433 4.146506 -23.182337 33.994995 25.031150 -0.184834 0.022530 -0.214263 3.279472 7.969826 -1.791349 3.012900 -15.960859 0.350321 -5.112659 9.857031 0.400896 4.663801 11.643411 5.928701 -9.024550 -8.844051 -9.122349 -0.000000 0.000000 0.000000 -0.000000 0.000000 0.000000 -0.000000 0.000000 0.000000 -4.853258 0.319296 -7.192914 -17.557876 -6.770502 -10.220007 -1.429197 -15.351662 49.966363 -13.233174 8.390578 18.643509 -0.000000 0.000000 0.000000 -0.000000 0.000000 0.000000 -0.000000 0.000000 0.000000 -0.000000 0.000000 0.000000 -0.000000 0.000000 0.000000 -0.000000 0.000000 0.000000 -0.000000 0.000000 0.000000 -0.000000 0.000000 0.000000 -0.000000 0.000000 0.000000 -0.000000 0.000000 0.000000 -0.000000 0.000000 0.000000 -0.000000 0.000000 0.000000 -0.000000 0.000000 0.000000 -0.000000 0.000000 0.000000 -0.000000 0.000000 0.000000 10.408103 -5.065004 4.556062 10.955066 -12.639623 -2.761407 1.806634 -10.411706 -62.907586 11.947007 5.135971 -8.622127 -0.000000 0.000000 0.000000 -0.000000 0.000000 0.000000 -0.000000 0.000000 0.000000 -0.000000 0.000000 0.000000 -0.000000 0.000000 0.000000 -0.000000 0.000000 0.000000 -0.000000 0.000000 0.000000 -0.000000 0.000000 0.000000 -0.000000 0.000000 0.000000 -0.000000 0.000000 0.000000 -0.000000 0.000000 0.000000 -0.000000 0.000000 0.000000 -0.000000 0.000000 0.000000 -0.000000 0.000000 0.000000 -0.000000 0.000000 0.000000
-1.107835 64.923561 19.862192 21.079486 82.511325 173.664860 -13.185474 -14.374060 -6.320070 3.743568 14.169613 0.958078 22.627593 30.423624 -18.406591 0.183699 -0.227965 0.135850 12.151255 -15.213562 10.938702 -2.269856 11.143539 4.457057 -24.928148 35.234789 26.452435 -0.181904 0.036320 -0.282722 2.610546 7.759417 -1.340669 2.866323 -16.007785 0.123999 -5.320447 10.379162 0.458531 4.804228 13.151457 5.369354 -9.108264 -8.853869 -9.624422 -0.000000 0.000000 0.000000 -0.000000 0.000000 0.000000 -0.000000 0.000000 0.000000 -4.220341 1.479910 -9.517239 -17.034721 -4.863423 -10.843462 -0.658024 -13.086471 47.787915 -12.475477 8.071594 18.197127 -0.000000 0.000000 0.000000 -0.000000 0.000000 0.000000 -0.000000 0.000000 0.000000 -0.000000 0.000000 0.000000 -0.000000 0.000000 0.000000 -0.000000 0.000000 0.000000 -0.000000 0.000000 0.000000 -0.000000 0.000000 0.000000 -0.000000 0.000000 0.000000 -0.000000 0.000000 0.000000 -0.000000 0.000000 0.000000 -0.000000 0.000000 0.000000 -0.000000 0.000000 0.000000 -0.000000 0.000000 0.000000 -0.000000 0.000000 0.000000 9.927535 -3.730596 6.636105 9.941691 -10.906118 -1.631493 0.466482 -9.177794 -56.290551 11.188520 5.879730 -7.306114 -0.000000 0.000000 0.000000 -0.000000 0.000000 0.000000 -0.000000 0.000000 0.000000 -0.000000 0.000000 0.000000 -0.000000 0.000000 0.000000 -0.000000 0.000000 0.000000 -0.000000 0.000000 0.000000 -0.000000 0.000000 0.000000 -0.000000 0.000000 0.000000 -0.000000 0.000000 0.000000 -0.000000 0.000000 0.000000 -0.000000 0.000000 0.000000 -0.000000 0.000000 0.000000 -0.000000 0.000000 0.000000 -0.000000 0.000000 0.000000
-1.020919 66.016670 14.544161 17.705563 82.302856 177.899237 -13.184388 -13.300827 -6.399550 2.831227 8.567534 2.325919 24.841839 32.450136 -20.194047 0.140609 -0.213812 0.144399 13.099927 -17.103339 11.446647 -2.233544 10.325229 5.076185 -26.286373 36.625166 27.984189 -0.162337 0.005902 -0.377494 1.884463 7.861473 -0.785313 2.627215 -16.107631 -0.026420 -5.672452 10.676109 0.569878 5.367579 14.180158 4.793235 -9.611722 -8.851911 -10.620850 -0.000000 0.000000 0.000000 -0.000000 0.000000 0.000000 -0.000000 0.000000 0.000000 -3.604232 2.480464 -11.146352 -16.883549 -3.229228 -11.907249 -0.000181 -10.850002 45.341237 -11.813693 7.643341 17.672431 -0.000000 0.000000 0.000000 -0.000000 0.000000 0.000000 -0.000000 0.000000 0.000000 -0.000000 0.000000 0.000000 -0.000000 0.000000 0.000000 -0.000000 0.000000 0.000000 -0.000000 0.000000 0.000000 -0.000000 0.000000 0.000000 -0.000000 0.000000 0.000000 -0.000000 0.000000 0.000000 -0.000000 0.000000 0.000000 -0.000000 0.000000 0.000000 -0.000000 0.000000 0.000000 -0.000000 0.000000 0.000000 -0.000000 0.000000 0.000000 9.692279 -2.615052 8.850693 9.999996 -9.636114 0.568247 -1.175865 -9.352439 -51.673363 10.733656 7.003265 -6.452512 -0.000000 0.000000 0.000000 -0.000000 0.000000 0.000000 -0.000000 0.000000 0.000000 -0.000000 0.000000 0.000000 -0.000000 0.000000 0.000000 -0.000000 0.000000 0.000000 -0.000000 0.000000 0.000000 -0.000000 0.000000 0.000000 -0.000000 0.000000 0.000000 -0.000000 0.000000 0.000000 -0.000000 0.000000 0.000000 -0.000000 0.000000 0.000000 -0.000000 0.000000 0.000000 -0.000000 0.000000 0.000000 -0.000000 0.000000 0.000000
-1.178581 67.397537 8.336137 14.101789 82.403833 -177.789101 -12.901929 -12.154412 -6.352676 1.376002 1.944643 1.429904 26.841533 35.609647 -22.851450 0.209593 -0.259340 0.416470 12.692059 -17.856525 11.611029 -2.048521 7.253780 3.933440 -27.420183 39.882848 27.218169 -0.220881 -0.070807 -0.248627 0.620717 7.639538 -1.063030 2.837411 -14.716292 0.454235 -5.140580 9.721884 0.698543 5.372131 15.631570 4.494377 -10.278089 -10.115641 -10.479360 -0.000000 0.000000 0.000000 -0.000000 0.000000 0.000000 -0.000000 0.000000 0.000000 -5.791640 0.914197 -10.681318 -17.562839 -6.648162 -10.821532 1.117542 -10.591538 40.583974 -13.380309 8.586291 19.428015 -0.000000 0.000000 0.000000 -0.000000 0.000000 0.000000 -0.000000 0.000000 0.000000 -0.000000 0.000000 0.000000 -0.000000 0.000000 0.000000 -0.000000 0.000000 0.000000 -0.000000 0.000000 0.000000 -0.000000 0.000000 0.000000 -0.000000 0.000000 0.000000 -0.000000 0.000000 0.000000 -0.000000 0.000000 0.000000 -0.000000 0.000000 0.000000 -0.000000 0.000000 0.000000 -0.000000 0.000000 0.000000 -0.000000 0.000000 0.000000 11.309083 -1.952762 8.439911 11.585209 -9.736279 1.786952 0.725124 -10.025722 -44.587429 14.016910 9.764318 -9.243568 -0.000000 0.000000 0.000000 -0.000000 0.000000 0.000000 -0.000000 0.000000 0.000000 -0.000000 0.000000 0.000000 -0.000000 0.000000 0.000000 -0.000000 0.000000 0.000000 -0.000000 0.000000 0.000000 -0.000000 0.000000 0.000000 -0.000000 0.000000 0.000000 -0.000000 0.000000 0.000000 -0.000000 0.000000 0.000000 -0.000000 0.000000 0.000000 -0.000000 0.000000 0.000000 -0.000000 0.000000 0.000000 -0.000000 0.000000 0.000000
-1.199780 68.428459 1.763134 11.968099 82.330367 -174.952897 -12.768298 -11.889035 -6.147180 0.767703 -0.227550 2.525381 27.327414 35.636973 -23.301115 0.228833 -0.285583 0.447543 13.001639 -19.459783 11.606898 -1.857642 7.597875 3.537869 -27.912896 39.868735 26.639012 -0.203194 -0.049702 -0.215542 0.132541 8.498922 -0.998748 2.970998 -14.937483 0.312684 -5.194053 9.707310 0.683393 5.575307 16.354872 4.878588 -10.945738 -11.225412 -10.313336 -0.000000 0.000000 0.000000 -0.000000 0.000000 0.000000 -0.000000 0.000000 0.000000 -5.270855 1.509340 -12.090665 -17.559539 -6.169855 -11.671333 0.827431 -10.739917 37.708550 -14.379736 7.000857 19.684918 -0.000000 0.000000 0.000000 -0.000000 0.000000 0.000000 -0.000000 0.000000 0.000000 -0.000000 0.000000 0.000000 -0.000000 0.000000 0.000000 -0.000000 0.000000 0.000000 -0.000000 0.000000 0.000000 -0.000000 0.000000 0.000000 -0.000000 0.000000 0.000000 -0.000000 0.000000 0.000000 -0.000000 0.000000 0.000000 -0.000000 0.000000 0.000000 -0.000000 0.000000 0.000000 -0.000000 0.000000 0.000000 -0.000000 0.000000 0.000000 11.075861 -0.915226 9.863793 11.049618 -8.687844 3.354327 1.389640 -10.591009 -40.685567 15.421681 9.892093 -9.615747 -0.000000 0.000000 0.000000 -0.000000 0.000000 0.000000 -0.000000 0.000000 0.000000 -0.000000 0.000000 0.000000 -0.000000 0.000000 0.000000 -0.000000 0.000000 0.000000 -0.000000 0.000000 0.000000 -0.000000 0.000000 0.000000 -0.000000 0.000000 0.000000 -0.000000 0.000000 0.000000 -0.000000 0.000000 0.000000 -0.000000 0.000000 0.000000 -0.000000 0.000000 0.000000 -0.000000 0.000000 0.000000 -0.000000 0.000000 0.000000
-1.166784 69.365623 -5.594854 9.683936 82.467249 -172.105521 -12.361624 -12.260272 -5.674410 0.357108 -0.195124 3.434796 26.090920 33.877835 -23.003202 0.197624 -0.264437 0.482134 13.364672 -21.418715 11.663588 -1.681401 9.041090 2.926012 -27.966526 39.372490 25.964350 -0.192791 -0.087140 -0.184701 -0.388450 9.545605 -0.779883 3.037817 -14.854613 -0.047041 -5.270815 9.475183 0.580686 5.856391 16.679029 5.234938 -11.661304 -12.429516 -10.378243 -0.000000 0.000000 0.000000 -0.000000 0.000000 0.000000 -0.000000 0.000000 0.000000 -4.917818 2.040606 -13.132648 -17.908973 -5.524796 -12.090293 0.587436 -11.145112 36.855049 -15.545109 4.707005 19.503952 -0.000000 0.000000 0.000000 -0.000000 0.000000 0.000000 -0.000000 0.000000 0.000000 -0.000000 0.000000 0.000000 -0.000000 0.000000 0.000000 -0.000000 0.000000 0.000000 -0.000000 0.000000 0.000000 -0.000000 0.000000 0.000000 -0.000000 0.000000 0.000000 -0.000000 0.000000 0.000000 -0.000000 0.000000 0.000000 -0.000000 0.000000 0.000000 -0.000000 0.000000 0.000000 -0.000000 0.000000 0.000000 -0.000000 0.000000 0.000000 10.885241 0.406169 10.767775 9.936236 -7.366824 5.753206 2.375527 -11.462475 -37.774150 16.822696 9.838142 -9.724126 -0.000000 0.000000 0.000000 -0.000000 0.000000 0.000000 -0.000000 0.000000 0.000000 -0.000000 0.000000 0.000000 -0.000000 0.000000 0.000000 -0.000000 0.000000 0.000000 -0.000000 0.000000 0.000000 -0.000000 0.000000 0.000000 -0.000000 0.000000 0.000000 -0.000000 0.000000 0.000000 -0.000000 0.000000 0.000000 -0.000000 0.000000 0.000000 -0.000000 0.000000 0.000000 -0.000000 0.000000 0.000000 -0.000000 0.000000 0.000000
-1.180568 70.243881 -14.194347 7.272645 82.960860 -169.262062 -11.938310 -13.847653 -5.044955 0.655632 3.269889 5.030273 22.297532 29.468728 -21.498228 0.142524 -0.138648 0.521549 13.951384 -23.998183 11.645099 -1.748869 13.362381 1.450253 -25.655924 36.263274 23.778639 -0.078280 -0.126866 -0.282394 -0.747525 10.970362 -0.595672 3.023266 -14.459750 -0.659319 -5.381112 9.186019 0.555165 6.036779 16.059864 6.140497 -12.580805 -13.729161 -10.708464 -0.000000 0.000000 0.000000 -0.000000 0.000000 0.000000 -0.000000 0.000000 0.000000 -4.217886 2.614821 -14.005939 -16.126257 -5.125462 -12.490737 -0.153502 -11.527377 36.631835 -17.169165 0.489507 18.843286 -0.000000 0.000000 0.000000 -0.000000 0.000000 0.000000 -0.000000 0.000000 0.000000 -0.000000 0.000000 0.000000 -0.000000 0.000000 0.000000 -0.000000 0.000000 0.000000 -0.000000 0.000000 0.000000 -0.000000 0.000000 0.000000 -0.000000 0.000000 0.000000 -0.000000 0.000000 0.000000 -0.000000 0.000000 0.000000 -0.000000 0.000000 0.000000 -0.000000 0.000000 0.000000 -0.000000 0.000000 0.000000 -0.000000 0.000000 0.000000 10.508394 1.878659 11.574110 7.527950 -6.374068 8.703293 3.801190 -12.556622 -35.430748 17.728050 8.868833 -9.782482 -0.000000 0.000000 0.000000 -0.000000 0.000000 0.000000 -0.000000 0.000000 0.000000 -0.000000 0.000000 0.000000 -0.000000 0.000000 0.000000 -0.000000 0.000000 0.000000 -0.000000 0.000000 0.000000 -0.000000 0.000000 0.000000 -0.000000 0.000000 0.000000 -0.000000 0.000000 0.000000 -0.000000 0.000000 0.000000 -0.000000 0.000000 0.000000 -0.000000 0.000000 0.000000 -0.000000 0.000000 0.000000 -0.000000 0.000000 0.000000
-1.337380 70.902359 -23.710566 4.392707 83.996643 -166.013221 -11.842905 -17.428737 -4.439482 2.064110 12.584327 7.613372 14.719004 18.380001 -18.119842 0.082601 0.113890 0.359344 14.920543 -27.959556 11.584924 -2.420733 22.717168 -0.483841 -19.709622 27.646613 19.652592 0.002096 -0.175199 -0.283163 -0.741181 13.769077 -0.353099 2.982007 -14.500819 -1.147070 -5.474638 9.280521 0.598214 5.881443 14.021449 6.622987 -13.099186 -14.727504 -10.513642 -0.000000 0.000000 0.000000 -0.000000 0.000000 0.000000 -0.000000 0.000000 0.000000 -3.291463 2.628035 -14.398510 -12.814604 -5.138121 -13.466778 -1.522804 -11.954107 36.548469 -19.632149 -3.844698 17.283422 -0.000000 0.000000 0.000000 -0.000000 0.000000 0.000000 -0.000000 0.000000 0.000000 -0.000000 0.000000 0.000000 -0.000000 0.000000 0.000000 -0.000000 0.000000 0.000000 -0.000000 0.000000 0.000000 -0.000000 0.000000 0.000000 -0.000000 0.000000 0.000000 -0.000000 0.000000 0.000000 -0.000000 0.000000 0.000000 -0.000000 0.000000 0.000000 -0.000000 0.000000 0.000000 -0.000000 0.000000 0.000000 -0.000000 0.000000 0.000000 9.003386 2.792585 12.114861 2.992507 -5.782713 12.257348 6.135884 -13.242990 -33.839777 18.518863 6.679271 -8.922667 -0.000000 0.000000 0.000000 -0.000000 0.000000 0.000000 -0.000000 0.000000 0.000000 -0.000000 0.000000 0.000000 -0.000000 0.000000 0.000000 -0.000000 0.000000 0.000000 -0.000000 0.000000 0.000000 -0.000000 0.000000 0.000000 -0.000000 0.000000 0.000000 -0.000000 0.000000 0.000000 -0.000000 0.000000 0.000000 -0.000000 0.000000 0.000000 -0.000000 0.000000 0.000000 -0.000000 0.000000 0.000000 -0.000000 0.000000 0.000000
-1.654121 71.226753 -33.931530 -2.352190 85.338598 -158.656784 -12.480828 -23.314021 -4.611844 4.175936 29.989607 9.583393 2.578684 -4.430062 -16.519484 0.071708 0.330588 0.037663 15.887098 -34.463903 11.479631 -4.027511 38.825509 -1.660779 -10.225926 7.362743 16.018675 -0.038962 -0.120698 -0.099960 -0.378051 18.779656 -0.169000 2.614081 -16.047079 -1.871233 -5.261329 10.159554 0.913036 4.727998 10.754822 5.689509 -12.211710 -15.987247 -9.154650 -0.000000 0.000000 0.000000 -0.000000 0.000000 0.000000 -0.000000 0.000000 0.000000 -1.646498 2.050450 -15.879834 -8.458590 -5.214621 -15.025013 -2.641936 -11.324739 36.369576 -22.693757 -8.628123 14.026779 -0.000000 0.000000 0.000000 -0.000000 0.000000 0.000000 -0.000000 0.000000 0.000000 -0.000000 0.000000 0.000000 -0.000000 0.000000 0.000000 -0.000000 0.000000 0.000000 -0.000000 0.000000 0.000000 -0.000000 0.000000 0.000000 -0.000000 0.000000 0.000000 -0.000000 0.000000 0.000000 -0.000000 0.000000 0.000000 -0.000000 0.000000 0.000000 -0.000000 0.000000 0.000000 -0.000000 0.000000 0.000000 -0.000000 0.000000 0.000000 5.761264 2.813457 13.386831 -2.258051 -6.158210 15.477969 8.599685 -13.535874 -32.123084 19.225959 2.283410 -7.307566 -0.000000 0.000000 0.000000 -0.000000 0.000000 0.000000 -0.000000 0.000000 0.000000 -0.000000 0.000000 0.000000 -0.000000 0.000000 0.000000 -0.000000 0.000000 0.000000 -0.000000 0.000000 0.000000 -0.000000 0.000000 0.000000 -0.000000 0.000000 0.000000 -0.000000 0.000000 0.000000 -0.000000 0.000000 0.000000 -0.000000 0.000000 0.000000 -0.000000 0.000000 0.000000 -0.000000 0.000000 0.000000 -0.000000 0.000000 0.000000
-2.148944 71.243134 -42.776363 -17.877508 86.825947 -142.376926 -13.767599 -30.268479 -4.963472 6.925142 50.380884 8.083565 -9.061586 -23.550676 -20.614960 0.061543 0.388931 -0.040997 16.192815 -41.692501 10.903270 -6.253440 55.984550 0.251018 -2.607194 -11.666646 16.076038 -0.111218 -0.075156 0.022014 0.477046 24.371553 -0.206211 2.074568 -16.859917 -2.399741 -4.941682 10.283119 1.307767 3.100774 7.055600 3.715132 -10.513173 -17.055359 -7.142358 -0.000000 0.000000 0.000000 -0.000000 0.000000 0.000000 -0.000000 0.000000 0.000000 1.404033 1.325293 -16.329068 -1.203558 -5.781087 -15.207320 -4.322808 -10.392343 35.761928 -25.536459 -12.662133 10.048934 -0.000000 0.000000 0.000000 -0.000000 0.000000 0.000000 -0.000000 0.000000 0.000000 -0.000000 0.000000 0.000000 -0.000000 0.000000 0.000000 -0.000000 0.000000 0.000000 -0.000000 0.000000 0.000000 -0.000000 0.000000 0.000000 -0.000000 0.000000 0.000000 -0.000000 0.000000 0.000000 -0.000000 0.000000 0.000000 -0.000000 0.000000 0.000000 -0.000000 0.000000 0.000000 -0.000000 0.000000 0.000000 -0.000000 0.000000 0.000000 0.504016 1.625340 13.403674 -10.385108 -6.805386 15.615989 11.120480 -13.695335 -29.505668 19.296295 -2.948313 -4.964715 -0.000000 0.000000 0.000000 -0.000000 0.000000 0.000000 -0.000000 0.000000 0.000000 -0.000000 0.000000 0.000000 -0.000000 0.000000 0.000000 -0.000000 0.000000 0.000000 -0.000000 0.000000 0.000000 -0.000000 0.000000 0.000000 -0.000000 0.000000 0.000000 -0.000000 0.000000 0.000000 -0.000000 0.000000 0.000000 -0.000000 0.000000 0.000000 -0.000000 0.000000 0.000000 -0.000000 0.000000 0.000000 -0.000000 0.000000 0.000000
-2.675356 71.230423 -49.067696 -50.483792 87.632781 -108.706487 -15.947939 -36.716541 -5.266766 12.413735 66.737209 1.691453 -15.985331 -31.854673 -24.456837 0.037360 0.355257 -0.002285 16.478178 -47.076303 10.098712 -10.235906 68.525790 5.820093 2.268781 -20.686537 17.559730 -0.143347 -0.119915 0.058298 1.332542 29.313042 -0.632065 1.285149 -16.038355 -2.969360 -4.688400 9.318890 1.298574 2.302230 4.658284 2.305396 -9.373152 -17.088405 -6.142040 -0.000000 0.000000 0.000000 -0.000000 0.000000 0.000000 -0.000000 0.000000 0.000000 5.546922 1.191398 -15.043760 8.491281 -6.927635 -13.982446 -5.984883 -9.037210 37.192876 -28.563085 -15.581929 6.268145 -0.000000 0.000000 0.000000 -0.000000 0.000000 0.000000 -0.000000 0.000000 0.000000 -0.000000 0.000000 0.000000 -0.000000 0.000000 0.000000 -0.000000 0.000000 0.000000 -0.000000 0.000000 0.000000 -0.000000 0.000000 0.000000 -0.000000 0.000000 0.000000 -0.000000 0.000000 0.000000 -0.000000 0.000000 0.000000 -0.000000 0.000000 0.000000 -0.000000 0.000000 0.000000 -0.000000 0.000000 0.000000 -0.000000 0.000000 0.000000 -5.238800 0.920908 11.555269 -19.818576 -7.609078 14.373134 12.297409 -13.801564 -27.364558 19.611970 -5.673665 -3.048071 -0.000000 0.000000 0.000000 -0.000000 0.000000 0.000000 -0.000000 0.000000 0.000000 -0.000000 0.000000 0.000000 -0.000000 0.000000 0.000000 -0.000000 0.000000 0.000000 -0.000000 0.000000 0.000000 -0.000000 0.000000 0.000000 -0.000000 0.000000 0.000000 -0.000000 0.000000 0.000000 -0.000000 0.000000 0.000000 -0.000000 0.000000 0.000000 -0.000000 0.000000 0.000000 -0.000000 0.000000 0.000000 -0.000000 0.000000 0.000000
-2.942531 71.247993 -53.107780 -87.841459 87.204813 -70.049002 -17.755024 -39.098854 -6.271507 22.006870 74.778581 -11.686357 -18.250904 -38.589949 -27.065422 -0.001810 0.038163 -0.072915 14.555528 -50.219426 8.469455 -16.511342 76.416876 13.707421 5.268593 -28.409259 18.034438 -0.038466 -0.018705 0.068507 1.529142 33.904633 -0.533311 1.269866 -15.320084 -3.023714 -4.354618 7.439516 0.503993 2.830087 0.038574 1.764072 -7.288469 -19.262396 -2.606173 -0.000000 0.000000 0.000000 -0.000000 0.000000 0.000000 -0.000000 0.000000 0.000000 8.879571 -0.031708 -13.762181 15.100274 -7.665413 -12.650398 -10.012472 -10.192939 41.267571 -27.798037 -14.617619 8.994185 -0.000000 0.000000 0.000000 -0.000000 0.000000 0.000000 -0.000000 0.000000 0.000000 -0.000000 0.000000 0.000000 -0.000000 0.000000 0.000000 -0.000000 0.000000 0.000000 -0.000000 0.000000 0.000000 -0.000000 0.000000 0.000000 -0.000000 0.000000 0.000000 -0.000000 0.000000 0.000000 -0.000000 0.000000 0.000000 -0.000000 0.000000 0.000000 -0.000000 0.000000 0.000000 -0.000000 0.000000 0.000000 -0.000000 0.000000 0.000000 -9.574958 0.449807 8.289025 -25.074414 -7.543281 12.863262 12.672166 -13.906790 -27.256846 24.333395 -2.940309 -4.791388 -0.000000 0.000000 0.000000 -0.000000 0.000000 0.000000 -0.000000 0.000000 0.000000 -0.000000 0.000000 0.000000 -0.000000 0.000000 0.000000 -0.000000 0.000000 0.000000 -0.000000 0.000000 0.000000 -0.000000 0.000000 0.000000 -0.000000 0.000000 0.000000 -0.000000 0.000000 0.000000 -0.000000 0.000000 0.000000 -0.000000 0.000000 0.000000 -0.000000 0.000000 0.000000 -0.000000 0.000000 0.000000 -0.000000 0.000000 0.000000
-2.809554 71.125603 -56.347092 -95.669699 86.785268 -61.444293 -19.068869 -42.885307 -6.253042 41.602532 80.871288 -33.670294 -19.824246 -41.693668 -27.362472 0.059860 -0.075274 -0.020765 14.504207 -53.625647 7.810914 -35.237654 82.700673 33.759947 7.120466 -33.215882 17.366508 0.031818 -0.041350 0.132396 1.774683 37.411122 -0.546660 1.208466 -14.354076 -3.351874 -4.204517 6.070083 0.193349 2.687508 -3.653071 1.473872 -6.358793 -19.350602 -1.221611 -0.000000 0.000000 0.000000 -0.000000 0.000000 0.000000 -0.000000 0.000000 0.000000 13.743860 -0.382532 -12.249765 24.017717 -7.085180 -10.522004 -11.860010 -8.826785 43.331429 -25.700414 -13.052457 10.655968 -0.000000 0.000000 0.000000 -0.000000 0.000000 0.000000 -0.000000 0.000000 0.000000 -0.000000 0.000000 0.000000 -0.000000 0.000000 0.000000 -0.000000 0.000000 0.000000 -0.000000 0.000000 0.000000 -0.000000 0.000000 0.000000 -0.000000 0.000000 0.000000 -0.000000 0.000000 0.000000 -0.000000 0.000000 0.000000 -0.000000 0.000000 0.000000 -0.000000 0.000000 0.000000 -0.000000 0.000000 0.000000 -0.000000 0.000000 0.000000 -14.579341 0.855243 5.512753 -33.159642 -6.288662 9.084207 13.282640 -11.944663 -27.176985 24.547929 -1.487445 -5.421181 -0.000000 0.000000 0.000000 -0.000000 0.000000 0.000000 -0.000000 0.000000 0.000000 -0.000000 0.000000 0.000000 -0.000000 0.000000 0.000000 -0.000000 0.000000 0.000000 -0.000000 0.000000 0.000000 -0.000000 0.000000 0.000000 -0.000000 0.000000 0.000000 -0.000000 0.000000 0.000000 -0.000000 0.000000 0.000000 -0.000000 0.000000 0.000000 -0.000000 0.000000 0.000000 -0.000000 0.000000 0.000000 -0.000000 0.000000 0.000000
-2.703954 71.228661 -58.068611 -95.244382 86.726882 -61.164211 -19.214488 -45.233853 -5.633598 66.078005 82.948165 -60.176914 -20.550644 -43.902724 -27.421759 0.068753 -0.090025 0.048419 13.588895 -55.222751 6.295133 -59.119325 85.148520 59.183597 8.120769 -35.966338 16.666358 0.072179 -0.048924 0.129063 2.021366 39.549720 -0.565220 1.251500 -13.063279 -3.613461 -4.028992 4.747946 -0.063562 3.004606 -6.117730 1.557484 -5.719502 -19.560008 -0.095805 -0.000000 0.000000 0.000000 -0.000000 0.000000 0.000000 -0.000000 0.000000 0.000000 17.729058 -0.488367 -10.826689 32.806613 -5.957670 -8.187474 -13.143436 -6.716213 43.517615 -22.345506 -11.723666 11.859960 -0.000000 0.000000 0.000000 -0.000000 0.000000 0.000000 -0.000000 0.000000 0.000000 -0.000000 0.000000 0.000000 -0.000000 0.000000 0.000000 -0.000000 0.000000 0.000000 -0.000000 0.000000 0.000000 -0.000000 0.000000 0.000000 -0.000000 0.000000 0.000000 -0.000000 0.000000 0.000000 -0.000000 0.000000 0.000000 -0.000000 0.000000 0.000000 -0.000000 0.000000 0.000000 -0.000000 0.000000 0.000000 -0.000000 0.000000 0.000000 -18.348679 1.716132 2.922348 -40.964904 -4.894912 5.803887 13.216749 -9.405443 -25.818740 23.191479 -0.555669 -5.903889 -0.000000 0.000000 0.000000 -0.000000 0.000000 0.000000 -0.000000 0.000000 0.000000 -0.000000 0.000000 0.000000 -0.000000 0.000000 0.000000 -0.000000 0.000000 0.000000 -0.000000 0.000000 0.000000 -0.000000 0.000000 0.000000 -0.000000 0.000000 0.000000 -0.000000 0.000000 0.000000 -0.000000 0.000000 0.000000 -0.000000 0.000000 0.000000 -0.000000 0.000000 0.000000 -0.000000 0.000000 0.000000 -0.000000 0.000000 0.000000
-2.675574 71.432053 -58.576359 -88.634071 86.867764 -67.088135 -18.598744 -46.661333 -4.461384 81.743247 83.333694 -77.623956 -21.600859 -45.407134 -27.855402 0.053947 -0.101310 0.070415 12.113362 -55.943402 4.321162 -72.449141 85.644058 73.898913 8.606306 -37.549821 15.819620 0.077280 -0.037601 0.087680 2.242758 40.975169 -0.760968 1.335999 -12.172112 -3.722364 -3.810569 3.784206 -0.220968 3.318669 -8.340837 1.315947 -4.969864 -19.579074 0.711798 -0.000000 0.000000 0.000000 -0.000000 0.000000 0.000000 -0.000000 0.000000 0.000000 21.082830 -0.090089 -9.451115 41.077044 -4.560883 -5.828967 -14.810359 -3.728333 43.147959 -17.848252 -10.103505 12.958702 -0.000000 0.000000 0.000000 -0.000000 0.000000 0.000000 -0.000000 0.000000 0.000000 -0.000000 0.000000 0.000000 -0.000000 0.000000 0.000000 -0.000000 0.000000 0.000000 -0.000000 0.000000 0.000000 -0.000000 0.000000 0.000000 -0.000000 0.000000 0.000000 -0.000000 0.000000 0.000000 -0.000000 0.000000 0.000000 -0.000000 0.000000 0.000000 -0.000000 0.000000 0.000000 -0.000000 0.000000 0.000000 -0.000000 0.000000 0.000000 -21.025154 2.634061 0.792787 -48.088346 -3.061031 3.099466 13.557488 -6.385493 -25.586049 19.840356 -0.489627 -6.607845 -0.000000 0.000000 0.000000 -0.000000 0.000000 0.000000 -0.000000 0.000000 0.000000 -0.000000 0.000000 0.000000 -0.000000 0.000000 0.000000 -0.000000 0.000000 0.000000 -0.000000 0.000000 0.000000 -0.000000 0.000000 0.000000 -0.000000 0.000000 0.000000 -0.000000 0.000000 0.000000 -0.000000 0.000000 0.000000 -0.000000 0.000000 0.000000 -0.000000 0.000000 0.000000 -0.000000 0.000000 0.000000 -0.000000 0.000000 0.000000
-2.708875 71.744690 -57.943546 -75.911079 87.006019 -79.159250 -16.977055 -46.442726 -2.692028 73.274785 83.152707 -70.648749 -22.005303 -45.916816 -27.864773 0.031595 -0.094423 0.036478 10.329615 -55.227398 2.216635 -52.646493 84.880628 55.205960 8.281523 -37.694674 14.810789 0.058094 -0.020001 0.106186 2.296348 41.251629 -0.919626 1.421612 -11.623313 -3.685320 -3.566781 3.307065 -0.390440 3.472028 -9.732478 1.074022 -4.394654 -19.321786 1.294741 -0.000000 0.000000 0.000000 -0.000000 0.000000 0.000000 -0.000000 0.000000 0.000000 23.116973 0.094426 -8.437799 47.503017 -3.135907 -4.295345 -16.385215 -0.086339 42.465290 -12.882740 -8.299658 13.589269 -0.000000 0.000000 0.000000 -0.000000 0.000000 0.000000 -0.000000 0.000000 0.000000 -0.000000 0.000000 0.000000 -0.000000 0.000000 0.000000 -0.000000 0.000000 0.000000 -0.000000 0.000000 0.000000 -0.000000 0.000000 0.000000 -0.000000 0.000000 0.000000 -0.000000 0.000000 0.000000 -0.000000 0.000000 0.000000 -0.000000 0.000000 0.000000 -0.000000 0.000000 0.000000 -0.000000 0.000000 0.000000 -0.000000 0.000000 0.000000 -22.561382 3.178328 -0.546538 -53.489076 -0.972939 0.963774 14.520686 -3.706282 -26.900227 14.782676 -0.040977 -7.373775 -0.000000 0.000000 0.000000 -0.000000 0.000000 0.000000 -0.000000 0.000000 0.000000 -0.000000 0.000000 0.000000 -0.000000 0.000000 0.000000 -0.000000 0.000000 0.000000 -0.000000 0.000000 0.000000 -0.000000 0.000000 0.000000 -0.000000 0.000000 0.000000 -0.000000 0.000000 0.000000 -0.000000 0.000000 0.000000 -0.000000 0.000000 0.000000 -0.000000 0.000000 0.000000 -0.000000 0.000000 0.000000 -0.000000 0.000000 0.000000
-2.816415 72.227303 -56.338757 -59.185247 86.956572 -95.230261 -15.313690 -44.834352 -1.408880 51.602189 81.953270 -49.644002 -21.659060 -45.436934 -27.359744 -0.001216 -0.073994 0.014410 8.820403 -53.339728 0.734871 -32.891393 82.262464 36.081540 7.269799 -36.888478 13.706211 0.048162 -0.018609 0.111517 2.268114 40.458251 -0.870147 1.538935 -11.281426 -3.431424 -3.364014 3.059782 -0.459645 3.424910 -10.745781 0.806126 -3.967535 -19.078351 2.069493 -0.000000 0.000000 0.000000 -0.000000 0.000000 0.000000 -0.000000 0.000000 0.000000 23.998190 0.166685 -7.947764 51.117550 -1.873187 -3.650453 -17.523960 2.727649 41.605019 -8.544756 -6.633240 13.997204 -0.000000 0.000000 0.000000 -0.000000 0.000000 0.000000 -0.000000 0.000000 0.000000 -0.000000 0.000000 0.000000 -0.000000 0.000000 0.000000 -0.000000 0.000000 0.000000 -0.000000 0.000000 0.000000 -0.000000 0.000000 0.000000 -0.000000 0.000000 0.000000 -0.000000 0.000000 0.000000 -0.000000 0.000000 0.000000 -0.000000 0.000000 0.000000 -0.000000 0.000000 0.000000 -0.000000 0.000000 0.000000 -0.000000 0.000000 0.000000 -23.060981 3.349598 -1.245539 -56.964400 0.753407 0.032303 15.666207 -1.623544 -29.404957 10.038231 0.150022 -7.784432 -0.000000 0.000000 0.000000 -0.000000 0.000000 0.000000 -0.000000 0.000000 0.000000 -0.000000 0.000000 0.000000 -0.000000 0.000000 0.000000 -0.000000 0.000000 0.000000 -0.000000 0.000000 0.000000 -0.000000 0.000000 0.000000 -0.000000 0.000000 0.000000 -0.000000 0.000000 0.000000 -0.000000 0.000000 0.000000 -0.000000 0.000000 0.000000 -0.000000 0.000000 0.000000 -0.000000 0.000000 0.000000 -0.000000 0.000000 0.000000
-3.019931 72.875420 -54.042126 -43.647771 86.629947 -110.184359 -13.878721 -42.464734 -0.489533 33.251852 79.151438 -31.623168 -20.505042 -44.006034 -26.304291 -0.016226 -0.004082 0.002590 7.514364 -50.526150 0.037662 -20.064890 78.087186 23.406358 6.092737 -35.363967 12.840114 0.053009 -0.004056 0.114884 2.222469 38.857158 -0.911279 1.685947 -11.001447 -3.011342 -3.252897 3.049447 -0.452687 3.432852 -11.057356 0.369341 -3.751842 -18.915793 2.325114 -0.000000 0.000000 0.000000 -0.000000 0.000000 0.000000 -0.000000 0.000000 0.000000 24.074855 0.220039 -7.801281 52.632097 -0.904434 -3.430214 -17.825971 4.593379 41.019422 -4.827141 -5.349914 14.022822 -0.000000 0.000000 0.000000 -0.000000 0.000000 0.000000 -0.000000 0.000000 0.000000 -0.000000 0.000000 0.000000 -0.000000 0.000000 0.000000 -0.000000 0.000000 0.000000 -0.000000 0.000000 0.000000 -0.000000 0.000000 0.000000 -0.000000 0.000000 0.000000 -0.000000 0.000000 0.000000 -0.000000 0.000000 0.000000 -0.000000 0.000000 0.000000 -0.000000 0.000000 0.000000 -0.000000 0.000000 0.000000 -0.000000 0.000000 0.000000 -23.053949 3.300620 -1.260707 -58.715979 1.690889 0.165222 16.181529 -0.410499 -31.947364 6.045027 -0.064217 -7.825703 -0.000000 0.000000 0.000000 -0.000000 0.000000 0.000000 -0.000000 0.000000 0.000000 -0.000000 0.000000 0.000000 -0.000000 0.000000 0.000000 -0.000000 0.000000 0.000000 -0.000000 0.000000 0.000000 -0.000000 0.000000 0.000000 -0.000000 0.000000 0.000000 -0.000000 0.000000 0.000000 -0.000000 0.000000 0.000000 -0.000000 0.000000 0.000000 -0.000000 0.000000 0.000000 -0.000000 0.000000 0.000000 -0.000000 0.000000 0.000000
-3.339283 73.613014 -51.316280 -32.071667 86.076988 -121.263279 -12.632664 -39.628059 0.049300 20.834325 74.663631 -19.431957 -18.651373 -42.052791 -24.857809 -0.014646 0.041915 0.006567 6.419259 -46.826688 -0.111634 -12.950774 72.933214 16.392031 4.421352 -33.580587 11.587218 0.048956 -0.010495 0.094720 2.229314 36.639939 -0.870281 1.780924 -10.833857 -2.664639 -3.227697 3.014679 -0.309032 3.335957 -11.155819 -0.162997 -3.785837 -18.646780 2.418699 -0.000000 0.000000 0.000000 -0.000000 0.000000 0.000000 -0.000000 0.000000 0.000000 23.696165 0.238992 -8.245663 52.862875 0.032477 -4.306301 -17.471536 5.550050 41.238327 -2.358156 -5.062384 13.907247 -0.000000 0.000000 0.000000 -0.000000 0.000000 0.000000 -0.000000 0.000000 0.000000 -0.000000 0.000000 0.000000 -0.000000 0.000000 0.000000 -0.000000 0.000000 0.000000 -0.000000 0.000000 0.000000 -0.000000 0.000000 0.000000 -0.000000 0.000000 0.000000 -0.000000 0.000000 0.000000 -0.000000 0.000000 0.000000 -0.000000 0.000000 0.000000 -0.000000 0.000000 0.000000 -0.000000 0.000000 0.000000 -0.000000 0.000000 0.000000 -22.658973 2.810659 -0.373799 -59.201242 2.221757 1.190981 16.083487 0.263386 -34.432897 3.517737 -0.429483 -7.630621 -0.000000 0.000000 0.000000 -0.000000 0.000000 0.000000 -0.000000 0.000000 0.000000 -0.000000 0.000000 0.000000 -0.000000 0.000000 0.000000 -0.000000 0.000000 0.000000 -0.000000 0.000000 0.000000 -0.000000 0.000000 0.000000 -0.000000 0.000000 0.000000 -0.000000 0.000000 0.000000 -0.000000 0.000000 0.000000 -0.000000 0.000000 0.000000 -0.000000 0.000000 0.000000 -0.000000 0.000000 0.000000 -0.000000 0.000000 0.000000
-3.764307 74.466721 -48.344517 -22.668621 85.697668 -130.286466 -13.535817 -37.921492 -1.480101 15.333130 69.451723 -11.339476 -13.038873 -34.563162 -20.633650 -0.020589 0.051881 -0.016326 5.508234 -42.877229 -0.104760 -6.245590 68.317087 6.958680 4.767291 -29.638564 13.970149 -0.150246 -0.029526 -0.162913 1.445473 34.217098 -0.296248 2.457008 -14.742322 -2.427385 -3.654431 5.966260 0.111025 4.172328 -14.152330 0.050205 -3.866085 -19.600113 -0.638433 -0.000000 0.000000 0.000000 -0.000000 0.000000 0.000000 -0.000000 0.000000 0.000000 25.103343 1.918988 -9.634879 46.014764 -0.687663 -9.587220 -20.942015 10.912900 52.452717 -7.334193 1.870165 17.077669 -0.000000 0.000000 0.000000 -0.000000 0.000000 0.000000 -0.000000 0.000000 0.000000 -0.000000 0.000000 0.000000 -0.000000 0.000000 0.000000 -0.000000 0.000000 0.000000 -0.000000 0.000000 0.000000 -0.000000 0.000000 0.000000 -0.000000 0.000000 0.000000 -0.000000 0.000000 0.000000 -0.000000 0.000000 0.000000 -0.000000 0.000000 0.000000 -0.000000 0.000000 0.000000 -0.000000 0.000000 0.000000 -0.000000 0.000000 0.000000 -21.745854 3.210844 1.432539 -53.649565 3.245874 4.067196 16.538607 4.957045 -45.109869 11.713291 0.596331 -10.053598 -0.000000 0.000000 0.000000 -0.000000 0.000000 0.000000 -0.000000 0.000000 0.000000 -0.000000 0.000000 0.000000 -0.000000 0.000000 0.000000 -0.000000 0.000000 0.000000 -0.000000 0.000000 0.000000 -0.000000 0.000000 0.000000 -0.000000 0.000000 0.000000 -0.000000 0.000000 0.000000 -0.000000 0.000000 0.000000 -0.000000 0.000000 0.000000 -0.000000 0.000000 0.000000 -0.000000 0.000000 0.000000 -0.000000 0.000000 0.000000
-4.200241 76.265274 -42.320396 -12.885023 86.156530 -140.137447 -12.456103 -32.970436 -1.735128 10.837853 59.189204 -4.973761 -5.910054 -23.495296 -15.572101 -0.007136 0.010184 0.012830 6.418317 -34.192612 2.543489 -1.623841 54.834992 0.966123 0.006721 -19.403933 12.010060 -0.150276 -0.029068 -0.111503 1.706744 30.316551 -1.177188 3.006514 -15.845297 -1.979485 -3.871276 7.849824 0.110701 4.768794 -12.395549 0.872422 -4.452688 -19.299078 -2.320520 -0.000000 0.000000 0.000000 -0.000000 0.000000 0.000000 -0.000000 0.000000 0.000000 23.986050 2.670686 -10.931993 40.113961 0.608474 -12.958538 -21.676193 13.101383 61.142968 -8.932661 4.171796 19.525273 -0.000000 0.000000 0.000000 -0.000000 0.000000 0.000000 -0.000000 0.000000 0.000000 -0.000000 0.000000 0.000000 -0.000000 0.000000 0.000000 -0.000000 0.000000 0.000000 -0.000000 0.000000 0.000000 -0.000000 0.000000 0.000000 -0.000000 0.000000 0.000000 -0.000000 0.000000 0.000000 -0.000000 0.000000 0.000000 -0.000000 0.000000 0.000000 -0.000000 0.000000 0.000000 -0.000000 0.000000 0.000000 -0.000000 0.000000 0.000000 -19.757272 3.660852 2.750106 -49.523799 3.986053 6.410602 17.292554 7.578098 -55.147986 15.309929 2.347574 -12.106274 -0.000000 0.000000 0.000000 -0.000000 0.000000 0.000000 -0.000000 0.000000 0.000000 -0.000000 0.000000 0.000000 -0.000000 0.000000 0.000000 -0.000000 0.000000 0.000000 -0.000000 0.000000 0.000000 -0.000000 0.000000 0.000000 -0.000000 0.000000 0.000000 -0.000000 0.000000 0.000000 -0.000000 0.000000 0.000000 -0.000000 0.000000 0.000000 -0.000000 0.000000 0.000000 -0.000000 0.000000 0.000000 -0.000000 0.000000 0.000000
-4.538280 78.246475 -34.726986 1.568248 86.444496 -154.451007 -11.442494 -28.524547 -2.009799 9.254898 48.302831 -2.789312 1.712412 -7.657630 -11.114225 0.011857 0.018385 0.031898 7.551193 -24.838986 4.882947 0.389978 37.875480 -1.100184 -6.886674 0.456441 9.667414 -0.103151 -0.041056 -0.099204 2.192196 26.056596 -2.563716 3.415901 -15.972278 -1.473937 -4.059518 9.173116 0.066434 5.561234 -9.237724 2.283943 -5.809835 -18.492020 -4.666751 -0.000000 0.000000 0.000000 -0.000000 0.000000 0.000000 -0.000000 0.000000 0.000000 22.701550 3.550452 -11.773231 34.476805 2.610166 -15.277381 -22.507129 15.173410 69.259107 -9.806686 7.324829 21.511942 -0.000000 0.000000 0.000000 -0.000000 0.000000 0.000000 -0.000000 0.000000 0.000000 -0.000000 0.000000 0.000000 -0.000000 0.000000 0.000000 -0.000000 0.000000 0.000000 -0.000000 0.000000 0.000000 -0.000000 0.000000 0.000000 -0.000000 0.000000 0.000000 -0.000000 0.000000 0.000000 -0.000000 0.000000 0.000000 -0.000000 0.000000 0.000000 -0.000000 0.000000 0.000000 -0.000000 0.000000 0.000000 -0.000000 0.000000 0.000000 -17.298531 4.206079 3.694690 -45.211622 4.648856 7.738203 17.858953 9.533151 -64.938969 17.169874 4.051170 -14.091305 -0.000000 0.000000 0.000000 -0.000000 0.000000 0.000000 -0.000000 0.000000 0.000000 -0.000000 0.000000 0.000000 -0.000000 0.000000 0.000000 -0.000000 0.000000 0.000000 -0.000000 0.000000 0.000000 -0.000000 0.000000 0.000000 -0.000000 0.000000 0.000000 -0.000000 0.000000 0.000000 -0.000000 0.000000 0.000000 -0.000000 0.000000 0.000000 -0.000000 0.000000 0.000000 -0.000000 0.000000 0.000000 -0.000000 0.000000 0.000000
-4.862700 80.104660 -26.738899 15.029765 86.454330 -167.580068 -10.913450 -25.729172 -1.857810 8.489893 39.969753 -2.987845 8.247134 9.121359 -9.558657 0.051420 -0.054647 0.058585 8.457777 -17.956479 6.329031 1.505171 23.584078 -0.019773 -15.358624 25.190839 11.242322 -0.015941 -0.046699 -0.199313 2.844991 22.148055 -3.953099 3.553323 -15.641059 -1.286131 -4.206101 9.730851 -0.111354 6.700360 -5.580975 3.919785 -7.570955 -17.752824 -7.508453 -0.000000 0.000000 0.000000 -0.000000 0.000000 0.000000 -0.000000 0.000000 0.000000 21.679426 4.815561 -12.419404 29.667484 4.425065 -16.489817 -24.082728 16.694253 76.258359 -9.155162 10.745895 23.014622 -0.000000 0.000000 0.000000 -0.000000 0.000000 0.000000 -0.000000 0.000000 0.000000 -0.000000 0.000000 0.000000 -0.000000 0.000000 0.000000 -0.000000 0.000000 0.000000 -0.000000 0.000000 0.000000 -0.000000 0.000000 0.000000 -0.000000 0.000000 0.000000 -0.000000 0.000000 0.000000 -0.000000 0.000000 0.000000 -0.000000 0.000000 0.000000 -0.000000 0.000000 0.000000 -0.000000 0.000000 0.000000 -0.000000 0.000000 0.000000 -15.045307 4.630511 4.456236 -40.979799 5.415604 8.334118 18.288552 10.075149 -73.398985 17.599285 4.723380 -16.111849 -0.000000 0.000000 0.000000 -0.000000 0.000000 0.000000 -0.000000 0.000000 0.000000 -0.000000 0.000000 0.000000 -0.000000 0.000000 0.000000 -0.000000 0.000000 0.000000 -0.000000 0.000000 0.000000 -0.000000 0.000000 0.000000 -0.000000 0.000000 0.000000 -0.000000 0.000000 0.000000 -0.000000 0.000000 0.000000 -0.000000 0.000000 0.000000 -0.000000 0.000000 0.000000 -0.000000 0.000000 0.000000 -0.000000 0.000000 0.000000
-5.103843 81.546478 -19.332287 22.685449 86.608136 -174.798141 -10.704294 -24.528640 -1.848810 8.480899 36.700758 -3.811449 11.646104 17.734636 -10.271979 0.121812 -0.094013 0.118989 8.832669 -15.051899 6.869687 1.842921 18.447839 1.412670 -21.943519 37.408491 15.542070 -0.035313 -0.037994 -0.238079 3.315066 19.941016 -4.764776 3.645094 -15.644542 -1.310247 -4.382017 10.209059 -0.346740 7.407604 -2.886241 4.590956 -8.786525 -17.813831 -9.775986 -0.000000 0.000000 0.000000 -0.000000 0.000000 0.000000 -0.000000 0.000000 0.000000 21.019061 5.676347 -12.967266 25.552237 5.474759 -17.653523 -25.116047 16.913714 82.429016 -8.084176 13.507154 23.685882 -0.000000 0.000000 0.000000 -0.000000 0.000000 0.000000 -0.000000 0.000000 0.000000 -0.000000 0.000000 0.000000 -0.000000 0.000000 0.000000 -0.000000 0.000000 0.000000 -0.000000 0.000000 0.000000 -0.000000 0.000000 0.000000 -0.000000 0.000000 0.000000 -0.000000 0.000000 0.000000 -0.000000 0.000000 0.000000 -0.000000 0.000000 0.000000 -0.000000 0.000000 0.000000 -0.000000 0.000000 0.000000 -0.000000 0.000000 0.000000 -13.198132 4.837064 4.867395 -36.788982 5.417796 8.167116 18.505903 8.369663 -80.774038 17.764336 5.056934 -17.343089 -0.000000 0.000000 0.000000 -0.000000 0.000000 0.000000 -0.000000 0.000000 0.000000 -0.000000 0.000000 0.000000 -0.000000 0.000000 0.000000 -0.000000 0.000000 0.000000 -0.000000 0.000000 0.000000 -0.000000 0.000000 0.000000 -0.000000 0.000000 0.000000 -0.000000 0.000000 0.000000 -0.000000 0.000000 0.000000 -0.000000 0.000000 0.000000 -0.000000 0.000000 0.000000 -0.000000 0.000000 0.000000 -0.000000 0.000000 0.000000
-5.235647 82.608040 -13.397327 22.494630 87.184655 -174.340389 -10.336153 -23.673159 -1.763512 8.730290 36.143183 -4.068463 11.870397 18.811715 -10.597706 0.138724 -0.070605 0.153742 8.399017 -14.385075 6.797577 1.252242 19.255264 2.295136 -24.563666 41.127019 18.063187 -0.067914 -0.028040 -0.236881 3.423526 19.566262 -5.005872 3.443747 -15.802823 -1.397677 -4.369737 10.534109 -0.502452 7.312157 -1.841427 4.493841 -8.900923 -17.386821 -10.550195 -0.000000 0.000000 0.000000 -0.000000 0.000000 0.000000 -0.000000 0.000000 0.000000 20.723037 5.724028 -13.193557 23.079650 6.138339 -18.545360 -25.403160 16.339472 84.930497 -7.472016 15.968847 23.562677 -0.000000 0.000000 0.000000 -0.000000 0.000000 0.000000 -0.000000 0.000000 0.000000 -0.000000 0.000000 0.000000 -0.000000 0.000000 0.000000 -0.000000 0.000000 0.000000 -0.000000 0.000000 0.000000 -0.000000 0.000000 0.000000 -0.000000 0.000000 0.000000 -0.000000 0.000000 0.000000 -0.000000 0.000000 0.000000 -0.000000 0.000000 0.000000 -0.000000 0.000000 0.000000 -0.000000 0.000000 0.000000 -0.000000 0.000000 0.000000 -12.139166 4.424013 5.056959 -33.027691 4.727255 7.661442 18.531226 4.373221 -86.589701 17.889465 4.836127 -17.635378 -0.000000 0.000000 0.000000 -0.000000 0.000000 0.000000 -0.000000 0.000000 0.000000 -0.000000 0.000000 0.000000 -0.000000 0.000000 0.000000 -0.000000 0.000000 0.000000 -0.000000 0.000000 0.000000 -0.000000 0.000000 0.000000 -0.000000 0.000000 0.000000 -0.000000 0.000000 0.000000 -0.000000 0.000000 0.000000 -0.000000 0.000000 0.000000 -0.000000 0.000000 0.000000 -0.000000 0.000000 0.000000 -0.000000 0.000000 0.000000
-5.409608 83.538887 -8.626390 14.254826 87.793388 -166.122748 -9.848194 -21.989020 -1.683724 7.892349 34.418483 -2.956326 11.215989 18.121719 -10.460592 0.141678 -0.054259 0.202662 7.310227 -14.024096 6.767357 0.368931 19.978594 3.044062 -25.344042 42.132207 18.502080 -0.089903 -0.047265 -0.226159 3.317364 19.611112 -4.882155 3.298866 -15.884448 -1.283354 -4.420029 10.736064 -0.521554 6.592277 -0.979143 4.189922 -8.465573 -16.735597 -10.507681 -0.000000 0.000000 0.000000 -0.000000 0.000000 0.000000 -0.000000 0.000000 0.000000 20.435057 5.461192 -13.342955 22.344407 5.993691 -18.749605 -24.915673 15.719154 83.522932 -6.851759 17.311997 22.489699 -0.000000 0.000000 0.000000 -0.000000 0.000000 0.000000 -0.000000 0.000000 0.000000 -0.000000 0.000000 0.000000 -0.000000 0.000000 0.000000 -0.000000 0.000000 0.000000 -0.000000 0.000000 0.000000 -0.000000 0.000000 0.000000 -0.000000 0.000000 0.000000 -0.000000 0.000000 0.000000 -0.000000 0.000000 0.000000 -0.000000 0.000000 0.000000 -0.000000 0.000000 0.000000 -0.000000 0.000000 0.000000 -0.000000 0.000000 0.000000 -11.582564 3.616861 5.119359 -30.608912 3.926776 6.705098 18.054386 0.186272 -89.129821 18.115162 4.176281 -17.586683 -0.000000 0.000000 0.000000 -0.000000 0.000000 0.000000 -0.000000 0.000000 0.000000 -0.000000 0.000000 0.000000 -0.000000 0.000000 0.000000 -0.000000 0.000000 0.000000 -0.000000 0.000000 0.000000 -0.000000 0.000000 0.000000 -0.000000 0.000000 0.000000 -0.000000 0.000000 0.000000 -0.000000 0.000000 0.000000 -0.000000 0.000000 0.000000 -0.000000 0.000000 0.000000 -0.000000 0.000000 0.000000 -0.000000 0.000000 0.000000
-5.577449 84.388229 -5.034029 3.462052 88.072730 -155.678217 -9.098490 -20.530537 -1.249940 6.887105 32.124210 -2.323708 10.585330 17.346125 -10.382320 0.115018 -0.059484 0.216898 6.084733 -13.608850 6.281270 -0.576052 19.797787 4.031043 -25.545140 41.945860 18.258373 -0.081849 -0.077912 -0.223836 3.133650 19.500047 -4.540423 3.017273 -15.808168 -1.068191 -4.360261 10.682170 -0.473115 6.088334 -0.470245 3.873027 -7.904702 -15.816900 -10.382929 -0.000000 0.000000 0.000000 -0.000000 0.000000 0.000000 -0.000000 0.000000 0.000000 20.670208 4.899348 -13.622150 22.836481 5.296768 -18.593983 -24.247231 14.990782 80.807841 -6.531941 17.949115 21.657021 -0.000000 0.000000 0.000000 -0.000000 0.000000 0.000000 -0.000000 0.000000 0.000000 -0.000000 0.000000 0.000000 -0.000000 0.000000 0.000000 -0.000000 0.000000 0.000000 -0.000000 0.000000 0.000000 -0.000000 0.000000 0.000000 -0.000000 0.000000 0.000000 -0.000000 0.000000 0.000000 -0.000000 0.000000 0.000000 -0.000000 0.000000 0.000000 -0.000000 0.000000 0.000000 -0.000000 0.000000 0.000000 -0.000000 0.000000 0.000000 -11.213657 2.864405 5.607441 -29.177500 2.967700 5.190766 18.027994 -3.067749 -91.007544 17.666332 3.845119 -17.035886 -0.000000 0.000000 0.000000 -0.000000 0.000000 0.000000 -0.000000 0.000000 0.000000 -0.000000 0.000000 0.000000 -0.000000 0.000000 0.000000 -0.000000 0.000000 0.000000 -0.000000 0.000000 0.000000 -0.000000 0.000000 0.000000 -0.000000 0.000000 0.000000 -0.000000 0.000000 0.000000 -0.000000 0.000000 0.000000 -0.000000 0.000000 0.000000 -0.000000 0.000000 0.000000 -0.000000 0.000000 0.000000 -0.000000 0.000000 0.000000
-5.788347 85.197762 -1.824020 -2.540165 87.992037 -150.566737 -8.406549 -17.554419 -1.282161 5.467766 25.399751 -3.000804 14.191704 23.814275 -11.679918 0.153870 -0.216829 0.181948 4.429758 -12.433674 5.476576 -0.697657 16.166023 3.167668 -26.858581 41.864548 18.079111 -0.098019 0.031358 -0.126120 2.586321 18.239819 -3.348951 3.041565 -13.869493 -0.903519 -4.033689 10.032724 -0.144722 5.360840 -0.557323 3.935190 -7.559404 -15.131999 -9.750264 -0.000000 0.000000 0.000000 -0.000000 0.000000 0.000000 -0.000000 0.000000 0.000000 19.155811 5.290432 -13.210303 23.697305 6.098283 -16.961336 -22.261253 16.829769 79.312856 -7.872205 12.349057 22.284663 -0.000000 0.000000 0.000000 -0.000000 0.000000 0.000000 -0.000000 0.000000 0.000000 -0.000000 0.000000 0.000000 -0.000000 0.000000 0.000000 -0.000000 0.000000 0.000000 -0.000000 0.000000 0.000000 -0.000000 0.000000 0.000000 -0.000000 0.000000 0.000000 -0.000000 0.000000 0.000000 -0.000000 0.000000 0.000000 -0.000000 0.000000 0.000000 -0.000000 0.000000 0.000000 -0.000000 0.000000 0.000000 -0.000000 0.000000 0.000000 -10.203908 1.357141 6.995785 -27.003701 3.888199 4.710394 17.151958 -3.307103 -92.113786 17.679035 4.721415 -15.039899 -0.000000 0.000000 0.000000 -0.000000 0.000000 0.000000 -0.000000 0.000000 0.000000 -0.000000 0.000000 0.000000 -0.000000 0.000000 0.000000 -0.000000 0.000000 0.000000 -0.000000 0.000000 0.000000 -0.000000 0.000000 0.000000 -0.000000 0.000000 0.000000 -0.000000 0.000000 0.000000 -0.000000 0.000000 0.000000 -0.000000 0.000000 0.000000 -0.000000 0.000000 0.000000 -0.000000 0.000000 0.000000 -0.000000 0.000000 0.000000
-5.821583 85.810387 -1.409932 -7.429790 87.593346 -146.331772 -7.838060 -16.583493 -1.432566 4.531297 20.422198 -2.917942 15.251138 24.625594 -12.708624 0.177804 -0.227853 0.185658 3.660741 -12.845799 5.019789 -1.147108 15.539403 2.675009 -26.038380 39.728204 17.159245 -0.106326 0.061062 -0.122719 1.852931 17.985663 -2.630268 3.266012 -13.854631 -0.586392 -3.993172 10.001105 0.012270 5.025059 -1.323576 3.580927 -7.273104 -14.573416 -9.472092 -0.000000 0.000000 0.000000 -0.000000 0.000000 0.000000 -0.000000 0.000000 0.000000 18.724262 5.000497 -13.105424 22.929501 7.165277 -16.222770 -21.042437 17.223522 78.380005 -8.616772 11.040016 22.791625 -0.000000 0.000000 0.000000 -0.000000 0.000000 0.000000 -0.000000 0.000000 0.000000 -0.000000 0.000000 0.000000 -0.000000 0.000000 0.000000 -0.000000 0.000000 0.000000 -0.000000 0.000000 0.000000 -0.000000 0.000000 0.000000 -0.000000 0.000000 0.000000 -0.000000 0.000000 0.000000 -0.000000 0.000000 0.000000 -0.000000 0.000000 0.000000 -0.000000 0.000000 0.000000 -0.000000 0.000000 0.000000 -0.000000 0.000000 0.000000 -9.653586 1.116365 7.494436 -24.718384 4.736586 5.067685 16.471000 -1.042152 -90.450092 17.229866 5.399563 -14.258696 -0.000000 0.000000 0.000000 -0.000000 0.000000 0.000000 -0.000000 0.000000 0.000000 -0.000000 0.000000 0.000000 -0.000000 0.000000 0.000000 -0.000000 0.000000 0.000000 -0.000000 0.000000 0.000000 -0.000000 0.000000 0.000000 -0.000000 0.000000 0.000000 -0.000000 0.000000 0.000000 -0.000000 0.000000 0.000000 -0.000000 0.000000 0.000000 -0.000000 0.000000 0.000000 -0.000000 0.000000 0.000000 -0.000000 0.000000 0.000000
-5.825775 86.457405 -2.433069 -10.126557 87.196917 -144.264147 -7.309028 -15.843705 -1.657441 3.845090 15.756401 -2.947740 16.379819 25.552899 -13.759313 0.177984 -0.211822 0.165086 3.146460 -13.134174 4.732452 -1.400159 14.895952 1.964749 -25.434378 38.076515 16.887800 -0.134170 0.061959 -0.127401 1.114302 17.705125 -2.002061 3.504027 -13.868154 -0.426583 -3.911047 9.954461 0.075810 4.645496 -2.115715 3.352960 -7.165289 -14.418009 -8.979931 -0.000000 0.000000 0.000000 -0.000000 0.000000 0.000000 -0.000000 0.000000 0.000000 18.251693 4.878877 -13.299675 21.014328 8.683249 -15.784378 -20.098054 18.126623 79.083579 -8.838360 9.319916 23.567856 -0.000000 0.000000 0.000000 -0.000000 0.000000 0.000000 -0.000000 0.000000 0.000000 -0.000000 0.000000 0.000000 -0.000000 0.000000 0.000000 -0.000000 0.000000 0.000000 -0.000000 0.000000 0.000000 -0.000000 0.000000 0.000000 -0.000000 0.000000 0.000000 -0.000000 0.000000 0.000000 -0.000000 0.000000 0.000000 -0.000000 0.000000 0.000000 -0.000000 0.000000 0.000000 -0.000000 0.000000 0.000000 -0.000000 0.000000 0.000000 -8.935513 1.218995 8.020055 -22.362362 5.840914 5.832482 15.557634 1.515272 -88.247994 17.084757 5.778169 -13.862726 -0.000000 0.000000 0.000000 -0.000000 0.000000 0.000000 -0.000000 0.000000 0.000000 -0.000000 0.000000 0.000000 -0.000000 0.000000 0.000000 -0.000000 0.000000 0.000000 -0.000000 0.000000 0.000000 -0.000000 0.000000 0.000000 -0.000000 0.000000 0.000000 -0.000000 0.000000 0.000000 -0.000000 0.000000 0.000000 -0.000000 0.000000 0.000000 -0.000000 0.000000 0.000000 -0.000000 0.000000 0.000000 -0.000000 0.000000 0.000000
-5.797412 87.171738 -4.679022 -9.314483 86.842525 -145.607627 -6.881132 -15.300813 -2.156475 3.361180 11.348542 -2.984254 17.816680 27.027568 -14.828155 0.171974 -0.203008 0.161458 2.879136 -13.197376 4.810788 -1.523226 13.952041 1.611272 -25.051879 36.974116 16.981592 -0.143851 0.059060 -0.171513 0.530281 17.337099 -1.468840 3.783659 -13.881850 -0.356467 -3.772980 10.000735 0.123600 4.291981 -2.654925 3.246319 -7.416500 -14.406357 -8.766902 -0.000000 0.000000 0.000000 -0.000000 0.000000 0.000000 -0.000000 0.000000 0.000000 17.862529 5.071290 -13.396519 19.489584 9.862813 -15.335739 -19.141112 18.790853 79.280209 -9.087870 8.016445 24.458805 -0.000000 0.000000 0.000000 -0.000000 0.000000 0.000000 -0.000000 0.000000 0.000000 -0.000000 0.000000 0.000000 -0.000000 0.000000 0.000000 -0.000000 0.000000 0.000000 -0.000000 0.000000 0.000000 -0.000000 0.000000 0.000000 -0.000000 0.000000 0.000000 -0.000000 0.000000 0.000000 -0.000000 0.000000 0.000000 -0.000000 0.000000 0.000000 -0.000000 0.000000 0.000000 -0.000000 0.000000 0.000000 -0.000000 0.000000 0.000000 -8.248515 1.595070 8.133098 -20.894619 6.828634 7.030373 14.486069 3.702356 -85.445457 16.906177 5.773472 -13.366900 -0.000000 0.000000 0.000000 -0.000000 0.000000 0.000000 -0.000000 0.000000 0.000000 -0.000000 0.000000 0.000000 -0.000000 0.000000 0.000000 -0.000000 0.000000 0.000000 -0.000000 0.000000 0.000000 -0.000000 0.000000 0.000000 -0.000000 0.000000 0.000000 -0.000000 0.000000 0.000000 -0.000000 0.000000 0.000000 -0.000000 0.000000 0.000000 -0.000000 0.000000 0.000000 -0.000000 0.000000 0.000000 -0.000000 0.000000 0.000000
-5.832996 87.906357 -8.051099 -5.975872 86.450887 -149.236114 -6.393293 -14.801285 -2.572337 3.043505 7.116344 -3.010757 19.692883 28.874503 -16.022214 0.163182 -0.202556 0.180770 2.926125 -13.172280 4.929626 -1.531389 13.017980 1.514111 -25.017146 36.475922 17.515038 -0.154209 0.053219 -0.149919 0.009425 16.770609 -1.024555 4.064539 -13.637698 -0.304403 -3.632819 10.026218 0.103221 4.075082 -3.120710 3.365957 -7.695974 -14.335431 -8.384062 -0.000000 0.000000 0.000000 -0.000000 0.000000 0.000000 -0.000000 0.000000 0.000000 17.425488 5.341599 -13.477845 18.224053 11.250361 -14.823413 -18.224308 19.219696 80.088027 -9.394307 6.314606 25.129509 -0.000000 0.000000 0.000000 -0.000000 0.000000 0.000000 -0.000000 0.000000 0.000000 -0.000000 0.000000 0.000000 -0.000000 0.000000 0.000000 -0.000000 0.000000 0.000000 -0.000000 0.000000 0.000000 -0.000000 0.000000 0.000000 -0.000000 0.000000 0.000000 -0.000000 0.000000 0.000000 -0.000000 0.000000 0.000000 -0.000000 0.000000 0.000000 -0.000000 0.000000 0.000000 -0.000000 0.000000 0.000000 -0.000000 0.000000 0.000000 -7.595997 2.062486 8.222826 -20.106037 7.783942 7.892615 13.144657 5.790801 -82.478819 16.726149 5.426937 -12.728306 -0.000000 0.000000 0.000000 -0.000000 0.000000 0.000000 -0.000000 0.000000 0.000000 -0.000000 0.000000 0.000000 -0.000000 0.000000 0.000000 -0.000000 0.000000 0.000000 -0.000000 0.000000 0.000000 -0.000000 0.000000 0.000000 -0.000000 0.000000 0.000000 -0.000000 0.000000 0.000000 -0.000000 0.000000 0.000000 -0.000000 0.000000 0.000000 -0.000000 0.000000 0.000000 -0.000000 0.000000 0.000000 -0.000000 0.000000 0.000000
-5.830370 88.678772 -12.523952 -2.824044 86.139174 -152.486046 -5.943842 -14.604394 -2.805860 3.099148 4.379424 -3.250167 21.460297 30.388492 -16.952371 0.140450 -0.189380 0.209434 3.175753 -12.795082 5.023161 -1.293630 11.690694 1.803135 -25.436432 36.640823 18.609664 -0.166092 0.041938 -0.111559 -0.306556 16.025326 -0.806074 4.263675 -13.339100 -0.387226 -3.495712 10.065279 0.012469 3.992617 -3.222536 3.617285 -8.087960 -14.456435 -8.136067 -0.000000 0.000000 0.000000 -0.000000 0.000000 0.000000 -0.000000 0.000000 0.000000 17.303099 5.793410 -13.802572 17.575445 12.526776 -14.788798 -17.474277 19.744799 81.190952 -9.224058 4.774147 25.683426 -0.000000 0.000000 0.000000 -0.000000 0.000000 0.000000 -0.000000 0.000000 0.000000 -0.000000 0.000000 0.000000 -0.000000 0.000000 0.000000 -0.000000 0.000000 0.000000 -0.000000 0.000000 0.000000 -0.000000 0.000000 0.000000 -0.000000 0.000000 0.000000 -0.000000 0.000000 0.000000 -0.000000 0.000000 0.000000 -0.000000 0.000000 0.000000 -0.000000 0.000000 0.000000 -0.000000 0.000000 0.000000 -0.000000 0.000000 0.000000 -7.240819 2.696283 8.627110 -20.033127 8.495303 8.992035 11.939621 7.428549 -80.593022 16.411011 4.671032 -11.793046 -0.000000 0.000000 0.000000 -0.000000 0.000000 0.000000 -0.000000 0.000000 0.000000 -0.000000 0.000000 0.000000 -0.000000 0.000000 0.000000 -0.000000 0.000000 0.000000 -0.000000 0.000000 0.000000 -0.000000 0.000000 0.000000 -0.000000 0.000000 0.000000 -0.000000 0.000000 0.000000 -0.000000 0.000000 0.000000 -0.000000 0.000000 0.000000 -0.000000 0.000000 0.000000 -0.000000 0.000000 0.000000 -0.000000 0.000000 0.000000
-5.784305 89.350296 -17.908630 0.216407 85.922119 -155.419655 -5.530618 -15.234089 -2.625519 3.308738 3.718036 -3.520038 22.563799 31.217101 -17.698244 0.102853 -0.148462 0.228380 3.686344 -12.389922 5.059055 -0.879825 10.483460 1.996095 -25.861090 36.924614 19.600983 -0.192092 0.024706 -0.080293 -0.448706 15.678182 -0.856474 4.421006 -13.076829 -0.581133 -3.398558 9.977255 -0.120336 4.214593 -3.128675 3.743157 -8.544967 -14.618238 -8.093552 -0.000000 0.000000 0.000000 -0.000000 0.000000 0.000000 -0.000000 0.000000 0.000000 17.383228 6.236340 -14.118932 17.211740 13.513406 -14.913191 -16.946952 19.884402 83.284105 -8.911768 3.103455 26.200184 -0.000000 0.000000 0.000000 -0.000000 0.000000 0.000000 -0.000000 0.000000 0.000000 -0.000000 0.000000 0.000000 -0.000000 0.000000 0.000000 -0.000000 0.000000 0.000000 -0.000000 0.000000 0.000000 -0.000000 0.000000 0.000000 -0.000000 0.000000 0.000000 -0.000000 0.000000 0.000000 -0.000000 0.000000 0.000000 -0.000000 0.000000 0.000000 -0.000000 0.000000 0.000000 -0.000000 0.000000 0.000000 -0.000000 0.000000 0.000000 -7.135218 3.325300 9.063295 -20.658628 8.843291 10.355662 10.939070 8.573982 -79.168186 15.885638 3.953829 -10.730582 -0.000000 0.000000 0.000000 -0.000000 0.000000 0.000000 -0.000000 0.000000 0.000000 -0.000000 0.000000 0.000000 -0.000000 0.000000 0.000000 -0.000000 0.000000 0.000000 -0.000000 0.000000 0.000000 -0.000000 0.000000 0.000000 -0.000000 0.000000 0.000000 -0.000000 0.000000 0.000000 -0.000000 0.000000 0.000000 -0.000000 0.000000 0.000000 -0.000000 0.000000 0.000000 -0.000000 0.000000 0.000000 -0.000000 0.000000 0.000000
-5.837778 90.071327 -24.752209 1.659192 85.850908 -156.477042 -5.293805 -15.844576 -2.139453 3.710277 4.732151 -2.955317 21.890291 30.068320 -17.572108 0.034787 -0.047166 0.179933 4.126353 -11.856674 4.637680 -0.526896 10.277153 1.676085 -24.884249 35.689773 19.963211 -0.202376 -0.042604 -0.098738 -0.415038 15.363745 -0.961251 4.374350 -12.516087 -0.815998 -3.256142 9.651439 -0.331829 4.542145 -3.743347 3.945967 -9.140980 -14.662489 -8.284075 -0.000000 0.000000 0.000000 -0.000000 0.000000 0.000000 -0.000000 0.000000 0.000000 17.746258 6.506748 -14.401051 17.273833 13.916720 -15.232582 -16.254905 19.691984 85.026371 -9.017411 1.789443 26.144258 -0.000000 0.000000 0.000000 -0.000000 0.000000 0.000000 -0.000000 0.000000 0.000000 -0.000000 0.000000 0.000000 -0.000000 0.000000 0.000000 -0.000000 0.000000 0.000000 -0.000000 0.000000 0.000000 -0.000000 0.000000 0.000000 -0.000000 0.000000 0.000000 -0.000000 0.000000 0.000000 -0.000000 0.000000 0.000000 -0.000000 0.000000 0.000000 -0.000000 0.000000 0.000000 -0.000000 0.000000 0.000000 -0.000000 0.000000 0.000000 -7.372591 3.733747 9.870665 -21.389092 8.921197 12.155018 10.133603 9.374244 -78.818432 15.391398 4.074067 -9.808473 -0.000000 0.000000 0.000000 -0.000000 0.000000 0.000000 -0.000000 0.000000 0.000000 -0.000000 0.000000 0.000000 -0.000000 0.000000 0.000000 -0.000000 0.000000 0.000000 -0.000000 0.000000 0.000000 -0.000000 0.000000 0.000000 -0.000000 0.000000 0.000000 -0.000000 0.000000 0.000000 -0.000000 0.000000 0.000000 -0.000000 0.000000 0.000000 -0.000000 0.000000 0.000000 -0.000000 0.000000 0.000000 -0.000000 0.000000 0.000000
-6.063685 90.912262 -32.630680 2.529918 86.594268 -156.732633 -4.729686 -16.121550 -1.693163 3.569611 7.946484 -2.238775 19.275454 27.408668 -15.007121 0.015697 -0.072280 0.418824 4.709715 -11.802021 5.184492 0.118987 10.923799 2.144875 -23.124187 35.368617 19.396079 -0.097200 -0.129812 -0.143473 0.148222 14.552045 -1.810812 4.062101 -9.365424 -0.842825 -3.432704 8.642534 -0.050787 5.491710 -2.978884 4.607816 -9.511408 -14.910505 -8.612623 -0.000000 0.000000 0.000000 -0.000000 0.000000 0.000000 -0.000000 0.000000 0.000000 17.515813 6.425096 -13.888254 21.511214 13.394131 -16.678348 -14.402515 19.708165 83.280269 -8.778457 1.026986 27.274622 -0.000000 0.000000 0.000000 -0.000000 0.000000 0.000000 -0.000000 0.000000 0.000000 -0.000000 0.000000 0.000000 -0.000000 0.000000 0.000000 -0.000000 0.000000 0.000000 -0.000000 0.000000 0.000000 -0.000000 0.000000 0.000000 -0.000000 0.000000 0.000000 -0.000000 0.000000 0.000000 -0.000000 0.000000 0.000000 -0.000000 0.000000 0.000000 -0.000000 0.000000 0.000000 -0.000000 0.000000 0.000000 -0.000000 0.000000 0.000000 -7.958707 4.107397 8.491737 -23.786338 9.820189 14.649504 10.607831 7.295900 -76.049819 14.778736 5.040810 -11.657640 -0.000000 0.000000 0.000000 -0.000000 0.000000 0.000000 -0.000000 0.000000 0.000000 -0.000000 0.000000 0.000000 -0.000000 0.000000 0.000000 -0.000000 0.000000 0.000000 -0.000000 0.000000 0.000000 -0.000000 0.000000 0.000000 -0.000000 0.000000 0.000000 -0.000000 0.000000 0.000000 -0.000000 0.000000 0.000000 -0.000000 0.000000 0.000000 -0.000000 0.000000 0.000000 -0.000000 0.000000 0.000000 -0.000000 0.000000 0.000000
-6.020531 91.215729 -41.212257 6.009962 87.478600 -159.388671 -4.227796 -18.085304 0.166134 5.043013 16.807532 0.004833 13.057783 18.224269 -12.979108 -0.056827 0.128997 0.331679 4.735121 -13.415561 4.539737 -0.094547 18.992824 0.508499 -18.248649 25.954257 16.467760 0.148865 -0.232557 -0.352056 1.330533 15.551682 -2.542385 3.409010 -8.439068 -1.229804 -3.609467 7.989004 -0.437199 5.535481 -3.172749 5.414274 -9.420575 -16.114152 -7.534359 -0.000000 0.000000 0.000000 -0.000000 0.000000 0.000000 -0.000000 0.000000 0.000000 18.478954 6.351281 -13.733645 25.007136 11.881574 -17.573733 -14.773947 17.640688 79.747980 -9.905187 0.277610 25.570479 -0.000000 0.000000 0.000000 -0.000000 0.000000 0.000000 -0.000000 0.000000 0.000000 -0.000000 0.000000 0.000000 -0.000000 0.000000 0.000000 -0.000000 0.000000 0.000000 -0.000000 0.000000 0.000000 -0.000000 0.000000 0.000000 -0.000000 0.000000 0.000000 -0.000000 0.000000 0.000000 -0.000000 0.000000 0.000000 -0.000000 0.000000 0.000000 -0.000000 0.000000 0.000000 -0.000000 0.000000 0.000000 -0.000000 0.000000 0.000000 -9.976357 4.194904 8.208218 -25.563305 8.377017 15.014282 11.209649 5.974994 -71.976879 12.718540 6.461232 -11.858526 -0.000000 0.000000 0.000000 -0.000000 0.000000 0.000000 -0.000000 0.000000 0.000000 -0.000000 0.000000 0.000000 -0.000000 0.000000 0.000000 -0.000000 0.000000 0.000000 -0.000000 0.000000 0.000000 -0.000000 0.000000 0.000000 -0.000000 0.000000 0.000000 -0.000000 0.000000 0.000000 -0.000000 0.000000 0.000000 -0.000000 0.000000 0.000000 -0.000000 0.000000 0.000000 -0.000000 0.000000 0.000000 -0.000000 0.000000 0.000000
-5.730429 91.231674 -50.650764 -3.642323 88.852849 -148.706191 -3.598185 -22.692333 1.615027 8.051408 33.003938 1.211776 0.628687 -6.318131 -12.743659 -0.012712 0.256870 -0.006272 4.861728 -17.971645 3.826272 -1.604583 35.036413 -1.262760 -8.647832 0.016269 12.652295 -0.071133 -0.092554 -0.058958 2.382761 19.447511 -2.907021 2.871965 -9.556226 -1.646300 -3.348650 8.383193 -0.599526 4.494114 -6.031834 3.841318 -7.097974 -17.803884 -4.901303 -0.000000 0.000000 0.000000 -0.000000 0.000000 0.000000 -0.000000 0.000000 0.000000 19.416628 5.368104 -13.397924 28.060359 10.938488 -18.962786 -14.555351 15.808509 74.243946 -11.654095 -2.149328 22.983333 -0.000000 0.000000 0.000000 -0.000000 0.000000 0.000000 -0.000000 0.000000 0.000000 -0.000000 0.000000 0.000000 -0.000000 0.000000 0.000000 -0.000000 0.000000 0.000000 -0.000000 0.000000 0.000000 -0.000000 0.000000 0.000000 -0.000000 0.000000 0.000000 -0.000000 0.000000 0.000000 -0.000000 0.000000 0.000000 -0.000000 0.000000 0.000000 -0.000000 0.000000 0.000000 -0.000000 0.000000 0.000000 -0.000000 0.000000 0.000000 -13.125238 4.160715 7.718753 -26.465103 7.301350 15.859197 12.573470 5.851499 -65.999727 11.601459 7.566485 -11.850013 -0.000000 0.000000 0.000000 -0.000000 0.000000 0.000000 -0.000000 0.000000 0.000000 -0.000000 0.000000 0.000000 -0.000000 0.000000 0.000000 -0.000000 0.000000 0.000000 -0.000000 0.000000 0.000000 -0.000000 0.000000 0.000000 -0.000000 0.000000 0.000000 -0.000000 0.000000 0.000000 -0.000000 0.000000 0.000000 -0.000000 0.000000 0.000000 -0.000000 0.000000 0.000000 -0.000000 0.000000 0.000000 -0.000000 0.000000 0.000000
-5.343740 90.739777 -58.869957 -111.127955 89.173342 -40.109512 -2.745218 -29.358003 2.230730 12.366114 50.988561 -2.798751 -10.450567 -25.362806 -17.285467 0.068573 0.145800 0.047719 4.539641 -25.367423 3.023348 -3.571654 54.053635 0.478268 -0.302062 -22.642100 13.805797 -0.164916 -0.046054 0.007814 3.132716 24.623625 -3.185630 2.258364 -9.998543 -2.017221 -2.889994 8.234910 -0.757394 3.357178 -10.225513 1.521325 -4.249941 -19.333829 -1.996824 -0.000000 0.000000 0.000000 -0.000000 0.000000 0.000000 -0.000000 0.000000 0.000000 21.011283 3.969002 -12.572215 33.570222 9.146134 -17.812917 -14.393495 14.958557 64.607932 -12.426706 -4.426658 20.229376 -0.000000 0.000000 0.000000 -0.000000 0.000000 0.000000 -0.000000 0.000000 0.000000 -0.000000 0.000000 0.000000 -0.000000 0.000000 0.000000 -0.000000 0.000000 0.000000 -0.000000 0.000000 0.000000 -0.000000 0.000000 0.000000 -0.000000 0.000000 0.000000 -0.000000 0.000000 0.000000 -0.000000 0.000000 0.000000 -0.000000 0.000000 0.000000 -0.000000 0.000000 0.000000 -0.000000 0.000000 0.000000 -0.000000 0.000000 0.000000 -17.196081 3.328256 6.406171 -29.403785 5.885935 14.187383 13.463169 6.327112 -57.858475 10.009355 6.009261 -10.498995 -0.000000 0.000000 0.000000 -0.000000 0.000000 0.000000 -0.000000 0.000000 0.000000 -0.000000 0.000000 0.000000 -0.000000 0.000000 0.000000 -0.000000 0.000000 0.000000 -0.000000 0.000000 0.000000 -0.000000 0.000000 0.000000 -0.000000 0.000000 0.000000 -0.000000 0.000000 0.000000 -0.000000 0.000000 0.000000 -0.000000 0.000000 0.000000 -0.000000 0.000000 0.000000 -0.000000 0.000000 0.000000 -0.000000 0.000000 0.000000
-5.101006 90.274109 -64.336143 -135.078888 87.750230 -15.096338 -2.163642 -34.741243 3.808052 19.101570 63.923756 -10.106944 -15.820198 -32.932047 -20.540950 0.124760 0.117515 0.062318 4.022218 -31.617454 1.667726 -7.453462 67.391571 5.712729 4.058662 -30.852985 15.497845 -0.122159 -0.065773 0.020616 3.424339 28.505526 -3.136774 1.832580 -8.911941 -2.237974 -2.637412 7.460877 -0.990816 3.476008 -12.199018 0.623608 -3.388144 -20.623507 -1.018158 -0.000000 0.000000 0.000000 -0.000000 0.000000 0.000000 -0.000000 0.000000 0.000000 22.596244 3.237272 -10.600154 40.887700 6.180907 -15.547092 -14.394333 14.492007 54.152586 -12.940333 -5.943198 17.653803 -0.000000 0.000000 0.000000 -0.000000 0.000000 0.000000 -0.000000 0.000000 0.000000 -0.000000 0.000000 0.000000 -0.000000 0.000000 0.000000 -0.000000 0.000000 0.000000 -0.000000 0.000000 0.000000 -0.000000 0.000000 0.000000 -0.000000 0.000000 0.000000 -0.000000 0.000000 0.000000 -0.000000 0.000000 0.000000 -0.000000 0.000000 0.000000 -0.000000 0.000000 0.000000 -0.000000 0.000000 0.000000 -0.000000 0.000000 0.000000 -20.067000 3.512030 4.102926 -34.602130 4.015599 11.634073 13.829864 5.941070 -49.307914 9.326173 4.731841 -9.265808 -0.000000 0.000000 0.000000 -0.000000 0.000000 0.000000 -0.000000 0.000000 0.000000 -0.000000 0.000000 0.000000 -0.000000 0.000000 0.000000 -0.000000 0.000000 0.000000 -0.000000 0.000000 0.000000 -0.000000 0.000000 0.000000 -0.000000 0.000000 0.000000 -0.000000 0.000000 0.000000 -0.000000 0.000000 0.000000 -0.000000 0.000000 0.000000 -0.000000 0.000000 0.000000 -0.000000 0.000000 0.000000 -0.000000 0.000000 0.000000
-4.964754 90.142632 -67.513252 -137.861584 86.453468 -11.350733 -1.824711 -37.703642 4.873424 27.152232 71.483524 -18.599850 -18.907158 -36.569797 -22.804288 0.120605 0.144036 0.061409 3.613677 -35.018721 0.380406 -14.083998 74.551853 13.410674 6.043921 -34.140312 16.575696 -0.025495 -0.074349 0.042698 3.356272 30.931851 -2.947625 1.632606 -7.898002 -2.395541 -2.439008 6.854561 -1.148327 4.069369 -12.358985 0.386304 -3.359318 -21.572483 -0.885974 -0.000000 0.000000 0.000000 -0.000000 0.000000 0.000000 -0.000000 0.000000 0.000000 23.735611 2.865992 -8.813031 47.097273 4.390588 -13.180993 -14.208086 14.563664 46.942713 -13.389432 -7.417428 15.230198 -0.000000 0.000000 0.000000 -0.000000 0.000000 0.000000 -0.000000 0.000000 0.000000 -0.000000 0.000000 0.000000 -0.000000 0.000000 0.000000 -0.000000 0.000000 0.000000 -0.000000 0.000000 0.000000 -0.000000 0.000000 0.000000 -0.000000 0.000000 0.000000 -0.000000 0.000000 0.000000 -0.000000 0.000000 0.000000 -0.000000 0.000000 0.000000 -0.000000 0.000000 0.000000 -0.000000 0.000000 0.000000 -0.000000 0.000000 0.000000 -21.446417 4.074263 1.954513 -40.013510 2.679468 9.451721 14.099802 5.090856 -44.776973 9.431362 3.246738 -8.625146 -0.000000 0.000000 0.000000 -0.000000 0.000000 0.000000 -0.000000 0.000000 0.000000 -0.000000 0.000000 0.000000 -0.000000 0.000000 0.000000 -0.000000 0.000000 0.000000 -0.000000 0.000000 0.000000 -0.000000 0.000000 0.000000 -0.000000 0.000000 0.000000 -0.000000 0.000000 0.000000 -0.000000 0.000000 0.000000 -0.000000 0.000000 0.000000 -0.000000 0.000000 0.000000 -0.000000 0.000000 0.000000 -0.000000 0.000000 0.000000
-4.980512 90.271461 -68.712212 -138.545530 85.454488 -9.713505 -1.678031 -38.499501 5.397398 33.362086 74.965506 -25.261077 -20.562287 -37.977731 -24.189482 0.100180 0.190112 0.052161 3.134787 -36.330473 -0.451194 -19.843395 77.780515 19.625409 7.061166 -35.400354 16.908803 0.043931 -0.053502 0.086905 3.102752 32.017917 -2.622836 1.682576 -7.232671 -2.325723 -2.290316 6.452701 -1.250058 4.437779 -11.758995 -0.175037 -3.421835 -22.089512 -0.810160 -0.000000 0.000000 0.000000 -0.000000 0.000000 0.000000 -0.000000 0.000000 0.000000 24.335436 2.792370 -7.334559 51.555144 3.698997 -11.410993 -13.829150 14.892359 42.797740 -13.008829 -8.408377 13.178702 -0.000000 0.000000 0.000000 -0.000000 0.000000 0.000000 -0.000000 0.000000 0.000000 -0.000000 0.000000 0.000000 -0.000000 0.000000 0.000000 -0.000000 0.000000 0.000000 -0.000000 0.000000 0.000000 -0.000000 0.000000 0.000000 -0.000000 0.000000 0.000000 -0.000000 0.000000 0.000000 -0.000000 0.000000 0.000000 -0.000000 0.000000 0.000000 -0.000000 0.000000 0.000000 -0.000000 0.000000 0.000000 -0.000000 0.000000 0.000000 -22.022407 4.604788 0.117095 -44.972368 2.081779 7.389781 13.974969 4.817939 -42.546670 9.502272 1.911631 -7.995107 -0.000000 0.000000 0.000000 -0.000000 0.000000 0.000000 -0.000000 0.000000 0.000000 -0.000000 0.000000 0.000000 -0.000000 0.000000 0.000000 -0.000000 0.000000 0.000000 -0.000000 0.000000 0.000000 -0.000000 0.000000 0.000000 -0.000000 0.000000 0.000000 -0.000000 0.000000 0.000000 -0.000000 0.000000 0.000000 -0.000000 0.000000 0.000000 -0.000000 0.000000 0.000000 -0.000000 0.000000 0.000000 -0.000000 0.000000 0.000000
-5.100737 90.559265 -68.534317 -138.563138 84.793062 -8.762540 -1.652245 -37.880787 5.214855 33.952695 75.889693 -26.226763 -20.877776 -37.915332 -24.702428 0.059408 0.201591 0.072564 2.892346 -35.956129 -0.872774 -21.678435 78.646200 22.053158 7.143966 -35.232457 16.511807 0.053004 -0.054815 0.114408 2.742793 31.861382 -2.197039 1.646760 -6.919409 -2.354647 -2.214065 6.189721 -1.270052 4.579403 -11.048512 -0.738745 -3.401383 -21.767085 -0.867324 -0.000000 0.000000 0.000000 -0.000000 0.000000 0.000000 -0.000000 0.000000 0.000000 24.562378 2.876612 -6.370366 54.550580 3.653093 -10.495465 -13.785552 14.963436 42.063784 -12.393032 -8.910461 11.872625 -0.000000 0.000000 0.000000 -0.000000 0.000000 0.000000 -0.000000 0.000000 0.000000 -0.000000 0.000000 0.000000 -0.000000 0.000000 0.000000 -0.000000 0.000000 0.000000 -0.000000 0.000000 0.000000 -0.000000 0.000000 0.000000 -0.000000 0.000000 0.000000 -0.000000 0.000000 0.000000 -0.000000 0.000000 0.000000 -0.000000 0.000000 0.000000 -0.000000 0.000000 0.000000 -0.000000 0.000000 0.000000 -0.000000 0.000000 0.000000 -22.102442 4.626244 -0.830655 -48.480918 1.988887 6.076011 14.113612 4.893735 -42.405285 9.296204 1.775467 -7.505356 -0.000000 0.000000 0.000000 -0.000000 0.000000 0.000000 -0.000000 0.000000 0.000000 -0.000000 0.000000 0.000000 -0.000000 0.000000 0.000000 -0.000000 0.000000 0.000000 -0.000000 0.000000 0.000000 -0.000000 0.000000 0.000000 -0.000000 0.000000 0.000000 -0.000000 0.000000 0.000000 -0.000000 0.000000 0.000000 -0.000000 0.000000 0.000000 -0.000000 0.000000 0.000000 -0.000000 0.000000 0.000000 -0.000000 0.000000 0.000000
-5.205296 90.818405 -66.927345 -138.923933 84.370952 -7.603231 -0.960001 -35.792467 5.574524 27.281576 74.331005 -17.378252 -16.804885 -30.585807 -20.811875 -0.002244 0.022650 0.018990 2.005442 -34.692078 -0.787454 -9.612070 76.657518 5.803272 6.021590 -29.657155 16.554451 -0.089986 -0.029036 -0.169662 2.109947 31.602715 -2.492658 2.414051 -9.929773 -2.236295 -2.383912 8.514637 -1.652197 5.404981 -10.855250 -0.684610 -3.913391 -19.096840 -4.289856 -0.000000 0.000000 0.000000 -0.000000 0.000000 0.000000 -0.000000 0.000000 0.000000 24.694986 1.697569 -6.005166 52.083405 3.239222 -8.903499 -15.242396 17.796445 42.286836 -18.267213 -1.516553 8.440777 -0.000000 0.000000 0.000000 -0.000000 0.000000 0.000000 -0.000000 0.000000 0.000000 -0.000000 0.000000 0.000000 -0.000000 0.000000 0.000000 -0.000000 0.000000 0.000000 -0.000000 0.000000 0.000000 -0.000000 0.000000 0.000000 -0.000000 0.000000 0.000000 -0.000000 0.000000 0.000000 -0.000000 0.000000 0.000000 -0.000000 0.000000 0.000000 -0.000000 0.000000 0.000000 -0.000000 0.000000 0.000000 -0.000000 0.000000 0.000000 -20.672679 4.770587 0.459036 -48.281491 1.105210 6.039473 14.565755 7.937527 -46.233047 14.543537 7.504315 -5.801260 -0.000000 0.000000 0.000000 -0.000000 0.000000 0.000000 -0.000000 0.000000 0.000000 -0.000000 0.000000 0.000000 -0.000000 0.000000 0.000000 -0.000000 0.000000 0.000000 -0.000000 0.000000 0.000000 -0.000000 0.000000 0.000000 -0.000000 0.000000 0.000000 -0.000000 0.000000 0.000000 -0.000000 0.000000 0.000000 -0.000000 0.000000 0.000000 -0.000000 0.000000 0.000000 -0.000000 0.000000 0.000000 -0.000000 0.000000 0.000000
-4.994005 90.971657 -63.525261 -143.862854 85.364562 -2.140189 0.010975 -34.773892 6.460141 20.534674 69.634813 -9.199676 -11.862526 -23.359551 -16.932313 0.026871 0.039186 0.017579 2.534093 -31.882749 0.085618 -3.162825 68.448970 -1.863934 2.963228 -22.776318 15.720401 -0.101350 0.013653 -0.160104 1.951220 30.349038 -2.871265 3.177572 -11.196977 -1.671129 -2.293253 9.510898 -1.845189 6.381159 -9.351811 -0.144379 -4.296873 -17.952686 -5.692575 -0.000000 0.000000 0.000000 -0.000000 0.000000 0.000000 -0.000000 0.000000 0.000000 23.482939 0.731800 -5.899737 45.898512 2.960085 -7.418613 -15.003898 17.231552 42.709009 -18.758406 4.274512 8.964080 -0.000000 0.000000 0.000000 -0.000000 0.000000 0.000000 -0.000000 0.000000 0.000000 -0.000000 0.000000 0.000000 -0.000000 0.000000 0.000000 -0.000000 0.000000 0.000000 -0.000000 0.000000 0.000000 -0.000000 0.000000 0.000000 -0.000000 0.000000 0.000000 -0.000000 0.000000 0.000000 -0.000000 0.000000 0.000000 -0.000000 0.000000 0.000000 -0.000000 0.000000 0.000000 -0.000000 0.000000 0.000000 -0.000000 0.000000 0.000000 -18.534138 4.387996 1.788666 -43.568817 -0.720753 6.323314 14.655071 7.296672 -48.917915 16.894999 10.817050 -5.567836 -0.000000 0.000000 0.000000 -0.000000 0.000000 0.000000 -0.000000 0.000000 0.000000 -0.000000 0.000000 0.000000 -0.000000 0.000000 0.000000 -0.000000 0.000000 0.000000 -0.000000 0.000000 0.000000 -0.000000 0.000000 0.000000 -0.000000 0.000000 0.000000 -0.000000 0.000000 0.000000 -0.000000 0.000000 0.000000 -0.000000 0.000000 0.000000 -0.000000 0.000000 0.000000 -0.000000 0.000000 0.000000 -0.000000 0.000000 0.000000
-4.667627 90.967522 -59.947735 -152.214912 86.669399 6.966931 1.120774 -34.746748 7.945145 15.842600 63.471954 -3.789528 -6.182099 -14.142735 -13.689314 0.045588 0.111046 0.037803 2.540661 -29.520839 0.490916 -0.594200 58.690786 -5.648511 -1.101692 -13.986418 14.682680 -0.088637 0.008097 -0.143861 1.684101 29.356596 -3.656709 4.109078 -11.970191 -1.235662 -1.981613 10.389255 -2.254441 7.631524 -7.267978 0.150349 -5.225707 -17.332016 -7.199138 -0.000000 0.000000 0.000000 -0.000000 0.000000 0.000000 -0.000000 0.000000 0.000000 22.245493 -0.346565 -5.171414 37.924044 2.050565 -6.438296 -14.786494 15.701900 42.141407 -18.387669 10.957777 9.673357 -0.000000 0.000000 0.000000 -0.000000 0.000000 0.000000 -0.000000 0.000000 0.000000 -0.000000 0.000000 0.000000 -0.000000 0.000000 0.000000 -0.000000 0.000000 0.000000 -0.000000 0.000000 0.000000 -0.000000 0.000000 0.000000 -0.000000 0.000000 0.000000 -0.000000 0.000000 0.000000 -0.000000 0.000000 0.000000 -0.000000 0.000000 0.000000 -0.000000 0.000000 0.000000 -0.000000 0.000000 0.000000 -0.000000 0.000000 0.000000 -15.760453 4.423034 2.636870 -37.677102 -4.120222 6.504603 14.695446 4.916154 -50.124909 19.735252 14.651763 -5.164703 -0.000000 0.000000 0.000000 -0.000000 0.000000 0.000000 -0.000000 0.000000 0.000000 -0.000000 0.000000 0.000000 -0.000000 0.000000 0.000000 -0.000000 0.000000 0.000000 -0.000000 0.000000 0.000000 -0.000000 0.000000 0.000000 -0.000000 0.000000 0.000000 -0.000000 0.000000 0.000000 -0.000000 0.000000 0.000000 -0.000000 0.000000 0.000000 -0.000000 0.000000 0.000000 -0.000000 0.000000 0.000000 -0.000000 0.000000 0.000000
-4.395093 90.970108 -57.697201 -162.466855 88.089986 18.180211 1.751678 -33.631007 9.038353 11.103668 56.395404 1.760307 -1.551198 -5.523045 -12.655438 0.064907 0.178582 0.080200 2.210705 -27.803955 0.466407 0.793021 51.163052 -8.015081 -4.343943 -6.056272 14.792935 -0.056162 0.006322 -0.154684 1.123292 28.007806 -4.096136 4.890552 -12.544450 -0.969094 -1.420544 11.170813 -2.880313 8.445069 -4.977264 -0.174766 -6.244526 -16.900512 -8.277435 -0.000000 0.000000 0.000000 -0.000000 0.000000 0.000000 -0.000000 0.000000 0.000000 20.531398 -1.484937 -4.521573 29.732758 0.529219 -6.568953 -14.742625 13.176249 40.249840 -17.603445 17.670433 9.645602 -0.000000 0.000000 0.000000 -0.000000 0.000000 0.000000 -0.000000 0.000000 0.000000 -0.000000 0.000000 0.000000 -0.000000 0.000000 0.000000 -0.000000 0.000000 0.000000 -0.000000 0.000000 0.000000 -0.000000 0.000000 0.000000 -0.000000 0.000000 0.000000 -0.000000 0.000000 0.000000 -0.000000 0.000000 0.000000 -0.000000 0.000000 0.000000 -0.000000 0.000000 0.000000 -0.000000 0.000000 0.000000 -0.000000 0.000000 0.000000 -12.795686 4.522237 3.048240 -30.683490 -7.903288 7.512685 14.876644 0.420071 -49.132175 23.410874 18.580568 -5.012799 -0.000000 0.000000 0.000000 -0.000000 0.000000 0.000000 -0.000000 0.000000 0.000000 -0.000000 0.000000 0.000000 -0.000000 0.000000 0.000000 -0.000000 0.000000 0.000000 -0.000000 0.000000 0.000000 -0.000000 0.000000 0.000000 -0.000000 0.000000 0.000000 -0.000000 0.000000 0.000000 -0.000000 0.000000 0.000000 -0.000000 0.000000 0.000000 -0.000000 0.000000 0.000000 -0.000000 0.000000 0.000000 -0.000000 0.000000 0.000000
-4.255848 90.995552 -57.289051 173.657613 89.290470 43.218256 1.783160 -31.465931 9.067909 6.785352 49.277207 6.426957 1.002743 -1.108074 -13.476805 0.087530 0.180397 0.107898 1.974923 -25.957541 0.553212 1.752243 46.191573 -9.476055 -6.051975 -2.731050 15.446676 -0.031235 0.013163 -0.130635 0.447810 26.559818 -4.202071 5.552276 -12.657224 -0.920460 -0.798841 11.389096 -3.493494 8.788610 -3.138291 -0.865447 -6.620410 -16.659333 -8.452644 -0.000000 0.000000 0.000000 -0.000000 0.000000 0.000000 -0.000000 0.000000 0.000000 18.826259 -2.509759 -3.965962 21.455393 -1.411396 -7.263575 -14.203817 9.658549 36.801237 -16.293133 22.682853 9.160524 -0.000000 0.000000 0.000000 -0.000000 0.000000 0.000000 -0.000000 0.000000 0.000000 -0.000000 0.000000 0.000000 -0.000000 0.000000 0.000000 -0.000000 0.000000 0.000000 -0.000000 0.000000 0.000000 -0.000000 0.000000 0.000000 -0.000000 0.000000 0.000000 -0.000000 0.000000 0.000000 -0.000000 0.000000 0.000000 -0.000000 0.000000 0.000000 -0.000000 0.000000 0.000000 -0.000000 0.000000 0.000000 -0.000000 0.000000 0.000000 -10.334200 4.430725 2.748565 -23.177007 -11.079102 8.665764 14.499941 -4.315831 -45.530680 25.908180 21.516997 -5.636778 -0.000000 0.000000 0.000000 -0.000000 0.000000 0.000000 -0.000000 0.000000 0.000000 -0.000000 0.000000 0.000000 -0.000000 0.000000 0.000000 -0.000000 0.000000 0.000000 -0.000000 0.000000 0.000000 -0.000000 0.000000 0.000000 -0.000000 0.000000 0.000000 -0.000000 0.000000 0.000000 -0.000000 0.000000 0.000000 -0.000000 0.000000 0.000000 -0.000000 0.000000 0.000000 -0.000000 0.000000 0.000000 -0.000000 0.000000 0.000000
-4.165459 91.108589 -58.699917 55.919267 89.499946 161.928435 1.470097 -28.503251 8.545286 3.582897 42.951112 9.502694 2.380673 0.948567 -14.779886 0.090215 0.129489 0.135732 1.776238 -24.390443 0.553791 2.422355 43.646024 -10.494619 -6.694516 -2.700025 16.025352 -0.033468 0.016371 -0.111886 -0.274111 25.249083 -3.930262 5.970668 -12.538272 -1.120837 -0.240292 10.944849 -3.920092 8.704510 -2.072424 -1.488523 -6.432555 -16.425945 -8.429912 -0.000000 0.000000 0.000000 -0.000000 0.000000 0.000000 -0.000000 0.000000 0.000000 17.398525 -3.219069 -3.937764 14.404072 -3.387598 -9.031165 -13.710654 6.005054 32.872483 -15.854755 24.809869 8.554597 -0.000000 0.000000 0.000000 -0.000000 0.000000 0.000000 -0.000000 0.000000 0.000000 -0.000000 0.000000 0.000000 -0.000000 0.000000 0.000000 -0.000000 0.000000 0.000000 -0.000000 0.000000 0.000000 -0.000000 0.000000 0.000000 -0.000000 0.000000 0.000000 -0.000000 0.000000 0.000000 -0.000000 0.000000 0.000000 -0.000000 0.000000 0.000000 -0.000000 0.000000 0.000000 -0.000000 0.000000 0.000000 -0.000000 0.000000 0.000000 -8.639324 4.002611 2.383026 -15.833671 -13.417211 9.606753 14.217612 -8.367799 -41.080584 27.690674 23.164964 -6.640256 -0.000000 0.000000 0.000000 -0.000000 0.000000 0.000000 -0.000000 0.000000 0.000000 -0.000000 0.000000 0.000000 -0.000000 0.000000 0.000000 -0.000000 0.000000 0.000000 -0.000000 0.000000 0.000000 -0.000000 0.000000 0.000000 -0.000000 0.000000 0.000000 -0.000000 0.000000 0.000000 -0.000000 0.000000 0.000000 -0.000000 0.000000 0.000000 -0.000000 0.000000 0.000000 -0.000000 0.000000 0.000000 -0.000000 0.000000 0.000000
-4.144973 91.310181 -61.546825 27.168086 88.554568 -168.516263 0.988297 -25.648083 8.213625 1.290674 38.730181 11.796108 3.293499 2.841291 -16.263939 0.093333 0.143692 0.145825 1.673563 -23.567155 0.194692 3.093584 43.525761 -11.080782 -6.703666 -2.657223 16.944992 -0.023276 0.013242 -0.090839 -0.879853 23.653637 -3.403634 6.260316 -12.290771 -1.489924 0.094020 10.316230 -4.154958 8.524178 -1.224904 -1.686492 -6.337612 -16.579679 -8.448875 -0.000000 0.000000 0.000000 -0.000000 0.000000 0.000000 -0.000000 0.000000 0.000000 16.301566 -3.796942 -4.709353 9.340484 -5.341426 -10.998774 -13.835094 2.168135 29.425898 -15.535796 26.324903 7.994140 -0.000000 0.000000 0.000000 -0.000000 0.000000 0.000000 -0.000000 0.000000 0.000000 -0.000000 0.000000 0.000000 -0.000000 0.000000 0.000000 -0.000000 0.000000 0.000000 -0.000000 0.000000 0.000000 -0.000000 0.000000 0.000000 -0.000000 0.000000 0.000000 -0.000000 0.000000 0.000000 -0.000000 0.000000 0.000000 -0.000000 0.000000 0.000000 -0.000000 0.000000 0.000000 -0.000000 0.000000 0.000000 -0.000000 0.000000 0.000000 -7.126876 3.393092 2.110922 -9.819684 -15.553454 10.356745 14.355032 -12.188147 -36.471789 29.319842 24.269315 -7.657461 -0.000000 0.000000 0.000000 -0.000000 0.000000 0.000000 -0.000000 0.000000 0.000000 -0.000000 0.000000 0.000000 -0.000000 0.000000 0.000000 -0.000000 0.000000 0.000000 -0.000000 0.000000 0.000000 -0.000000 0.000000 0.000000 -0.000000 0.000000 0.000000 -0.000000 0.000000 0.000000 -0.000000 0.000000 0.000000 -0.000000 0.000000 0.000000 -0.000000 0.000000 0.000000 -0.000000 0.000000 0.000000 -0.000000 0.000000 0.000000
-4.176865 91.451279 -65.435547 22.541793 87.605747 -163.448575 0.356893 -23.214489 7.841453 0.345936 37.562126 13.503033 2.109080 1.917349 -17.771897 0.063805 0.170121 0.123244 1.554190 -23.352335 -0.627183 3.727642 46.646931 -11.843936 -5.386618 -4.248538 18.248880 -0.032198 -0.014032 -0.105885 -0.946411 22.322757 -3.019470 6.240731 -12.732750 -1.808448 0.169445 9.979049 -4.263113 7.921850 -1.677187 -1.351207 -6.522047 -17.107687 -8.752517 -0.000000 0.000000 0.000000 -0.000000 0.000000 0.000000 -0.000000 0.000000 0.000000 15.382797 -4.113172 -5.678548 6.956300 -7.949658 -12.934090 -14.921779 -1.611215 27.361091 -15.567946 26.873328 7.112695 -0.000000 0.000000 0.000000 -0.000000 0.000000 0.000000 -0.000000 0.000000 0.000000 -0.000000 0.000000 0.000000 -0.000000 0.000000 0.000000 -0.000000 0.000000 0.000000 -0.000000 0.000000 0.000000 -0.000000 0.000000 0.000000 -0.000000 0.000000 0.000000 -0.000000 0.000000 0.000000 -0.000000 0.000000 0.000000 -0.000000 0.000000 0.000000 -0.000000 0.000000 0.000000 -0.000000 0.000000 0.000000 -0.000000 0.000000 0.000000 -5.872604 2.548541 2.637326 -6.399521 -17.490008 10.862092 15.354759 -14.673843 -32.979813 29.874792 24.909802 -8.443969 -0.000000 0.000000 0.000000 -0.000000 0.000000 0.000000 -0.000000 0.000000 0.000000 -0.000000 0.000000 0.000000 -0.000000 0.000000 0.000000 -0.000000 0.000000 0.000000 -0.000000 0.000000 0.000000 -0.000000 0.000000 0.000000 -0.000000 0.000000 0.000000 -0.000000 0.000000 0.000000 -0.000000 0.000000 0.000000 -0.000000 0.000000 0.000000 -0.000000 0.000000 0.000000 -0.000000 0.000000 0.000000 -0.000000 0.000000 0.000000
-4.298840 91.696617 -70.097908 17.016953 87.031465 -157.512275 0.080933 -23.137047 6.311879 -1.025755 40.634537 12.822143 -0.648175 -6.414438 -19.060908 -0.026902 0.029136 0.083465 1.723845 -22.847209 -1.229440 4.535476 50.038926 -10.471627 -3.043574 -12.736686 17.040014 -0.042593 0.021068 -0.083133 -2.780839 21.448011 -2.393329 6.478259 -9.470285 -2.305093 0.540950 5.162647 -4.061625 6.373473 -2.910330 0.441262 -7.149950 -19.411493 -7.270681 -0.000000 0.000000 0.000000 -0.000000 0.000000 0.000000 -0.000000 0.000000 0.000000 14.389395 -3.938946 -5.132094 7.858005 -6.688603 -15.545191 -15.179452 -5.587939 23.265607 -12.213867 28.052867 2.945784 -0.000000 0.000000 0.000000 -0.000000 0.000000 0.000000 -0.000000 0.000000 0.000000 -0.000000 0.000000 0.000000 -0.000000 0.000000 0.000000 -0.000000 0.000000 0.000000 -0.000000 0.000000 0.000000 -0.000000 0.000000 0.000000 -0.000000 0.000000 0.000000 -0.000000 0.000000 0.000000 -0.000000 0.000000 0.000000 -0.000000 0.000000 0.000000 -0.000000 0.000000 0.000000 -0.000000 0.000000 0.000000 -0.000000 0.000000 0.000000 -4.414154 2.884985 -0.045626 -8.922851 -15.980115 13.396837 19.852888 -16.138751 -33.027056 30.074527 24.229821 -7.746752 -0.000000 0.000000 0.000000 -0.000000 0.000000 0.000000 -0.000000 0.000000 0.000000 -0.000000 0.000000 0.000000 -0.000000 0.000000 0.000000 -0.000000 0.000000 0.000000 -0.000000 0.000000 0.000000 -0.000000 0.000000 0.000000 -0.000000 0.000000 0.000000 -0.000000 0.000000 0.000000 -0.000000 0.000000 0.000000 -0.000000 0.000000 0.000000 -0.000000 0.000000 0.000000 -0.000000 0.000000 0.000000 -0.000000 0.000000 0.000000
-4.083832 91.420464 -75.400826 13.084330 86.326278 -153.096092 0.187287 -25.834533 6.585475 -0.998169 47.355228 11.780580 -5.376907 -15.155483 -20.532265 -0.053459 0.054810 -0.018643 0.957601 -26.087074 -2.057827 5.144438 56.795255 -10.169139 -0.123099 -21.229251 17.196143 -0.066796 0.013369 -0.038596 -3.386778 22.939291 -2.166111 6.338941 -8.339687 -2.494685 0.850534 2.662031 -3.968514 5.381770 -4.707135 0.393577 -6.577850 -21.003243 -5.221546 -0.000000 0.000000 0.000000 -0.000000 0.000000 0.000000 -0.000000 0.000000 0.000000 15.701969 -3.660595 -4.667801 13.322835 -7.401892 -16.725044 -16.794427 -7.146533 21.584443 -8.737213 26.260538 -1.433899 -0.000000 0.000000 0.000000 -0.000000 0.000000 0.000000 -0.000000 0.000000 0.000000 -0.000000 0.000000 0.000000 -0.000000 0.000000 0.000000 -0.000000 0.000000 0.000000 -0.000000 0.000000 0.000000 -0.000000 0.000000 0.000000 -0.000000 0.000000 0.000000 -0.000000 0.000000 0.000000 -0.000000 0.000000 0.000000 -0.000000 0.000000 0.000000 -0.000000 0.000000 0.000000 -0.000000 0.000000 0.000000 -0.000000 0.000000 0.000000 -5.160058 2.978462 -0.740854 -15.607759 -15.804237 12.976549 23.866315 -17.766244 -34.529869 27.052118 22.020661 -5.184425 -0.000000 0.000000 0.000000 -0.000000 0.000000 0.000000 -0.000000 0.000000 0.000000 -0.000000 0.000000 0.000000 -0.000000 0.000000 0.000000 -0.000000 0.000000 0.000000 -0.000000 0.000000 0.000000 -0.000000 0.000000 0.000000 -0.000000 0.000000 0.000000 -0.000000 0.000000 0.000000 -0.000000 0.000000 0.000000 -0.000000 0.000000 0.000000 -0.000000 0.000000 0.000000 -0.000000 0.000000 0.000000 -0.000000 0.000000 0.000000
-3.742371 91.007507 -80.690048 9.048426 85.809726 -148.855086 0.854720 -30.022601 7.176494 -0.437731 57.068680 9.918791 -12.204660 -25.779772 -23.679237 -0.060324 0.128097 -0.094350 -0.021271 -30.513959 -3.077962 5.933381 65.198249 -9.809694 3.840675 -30.451565 18.094219 -0.103579 0.010013 0.047711 -3.907911 25.072315 -1.689649 6.037630 -7.368980 -2.599906 1.237593 0.281833 -3.669306 4.076012 -7.979981 -0.298768 -5.560685 -22.295484 -2.393019 -0.000000 0.000000 0.000000 -0.000000 0.000000 0.000000 -0.000000 0.000000 0.000000 17.742478 -3.306571 -3.877970 21.169692 -7.622473 -17.172098 -18.020671 -7.428394 19.127222 -5.130868 23.528602 -5.856817 -0.000000 0.000000 0.000000 -0.000000 0.000000 0.000000 -0.000000 0.000000 0.000000 -0.000000 0.000000 0.000000 -0.000000 0.000000 0.000000 -0.000000 0.000000 0.000000 -0.000000 0.000000 0.000000 -0.000000 0.000000 0.000000 -0.000000 0.000000 0.000000 -0.000000 0.000000 0.000000 -0.000000 0.000000 0.000000 -0.000000 0.000000 0.000000 -0.000000 0.000000 0.000000 -0.000000 0.000000 0.000000 -0.000000 0.000000 0.000000 -7.331092 3.203759 -1.644959 -25.021676 -14.142180 12.432144 27.752302 -18.051543 -37.092043 23.305973 17.813146 -1.383619 -0.000000 0.000000 0.000000 -0.000000 0.000000 0.000000 -0.000000 0.000000 0.000000 -0.000000 0.000000 0.000000 -0.000000 0.000000 0.000000 -0.000000 0.000000 0.000000 -0.000000 0.000000 0.000000 -0.000000 0.000000 0.000000 -0.000000 0.000000 0.000000 -0.000000 0.000000 0.000000 -0.000000 0.000000 0.000000 -0.000000 0.000000 0.000000 -0.000000 0.000000 0.000000 -0.000000 0.000000 0.000000 -0.000000 0.000000 0.000000
-3.554098 90.589180 -85.438004 6.147040 85.327268 -145.916442 1.729774 -35.038585 8.317952 1.229841 67.640076 6.335435 -18.940358 -33.784496 -27.643516 -0.028624 0.125292 -0.068479 -1.099970 -35.045037 -4.460196 7.619302 74.168533 -10.298321 7.699575 -37.641816 19.490081 -0.101395 -0.017166 0.077249 -4.285417 27.304493 -1.394653 5.737723 -6.335225 -2.653994 1.537433 -1.883348 -3.289189 2.948144 -12.326377 -0.889115 -4.923608 -23.615355 -0.377426 -0.000000 0.000000 0.000000 -0.000000 0.000000 0.000000 -0.000000 0.000000 0.000000 20.303350 -2.608160 -2.588328 30.073852 -7.655626 -16.418315 -19.067354 -6.816100 16.217676 -1.330197 19.973022 -9.915423 -0.000000 0.000000 0.000000 -0.000000 0.000000 0.000000 -0.000000 0.000000 0.000000 -0.000000 0.000000 0.000000 -0.000000 0.000000 0.000000 -0.000000 0.000000 0.000000 -0.000000 0.000000 0.000000 -0.000000 0.000000 0.000000 -0.000000 0.000000 0.000000 -0.000000 0.000000 0.000000 -0.000000 0.000000 0.000000 -0.000000 0.000000 0.000000 -0.000000 0.000000 0.000000 -0.000000 0.000000 0.000000 -0.000000 0.000000 0.000000 -10.014483 3.811242 -2.882947 -34.818603 -12.403599 11.817651 30.221275 -17.092122 -38.495556 18.981582 12.596357 2.499881 -0.000000 0.000000 0.000000 -0.000000 0.000000 0.000000 -0.000000 0.000000 0.000000 -0.000000 0.000000 0.000000 -0.000000 0.000000 0.000000 -0.000000 0.000000 0.000000 -0.000000 0.000000 0.000000 -0.000000 0.000000 0.000000 -0.000000 0.000000 0.000000 -0.000000 0.000000 0.000000 -0.000000 0.000000 0.000000 -0.000000 0.000000 0.000000 -0.000000 0.000000 0.000000 -0.000000 0.000000 0.000000 -0.000000 0.000000 0.000000
-3.665708 90.417862 -88.857140 3.110781 84.883907 -142.902316 2.335901 -38.720582 9.537272 2.845216 75.120482 2.981693 -23.991859 -38.742101 -31.389033 0.031698 0.068750 -0.020733 -2.107524 -37.957625 -5.919593 10.389116 80.539585 -11.869873 10.589880 -42.100662 20.763411 -0.069446 -0.042103 0.124606 -4.705537 28.678011 -0.996699 5.574261 -4.977793 -2.721248 1.717670 -3.711969 -3.133499 2.208925 -15.976975 -0.894348 -5.086179 -25.035878 0.385054 -0.000000 0.000000 0.000000 -0.000000 0.000000 0.000000 -0.000000 0.000000 0.000000 22.538005 -1.998733 -1.623471 38.585414 -8.041276 -15.352130 -19.703851 -5.563412 13.320999 2.617318 16.998571 -13.463741 -0.000000 0.000000 0.000000 -0.000000 0.000000 0.000000 -0.000000 0.000000 0.000000 -0.000000 0.000000 0.000000 -0.000000 0.000000 0.000000 -0.000000 0.000000 0.000000 -0.000000 0.000000 0.000000 -0.000000 0.000000 0.000000 -0.000000 0.000000 0.000000 -0.000000 0.000000 0.000000 -0.000000 0.000000 0.000000 -0.000000 0.000000 0.000000 -0.000000 0.000000 0.000000 -0.000000 0.000000 0.000000 -0.000000 0.000000 0.000000 -12.367735 4.952963 -3.978772 -43.694190 -11.220247 11.363649 31.160648 -14.598448 -37.693391 14.364734 8.202758 5.223913 -0.000000 0.000000 0.000000 -0.000000 0.000000 0.000000 -0.000000 0.000000 0.000000 -0.000000 0.000000 0.000000 -0.000000 0.000000 0.000000 -0.000000 0.000000 0.000000 -0.000000 0.000000 0.000000 -0.000000 0.000000 0.000000 -0.000000 0.000000 0.000000 -0.000000 0.000000 0.000000 -0.000000 0.000000 0.000000 -0.000000 0.000000 0.000000 -0.000000 0.000000 0.000000 -0.000000 0.000000 0.000000 -0.000000 0.000000 0.000000
-4.112450 90.619293 -90.341187 0.748796 84.324821 -140.605424 2.045268 -39.863184 9.440047 2.335513 78.039344 2.549270 -26.705518 -41.278633 -33.550175 0.051648 0.087075 0.049753 -2.676883 -38.342017 -6.606869 8.139479 82.144176 -8.589857 12.229456 -44.148577 21.840175 -0.011554 -0.043830 0.124211 -5.061563 28.890105 -0.622486 5.453451 -4.197466 -2.603976 1.610970 -4.636512 -2.918226 1.905005 -18.770701 -0.588397 -5.663149 -26.130871 0.212730 -0.000000 0.000000 0.000000 -0.000000 0.000000 0.000000 -0.000000 0.000000 0.000000 23.971069 -1.604827 -1.281480 44.719283 -8.270093 -14.775417 -19.493313 -3.876738 11.577057 5.345735 13.778121 -15.706277 -0.000000 0.000000 0.000000 -0.000000 0.000000 0.000000 -0.000000 0.000000 0.000000 -0.000000 0.000000 0.000000 -0.000000 0.000000 0.000000 -0.000000 0.000000 0.000000 -0.000000 0.000000 0.000000 -0.000000 0.000000 0.000000 -0.000000 0.000000 0.000000 -0.000000 0.000000 0.000000 -0.000000 0.000000 0.000000 -0.000000 0.000000 0.000000 -0.000000 0.000000 0.000000 -0.000000 0.000000 0.000000 -0.000000 0.000000 0.000000 -13.608106 5.944352 -4.487922 -49.621869 -11.063440 11.350139 30.711617 -12.504112 -36.042833 9.948125 4.054249 6.776891 -0.000000 0.000000 0.000000 -0.000000 0.000000 0.000000 -0.000000 0.000000 0.000000 -0.000000 0.000000 0.000000 -0.000000 0.000000 0.000000 -0.000000 0.000000 0.000000 -0.000000 0.000000 0.000000 -0.000000 0.000000 0.000000 -0.000000 0.000000 0.000000 -0.000000 0.000000 0.000000 -0.000000 0.000000 0.000000 -0.000000 0.000000 0.000000 -0.000000 0.000000 0.000000 -0.000000 0.000000 0.000000 -0.000000 0.000000 0.000000
-4.919060 91.148384 -89.135727 -0.330929 83.611957 -139.626866 0.820602 -37.467669 7.791440 -0.636063 74.577459 5.079854 -26.110309 -40.916156 -33.477775 0.016802 0.199535 0.121775 -2.969391 -35.856963 -5.959578 3.443136 76.993221 -3.666255 12.240313 -43.238820 22.201882 0.017633 0.000154 0.104935 -5.361742 27.451989 -0.314582 5.474929 -4.163756 -2.059307 1.269885 -4.357575 -2.688651 2.010786 -19.955774 -0.666315 -6.539263 -26.286847 -0.989269 -0.000000 0.000000 0.000000 -0.000000 0.000000 0.000000 -0.000000 0.000000 0.000000 24.232904 -1.036005 -1.452418 47.814940 -7.886749 -14.774817 -18.167056 -2.522046 11.453452 7.362881 10.511122 -16.681489 -0.000000 0.000000 0.000000 -0.000000 0.000000 0.000000 -0.000000 0.000000 0.000000 -0.000000 0.000000 0.000000 -0.000000 0.000000 0.000000 -0.000000 0.000000 0.000000 -0.000000 0.000000 0.000000 -0.000000 0.000000 0.000000 -0.000000 0.000000 0.000000 -0.000000 0.000000 0.000000 -0.000000 0.000000 0.000000 -0.000000 0.000000 0.000000 -0.000000 0.000000 0.000000 -0.000000 0.000000 0.000000 -0.000000 0.000000 0.000000 -13.828546 6.789729 -4.134108 -52.509256 -10.998013 12.057502 28.686838 -10.284050 -35.251513 5.345806 -0.891901 7.413584 -0.000000 0.000000 0.000000 -0.000000 0.000000 0.000000 -0.000000 0.000000 0.000000 -0.000000 0.000000 0.000000 -0.000000 0.000000 0.000000 -0.000000 0.000000 0.000000 -0.000000 0.000000 0.000000 -0.000000 0.000000 0.000000 -0.000000 0.000000 0.000000 -0.000000 0.000000 0.000000 -0.000000 0.000000 0.000000 -0.000000 0.000000 0.000000 -0.000000 0.000000 0.000000 -0.000000 0.000000 0.000000 -0.000000 0.000000 0.000000
-6.025117 91.962448 -85.349495 0.998797 82.758490 -141.236908 -0.754973 -32.211357 5.221438 -2.132424 63.927769 6.376937 -22.078732 -36.931162 -30.902382 -0.021323 0.232067 0.127091 -2.915802 -30.248192 -4.010678 2.461549 66.417516 -2.819279 8.196755 -38.667592 19.702259 0.016456 0.008077 0.114196 -5.155030 24.457473 -0.392507 5.381881 -4.786401 -1.459681 0.763298 -3.318230 -2.260633 1.792627 -19.375408 -1.440399 -7.442439 -25.157090 -2.041821 -0.000000 0.000000 0.000000 -0.000000 0.000000 0.000000 -0.000000 0.000000 0.000000 23.300814 -0.635471 -3.107851 48.982285 -6.833650 -15.933288 -15.923716 -1.558681 12.095322 8.568371 8.578624 -16.378975 -0.000000 0.000000 0.000000 -0.000000 0.000000 0.000000 -0.000000 0.000000 0.000000 -0.000000 0.000000 0.000000 -0.000000 0.000000 0.000000 -0.000000 0.000000 0.000000 -0.000000 0.000000 0.000000 -0.000000 0.000000 0.000000 -0.000000 0.000000 0.000000 -0.000000 0.000000 0.000000 -0.000000 0.000000 0.000000 -0.000000 0.000000 0.000000 -0.000000 0.000000 0.000000 -0.000000 0.000000 0.000000 -0.000000 0.000000 0.000000 -13.119728 6.814756 -2.103556 -52.868329 -10.500645 13.783924 26.906147 -8.404996 -35.245657 3.130219 -3.804792 7.520211 -0.000000 0.000000 0.000000 -0.000000 0.000000 0.000000 -0.000000 0.000000 0.000000 -0.000000 0.000000 0.000000 -0.000000 0.000000 0.000000 -0.000000 0.000000 0.000000 -0.000000 0.000000 0.000000 -0.000000 0.000000 0.000000 -0.000000 0.000000 0.000000 -0.000000 0.000000 0.000000 -0.000000 0.000000 0.000000 -0.000000 0.000000 0.000000 -0.000000 0.000000 0.000000 -0.000000 0.000000 0.000000 -0.000000 0.000000 0.000000
-7.201153 93.512085 -79.155373 1.363951 82.174366 -141.800993 -3.466771 -27.651208 3.285649 0.335678 51.299137 4.806062 -7.175021 -24.612464 -19.387513 0.015146 0.168542 0.036102 -2.750758 -24.331848 -2.427629 2.724388 51.543857 -5.557396 0.586137 -26.522414 13.874601 0.021041 0.033263 -0.013151 -4.824720 21.510905 -1.118399 5.669424 -8.305709 -2.330912 0.184031 -0.546084 -2.854437 1.000277 -14.282801 -0.486676 -5.782503 -16.447313 -3.684621 -0.000000 0.000000 0.000000 -0.000000 0.000000 0.000000 -0.000000 0.000000 0.000000 24.823677 -0.365834 -6.523037 46.273455 -9.863685 -12.918066 -23.832304 -6.215195 16.236662 -0.394373 12.692511 -16.005005 -0.000000 0.000000 0.000000 -0.000000 0.000000 0.000000 -0.000000 0.000000 0.000000 -0.000000 0.000000 0.000000 -0.000000 0.000000 0.000000 -0.000000 0.000000 0.000000 -0.000000 0.000000 0.000000 -0.000000 0.000000 0.000000 -0.000000 0.000000 0.000000 -0.000000 0.000000 0.000000 -0.000000 0.000000 0.000000 -0.000000 0.000000 0.000000 -0.000000 0.000000 0.000000 -0.000000 0.000000 0.000000 -0.000000 0.000000 0.000000 -14.120373 6.614226 1.727198 -48.691919 -10.740704 12.977706 27.840335 -6.462362 -29.562212 8.366925 7.187605 7.421859 -0.000000 0.000000 0.000000 -0.000000 0.000000 0.000000 -0.000000 0.000000 0.000000 -0.000000 0.000000 0.000000 -0.000000 0.000000 0.000000 -0.000000 0.000000 0.000000 -0.000000 0.000000 0.000000 -0.000000 0.000000 0.000000 -0.000000 0.000000 0.000000 -0.000000 0.000000 0.000000 -0.000000 0.000000 0.000000 -0.000000 0.000000 0.000000 -0.000000 0.000000 0.000000 -0.000000 0.000000 0.000000 -0.000000 0.000000 0.000000
-7.989070 94.559227 -74.902168 3.686601 81.333281 -144.125581 -4.391028 -25.682338 2.336320 0.717681 42.921599 4.325970 0.048285 -13.940552 -14.718161 0.076865 0.084884 0.064867 -2.099877 -21.949512 -1.290851 2.186104 41.859128 -4.900573 -3.585708 -16.237976 11.854985 0.091078 0.040867 -0.051239 -4.655785 19.651729 -1.340713 5.923076 -9.633435 -2.416933 -0.293101 0.612274 -2.863739 1.611867 -10.696475 0.595677 -5.440112 -11.731414 -4.992162 -0.000000 0.000000 0.000000 -0.000000 0.000000 0.000000 -0.000000 0.000000 0.000000 25.615977 -0.341244 -6.731170 44.952977 -10.563998 -10.657513 -27.323848 -9.699499 17.695116 -5.462553 15.449091 -14.940870 -0.000000 0.000000 0.000000 -0.000000 0.000000 0.000000 -0.000000 0.000000 0.000000 -0.000000 0.000000 0.000000 -0.000000 0.000000 0.000000 -0.000000 0.000000 0.000000 -0.000000 0.000000 0.000000 -0.000000 0.000000 0.000000 -0.000000 0.000000 0.000000 -0.000000 0.000000 0.000000 -0.000000 0.000000 0.000000 -0.000000 0.000000 0.000000 -0.000000 0.000000 0.000000 -0.000000 0.000000 0.000000 -0.000000 0.000000 0.000000 -14.438059 6.674985 2.641983 -44.148702 -12.157080 11.497778 28.242337 -6.123075 -27.783911 13.182034 15.749190 6.200802 -0.000000 0.000000 0.000000 -0.000000 0.000000 0.000000 -0.000000 0.000000 0.000000 -0.000000 0.000000 0.000000 -0.000000 0.000000 0.000000 -0.000000 0.000000 0.000000 -0.000000 0.000000 0.000000 -0.000000 0.000000 0.000000 -0.000000 0.000000 0.000000 -0.000000 0.000000 0.000000 -0.000000 0.000000 0.000000 -0.000000 0.000000 0.000000 -0.000000 0.000000 0.000000 -0.000000 0.000000 0.000000 -0.000000 0.000000 0.000000
-8.517315 95.304474 -72.585106 4.677183 80.819571 -145.136125 -4.411223 -25.266804 2.454769 0.599795 37.983439 4.207417 3.473996 -7.563301 -13.207559 0.096162 0.033291 0.067865 -1.696737 -21.220346 -0.947648 2.654187 35.758887 -5.178939 -5.943210 -9.291797 12.017127 0.081866 0.041207 -0.046534 -4.601662 18.901413 -1.551183 6.012528 -10.716295 -2.598811 -0.522729 1.389159 -2.936313 1.910732 -7.813828 1.455685 -5.039746 -7.667649 -5.665404 -0.000000 0.000000 0.000000 -0.000000 0.000000 0.000000 -0.000000 0.000000 0.000000 26.308265 -0.323104 -6.452591 42.987321 -10.850735 -8.751435 -30.643051 -12.268876 20.552925 -9.282215 18.383783 -13.551071 -0.000000 0.000000 0.000000 -0.000000 0.000000 0.000000 -0.000000 0.000000 0.000000 -0.000000 0.000000 0.000000 -0.000000 0.000000 0.000000 -0.000000 0.000000 0.000000 -0.000000 0.000000 0.000000 -0.000000 0.000000 0.000000 -0.000000 0.000000 0.000000 -0.000000 0.000000 0.000000 -0.000000 0.000000 0.000000 -0.000000 0.000000 0.000000 -0.000000 0.000000 0.000000 -0.000000 0.000000 0.000000 -0.000000 0.000000 0.000000 -14.618888 6.826271 2.992847 -38.820927 -13.298225 10.412030 28.844668 -6.464187 -27.384666 18.121700 22.998347 3.523989 -0.000000 0.000000 0.000000 -0.000000 0.000000 0.000000 -0.000000 0.000000 0.000000 -0.000000 0.000000 0.000000 -0.000000 0.000000 0.000000 -0.000000 0.000000 0.000000 -0.000000 0.000000 0.000000 -0.000000 0.000000 0.000000 -0.000000 0.000000 0.000000 -0.000000 0.000000 0.000000 -0.000000 0.000000 0.000000 -0.000000 0.000000 0.000000 -0.000000 0.000000 0.000000 -0.000000 0.000000 0.000000 -0.000000 0.000000 0.000000
-8.872348 95.969597 -72.090012 4.328105 80.536545 -144.883536 -4.238394 -24.797675 2.837296 -0.230087 33.297987 5.028535 4.960084 -3.392756 -12.865812 0.115578 -0.002433 0.097121 -1.453070 -21.044991 -1.035202 3.145354 30.942368 -5.490200 -7.134496 -5.394640 12.782508 0.047084 0.073460 -0.109820 -4.610290 18.764907 -1.889088 5.929387 -11.832018 -2.722299 -0.544673 1.957223 -2.949081 1.948353 -5.184027 1.919706 -4.686705 -4.083086 -6.451084 -0.000000 0.000000 0.000000 -0.000000 0.000000 0.000000 -0.000000 0.000000 0.000000 26.771954 0.046967 -5.481952 40.502940 -11.303623 -6.268458 -33.938031 -14.770480 24.101549 -13.463951 21.671042 -11.701417 -0.000000 0.000000 0.000000 -0.000000 0.000000 0.000000 -0.000000 0.000000 0.000000 -0.000000 0.000000 0.000000 -0.000000 0.000000 0.000000 -0.000000 0.000000 0.000000 -0.000000 0.000000 0.000000 -0.000000 0.000000 0.000000 -0.000000 0.000000 0.000000 -0.000000 0.000000 0.000000 -0.000000 0.000000 0.000000 -0.000000 0.000000 0.000000 -0.000000 0.000000 0.000000 -0.000000 0.000000 0.000000 -0.000000 0.000000 0.000000 -14.997417 6.848723 2.830133 -32.673953 -14.373110 10.198039 30.381318 -8.506036 -28.839172 24.876031 27.994688 -0.881213 -0.000000 0.000000 0.000000 -0.000000 0.000000 0.000000 -0.000000 0.000000 0.000000 -0.000000 0.000000 0.000000 -0.000000 0.000000 0.000000 -0.000000 0.000000 0.000000 -0.000000 0.000000 0.000000 -0.000000 0.000000 0.000000 -0.000000 0.000000 0.000000 -0.000000 0.000000 0.000000 -0.000000 0.000000 0.000000 -0.000000 0.000000 0.000000 -0.000000 0.000000 0.000000 -0.000000 0.000000 0.000000 -0.000000 0.000000 0.000000
-9.355231 96.579132 -73.110283 3.538235 80.268341 -144.165923 -3.991198 -24.125014 3.080006 -1.299820 28.969716 5.851365 6.091228 0.244140 -13.004896 0.164281 -0.069447 0.106789 -1.214546 -21.068916 -1.038605 3.376056 27.388549 -5.618752 -8.049613 -2.275455 13.559757 0.015179 0.111676 -0.131210 -4.541207 18.486515 -2.124316 5.798675 -12.440850 -2.775093 -0.508958 2.402679 -3.042459 1.846845 -3.116468 2.429157 -4.329682 -1.927498 -6.619613 -0.000000 0.000000 0.000000 -0.000000 0.000000 0.000000 -0.000000 0.000000 0.000000 26.733399 0.237978 -4.628778 37.670457 -12.217733 -4.768200 -36.353663 -17.170671 27.864962 -16.718830 24.988375 -9.789982 -0.000000 0.000000 0.000000 -0.000000 0.000000 0.000000 -0.000000 0.000000 0.000000 -0.000000 0.000000 0.000000 -0.000000 0.000000 0.000000 -0.000000 0.000000 0.000000 -0.000000 0.000000 0.000000 -0.000000 0.000000 0.000000 -0.000000 0.000000 0.000000 -0.000000 0.000000 0.000000 -0.000000 0.000000 0.000000 -0.000000 0.000000 0.000000 -0.000000 0.000000 0.000000 -0.000000 0.000000 0.000000 -0.000000 0.000000 0.000000 -15.155369 6.837501 2.554811 -27.188473 -15.436000 9.825093 31.731858 -10.936453 -31.236372 31.428418 31.165546 -5.916674 -0.000000 0.000000 0.000000 -0.000000 0.000000 0.000000 -0.000000 0.000000 0.000000 -0.000000 0.000000 0.000000 -0.000000 0.000000 0.000000 -0.000000 0.000000 0.000000 -0.000000 0.000000 0.000000 -0.000000 0.000000 0.000000 -0.000000 0.000000 0.000000 -0.000000 0.000000 0.000000 -0.000000 0.000000 0.000000 -0.000000 0.000000 0.000000 -0.000000 0.000000 0.000000 -0.000000 0.000000 0.000000 -0.000000 0.000000 0.000000
-10.017578 97.269234 -75.663666 2.045321 80.035745 -142.785946 -3.896614 -22.869118 3.279665 -2.053143 25.120740 6.467457 7.440775 4.188007 -13.428314 0.182391 -0.139656 0.133984 -1.303987 -21.193061 -1.300245 3.507626 25.800203 -5.441896 -9.061103 1.211056 14.665933 0.011544 0.133756 -0.159295 -4.463758 17.624165 -2.125478 5.512247 -12.685131 -3.005386 -0.468072 2.449619 -3.199650 1.672681 -1.010743 2.876437 -4.199594 -0.597372 -6.881373 -0.000000 0.000000 0.000000 -0.000000 0.000000 0.000000 -0.000000 0.000000 0.000000 26.521114 0.227315 -4.407511 34.494394 -13.069825 -4.539395 -38.193748 -18.969244 31.437768 -19.968580 27.710036 -7.684317 -0.000000 0.000000 0.000000 -0.000000 0.000000 0.000000 -0.000000 0.000000 0.000000 -0.000000 0.000000 0.000000 -0.000000 0.000000 0.000000 -0.000000 0.000000 0.000000 -0.000000 0.000000 0.000000 -0.000000 0.000000 0.000000 -0.000000 0.000000 0.000000 -0.000000 0.000000 0.000000 -0.000000 0.000000 0.000000 -0.000000 0.000000 0.000000 -0.000000 0.000000 0.000000 -0.000000 0.000000 0.000000 -0.000000 0.000000 0.000000 -15.040071 6.750110 2.529990 -22.306684 -16.136375 9.695268 33.606879 -13.490822 -34.214504 37.427231 32.726191 -10.874004 -0.000000 0.000000 0.000000 -0.000000 0.000000 0.000000 -0.000000 0.000000 0.000000 -0.000000 0.000000 0.000000 -0.000000 0.000000 0.000000 -0.000000 0.000000 0.000000 -0.000000 0.000000 0.000000 -0.000000 0.000000 0.000000 -0.000000 0.000000 0.000000 -0.000000 0.000000 0.000000 -0.000000 0.000000 0.000000 -0.000000 0.000000 0.000000 -0.000000 0.000000 0.000000 -0.000000 0.000000 0.000000 -0.000000 0.000000 0.000000
-10.811530 98.024971 -79.418549 0.320177 79.770335 -141.146211 -3.801396 -21.801282 3.999469 -2.744791 23.183920 7.109835 8.464235 7.667589 -14.661257 0.195203 -0.159459 0.159043 -1.571884 -21.945826 -1.716531 3.709319 27.051463 -5.560106 -9.697948 4.603215 16.065748 0.036967 0.149150 -0.208056 -4.436532 16.316554 -2.128066 5.319031 -12.739613 -3.346622 -0.476801 2.394283 -3.439901 1.650176 0.802812 3.171431 -4.358149 -0.474488 -7.253326 -0.000000 0.000000 0.000000 -0.000000 0.000000 0.000000 -0.000000 0.000000 0.000000 25.947056 -0.007334 -4.792642 31.479046 -14.552856 -4.868025 -39.939466 -20.848602 34.441487 -22.301420 29.600753 -5.985163 -0.000000 0.000000 0.000000 -0.000000 0.000000 0.000000 -0.000000 0.000000 0.000000 -0.000000 0.000000 0.000000 -0.000000 0.000000 0.000000 -0.000000 0.000000 0.000000 -0.000000 0.000000 0.000000 -0.000000 0.000000 0.000000 -0.000000 0.000000 0.000000 -0.000000 0.000000 0.000000 -0.000000 0.000000 0.000000 -0.000000 0.000000 0.000000 -0.000000 0.000000 0.000000 -0.000000 0.000000 0.000000 -0.000000 0.000000 0.000000 -14.353198 6.538221 2.430291 -18.491346 -17.093436 9.961591 35.368431 -16.546732 -36.511243 41.936524 32.988239 -14.595994 -0.000000 0.000000 0.000000 -0.000000 0.000000 0.000000 -0.000000 0.000000 0.000000 -0.000000 0.000000 0.000000 -0.000000 0.000000 0.000000 -0.000000 0.000000 0.000000 -0.000000 0.000000 0.000000 -0.000000 0.000000 0.000000 -0.000000 0.000000 0.000000 -0.000000 0.000000 0.000000 -0.000000 0.000000 0.000000 -0.000000 0.000000 0.000000 -0.000000 0.000000 0.000000 -0.000000 0.000000 0.000000 -0.000000 0.000000 0.000000
-11.574533 98.685280 -84.290657 -0.378724 79.656506 -140.366278 -3.772291 -21.380515 5.205769 -2.894146 24.476439 8.490011 7.737613 8.073852 -16.129325 0.155520 -0.116500 0.135707 -1.859796 -23.514321 -2.850153 3.806438 31.800788 -6.222124 -9.457199 5.774151 17.490544 0.088528 0.117592 -0.307160 -4.155381 15.638043 -2.090891 4.950696 -12.897237 -3.836272 -0.461999 2.405894 -3.825212 1.493153 1.680599 3.457595 -4.861720 -0.466746 -7.948682 -0.000000 0.000000 0.000000 -0.000000 0.000000 0.000000 -0.000000 0.000000 0.000000 25.337873 0.008095 -4.790200 29.342879 -16.410864 -5.443507 -41.969127 -23.689571 37.747880 -24.139556 30.788460 -4.934574 -0.000000 0.000000 0.000000 -0.000000 0.000000 0.000000 -0.000000 0.000000 0.000000 -0.000000 0.000000 0.000000 -0.000000 0.000000 0.000000 -0.000000 0.000000 0.000000 -0.000000 0.000000 0.000000 -0.000000 0.000000 0.000000 -0.000000 0.000000 0.000000 -0.000000 0.000000 0.000000 -0.000000 0.000000 0.000000 -0.000000 0.000000 0.000000 -0.000000 0.000000 0.000000 -0.000000 0.000000 0.000000 -0.000000 0.000000 0.000000 -13.326513 6.215979 2.619682 -15.353384 -18.386225 10.410064 37.296421 -19.287432 -38.992451 44.272189 33.715031 -17.106423 -0.000000 0.000000 0.000000 -0.000000 0.000000 0.000000 -0.000000 0.000000 0.000000 -0.000000 0.000000 0.000000 -0.000000 0.000000 0.000000 -0.000000 0.000000 0.000000 -0.000000 0.000000 0.000000 -0.000000 0.000000 0.000000 -0.000000 0.000000 0.000000 -0.000000 0.000000 0.000000 -0.000000 0.000000 0.000000 -0.000000 0.000000 0.000000 -0.000000 0.000000 0.000000 -0.000000 0.000000 0.000000 -0.000000 0.000000 0.000000
-12.327547 99.325523 -90.108315 -2.834487 80.829131 -137.777978 -4.100709 -22.172260 5.732419 -0.430686 33.907219 6.906755 1.158971 -7.604014 -17.308095 -0.021444 -0.131148 0.111771 -1.096124 -24.773482 -4.615906 3.124103 41.205002 -3.411386 -5.566757 -6.297958 15.935374 -0.039202 0.003835 0.025928 -3.216577 15.311837 -1.888956 4.483011 -12.412718 -4.098808 -0.639002 0.073711 -3.320284 -0.099009 0.556869 2.540225 -2.647409 -5.328139 -5.328770 -0.000000 0.000000 0.000000 -0.000000 0.000000 0.000000 -0.000000 0.000000 0.000000 21.591416 -2.142996 -5.634121 30.875566 -15.651908 -6.436765 -44.963667 -18.474233 40.213332 -19.949741 34.569593 -1.804558 -0.000000 0.000000 0.000000 -0.000000 0.000000 0.000000 -0.000000 0.000000 0.000000 -0.000000 0.000000 0.000000 -0.000000 0.000000 0.000000 -0.000000 0.000000 0.000000 -0.000000 0.000000 0.000000 -0.000000 0.000000 0.000000 -0.000000 0.000000 0.000000 -0.000000 0.000000 0.000000 -0.000000 0.000000 0.000000 -0.000000 0.000000 0.000000 -0.000000 0.000000 0.000000 -0.000000 0.000000 0.000000 -0.000000 0.000000 0.000000 -10.775472 3.987859 0.175397 -14.974918 -18.751661 8.768012 43.884773 -14.600211 -39.781950 42.227976 37.887896 -18.693562 -0.000000 0.000000 0.000000 -0.000000 0.000000 0.000000 -0.000000 0.000000 0.000000 -0.000000 0.000000 0.000000 -0.000000 0.000000 0.000000 -0.000000 0.000000 0.000000 -0.000000 0.000000 0.000000 -0.000000 0.000000 0.000000 -0.000000 0.000000 0.000000 -0.000000 0.000000 0.000000 -0.000000 0.000000 0.000000 -0.000000 0.000000 0.000000 -0.000000 0.000000 0.000000 -0.000000 0.000000 0.000000 -0.000000 0.000000 0.000000
-12.837090 99.343788 -95.527878 -2.782360 81.162481 -136.915823 -3.974442 -26.776156 6.026352 1.721321 46.308586 4.540700 -6.565921 -22.978864 -20.129288 0.011798 -0.049588 0.030954 -2.001849 -29.472018 -6.290895 3.075260 53.563060 -2.949591 -1.360004 -20.247872 16.405286 -0.101188 0.005643 0.158275 -2.312007 17.475230 -2.072101 4.356100 -13.623550 -3.998532 -0.366032 -0.422907 -3.212404 -1.809176 -1.073314 1.447102 -0.589621 -7.738410 -2.650970 -0.000000 0.000000 0.000000 -0.000000 0.000000 0.000000 -0.000000 0.000000 0.000000 19.358207 -3.095966 -4.474807 30.777395 -16.750229 -7.788122 -48.124561 -16.225186 39.833575 -16.913765 36.315346 -1.958592 -0.000000 0.000000 0.000000 -0.000000 0.000000 0.000000 -0.000000 0.000000 0.000000 -0.000000 0.000000 0.000000 -0.000000 0.000000 0.000000 -0.000000 0.000000 0.000000 -0.000000 0.000000 0.000000 -0.000000 0.000000 0.000000 -0.000000 0.000000 0.000000 -0.000000 0.000000 0.000000 -0.000000 0.000000 0.000000 -0.000000 0.000000 0.000000 -0.000000 0.000000 0.000000 -0.000000 0.000000 0.000000 -0.000000 0.000000 0.000000 -9.084552 1.585076 -1.998140 -13.271813 -20.201501 6.795789 49.428484 -14.612896 -40.923765 40.584220 39.432883 -17.758193 -0.000000 0.000000 0.000000 -0.000000 0.000000 0.000000 -0.000000 0.000000 0.000000 -0.000000 0.000000 0.000000 -0.000000 0.000000 0.000000 -0.000000 0.000000 0.000000 -0.000000 0.000000 0.000000 -0.000000 0.000000 0.000000 -0.000000 0.000000 0.000000 -0.000000 0.000000 0.000000 -0.000000 0.000000 0.000000 -0.000000 0.000000 0.000000 -0.000000 0.000000 0.000000 -0.000000 0.000000 0.000000 -0.000000 0.000000 0.000000
-13.194452 99.347702 -99.803329 -1.063694 81.435324 -137.612729 -3.592293 -31.367308 6.712862 5.196940 57.050234 -0.077813 -12.159220 -31.528708 -23.259125 0.050118 -0.008430 -0.008521 -2.913424 -33.958114 -8.369896 3.653639 63.713375 -2.685564 1.494590 -27.925680 17.066137 -0.108398 -0.013307 0.251403 -1.556749 19.344367 -2.218781 4.199869 -13.877338 -3.905060 -0.228254 -1.492622 -3.076794 -3.062204 -3.099170 0.638008 0.809167 -10.390678 -0.704468 -0.000000 0.000000 0.000000 -0.000000 0.000000 0.000000 -0.000000 0.000000 0.000000 17.866035 -3.627044 -3.726150 31.747848 -17.332359 -8.991873 -49.231026 -13.520317 39.470371 -13.226771 37.488751 -3.195047 -0.000000 0.000000 0.000000 -0.000000 0.000000 0.000000 -0.000000 0.000000 0.000000 -0.000000 0.000000 0.000000 -0.000000 0.000000 0.000000 -0.000000 0.000000 0.000000 -0.000000 0.000000 0.000000 -0.000000 0.000000 0.000000 -0.000000 0.000000 0.000000 -0.000000 0.000000 0.000000 -0.000000 0.000000 0.000000 -0.000000 0.000000 0.000000 -0.000000 0.000000 0.000000 -0.000000 0.000000 0.000000 -0.000000 0.000000 0.000000 -7.409894 -0.251925 -3.926720 -13.222257 -21.170969 4.449635 53.378185 -14.521666 -42.541314 39.702069 40.047602 -16.708053 -0.000000 0.000000 0.000000 -0.000000 0.000000 0.000000 -0.000000 0.000000 0.000000 -0.000000 0.000000 0.000000 -0.000000 0.000000 0.000000 -0.000000 0.000000 0.000000 -0.000000 0.000000 0.000000 -0.000000 0.000000 0.000000 -0.000000 0.000000 0.000000 -0.000000 0.000000 0.000000 -0.000000 0.000000 0.000000 -0.000000 0.000000 0.000000 -0.000000 0.000000 0.000000 -0.000000 0.000000 0.000000 -0.000000 0.000000 0.000000
-13.617824 99.457260 -102.883766 1.015839 81.719971 -138.556966 -3.314236 -34.651695 7.403927 10.265958 64.611050 -6.439169 -15.972919 -36.183255 -26.096492 0.063647 0.005173 -0.016155 -3.396634 -37.646238 -10.196389 5.165939 71.674366 -3.370588 3.280739 -32.183932 17.655521 -0.103418 -0.040728 0.248164 -1.174250 20.619300 -2.216280 4.363720 -13.714662 -3.636478 -0.119185 -2.741920 -2.862330 -3.625106 -4.702366 0.744869 1.329314 -13.094984 -0.284810 -0.000000 0.000000 0.000000 -0.000000 0.000000 0.000000 -0.000000 0.000000 0.000000 17.216474 -3.675431 -2.804766 33.394106 -17.926089 -10.186165 -49.432547 -10.916027 38.298216 -10.022567 38.235213 -5.267228 -0.000000 0.000000 0.000000 -0.000000 0.000000 0.000000 -0.000000 0.000000 0.000000 -0.000000 0.000000 0.000000 -0.000000 0.000000 0.000000 -0.000000 0.000000 0.000000 -0.000000 0.000000 0.000000 -0.000000 0.000000 0.000000 -0.000000 0.000000 0.000000 -0.000000 0.000000 0.000000 -0.000000 0.000000 0.000000 -0.000000 0.000000 0.000000 -0.000000 0.000000 0.000000 -0.000000 0.000000 0.000000 -0.000000 0.000000 0.000000 -5.481096 -1.626723 -5.683090 -13.894392 -21.899220 2.620028 56.206646 -14.749195 -43.569583 39.742238 40.817905 -16.382540 -0.000000 0.000000 0.000000 -0.000000 0.000000 0.000000 -0.000000 0.000000 0.000000 -0.000000 0.000000 0.000000 -0.000000 0.000000 0.000000 -0.000000 0.000000 0.000000 -0.000000 0.000000 0.000000 -0.000000 0.000000 0.000000 -0.000000 0.000000 0.000000 -0.000000 0.000000 0.000000 -0.000000 0.000000 0.000000 -0.000000 0.000000 0.000000 -0.000000 0.000000 0.000000 -0.000000 0.000000 0.000000 -0.000000 0.000000 0.000000
-14.269334 99.779427 -104.546951 2.847040 81.819852 -139.291490 -3.435514 -36.402964 7.442043 14.739414 68.624280 -12.072317 -18.067462 -38.774045 -27.839908 0.078044 0.007744 -0.012491 -3.196242 -40.000047 -11.050325 7.177770 76.471608 -4.885877 3.972501 -34.132623 17.718338 -0.097195 -0.040302 0.273364 -1.247716 21.583659 -1.908035 4.770525 -13.835822 -3.160590 -0.027048 -3.668742 -2.661653 -3.800622 -5.908111 1.137203 1.270924 -15.460476 -0.611215 -0.000000 0.000000 0.000000 -0.000000 0.000000 0.000000 -0.000000 0.000000 0.000000 17.036603 -3.702895 -2.185121 34.809514 -18.910132 -11.813913 -48.627042 -8.003490 36.090896 -8.043764 39.268589 -7.720105 -0.000000 0.000000 0.000000 -0.000000 0.000000 0.000000 -0.000000 0.000000 0.000000 -0.000000 0.000000 0.000000 -0.000000 0.000000 0.000000 -0.000000 0.000000 0.000000 -0.000000 0.000000 0.000000 -0.000000 0.000000 0.000000 -0.000000 0.000000 0.000000 -0.000000 0.000000 0.000000 -0.000000 0.000000 0.000000 -0.000000 0.000000 0.000000 -0.000000 0.000000 0.000000 -0.000000 0.000000 0.000000 -0.000000 0.000000 0.000000 -3.907942 -2.392550 -6.522397 -14.730010 -22.649977 1.754927 57.298643 -14.625733 -43.405281 40.982968 41.815468 -16.948714 -0.000000 0.000000 0.000000 -0.000000 0.000000 0.000000 -0.000000 0.000000 0.000000 -0.000000 0.000000 0.000000 -0.000000 0.000000 0.000000 -0.000000 0.000000 0.000000 -0.000000 0.000000 0.000000 -0.000000 0.000000 0.000000 -0.000000 0.000000 0.000000 -0.000000 0.000000 0.000000 -0.000000 0.000000 0.000000 -0.000000 0.000000 0.000000 -0.000000 0.000000 0.000000 -0.000000 0.000000 0.000000 -0.000000 0.000000 0.000000
-15.190416 100.381981 -104.697144 4.891798 81.742202 -140.412723 -4.034702 -36.263645 6.486765 16.099886 69.188149 -13.967549 -18.414685 -39.555359 -28.413973 0.059926 0.041092 0.027281 -2.459983 -41.098084 -10.924337 8.407530 78.189409 -5.853791 3.874141 -34.041714 17.610321 -0.093668 -0.040606 0.285585 -1.633676 21.938085 -1.315980 5.145692 -14.262447 -2.688005 0.000287 -4.198553 -2.418481 -3.672058 -7.010452 1.901634 0.544737 -17.489687 -1.337422 -0.000000 0.000000 0.000000 -0.000000 0.000000 0.000000 -0.000000 0.000000 0.000000 17.050727 -3.599298 -1.727779 35.142831 -19.896125 -13.427119 -46.291812 -5.260502 32.683340 -7.173168 39.974497 -9.956621 -0.000000 0.000000 0.000000 -0.000000 0.000000 0.000000 -0.000000 0.000000 0.000000 -0.000000 0.000000 0.000000 -0.000000 0.000000 0.000000 -0.000000 0.000000 0.000000 -0.000000 0.000000 0.000000 -0.000000 0.000000 0.000000 -0.000000 0.000000 0.000000 -0.000000 0.000000 0.000000 -0.000000 0.000000 0.000000 -0.000000 0.000000 0.000000 -0.000000 0.000000 0.000000 -0.000000 0.000000 0.000000 -0.000000 0.000000 0.000000 -2.465880 -2.699127 -6.686401 -15.113197 -23.262700 1.983630 56.684572 -14.654595 -42.000212 42.206095 42.169444 -17.126513 -0.000000 0.000000 0.000000 -0.000000 0.000000 0.000000 -0.000000 0.000000 0.000000 -0.000000 0.000000 0.000000 -0.000000 0.000000 0.000000 -0.000000 0.000000 0.000000 -0.000000 0.000000 0.000000 -0.000000 0.000000 0.000000 -0.000000 0.000000 0.000000 -0.000000 0.000000 0.000000 -0.000000 0.000000 0.000000 -0.000000 0.000000 0.000000 -0.000000 0.000000 0.000000 -0.000000 0.000000 0.000000 -0.000000 0.000000 0.000000
-16.358461 101.209259 -103.092697 6.359461 81.506552 -141.269633 -4.818105 -33.676355 5.168813 12.778074 65.401580 -10.781372 -16.961179 -38.073029 -27.852351 0.016636 0.141335 0.076896 -1.530670 -40.469171 -9.689249 7.508473 75.723912 -5.313046 3.108998 -31.867870 17.484403 -0.097329 -0.019768 0.271479 -2.255320 21.335247 -0.650862 5.554940 -14.711916 -1.981405 -0.116374 -4.027229 -2.164225 -3.215798 -7.380578 2.363627 -0.387247 -18.765753 -2.410961 -0.000000 0.000000 0.000000 -0.000000 0.000000 0.000000 -0.000000 0.000000 0.000000 16.788549 -3.205601 -1.692597 34.836856 -20.671118 -14.630128 -43.116753 -3.435854 28.417390 -6.259218 39.665135 -12.354643 -0.000000 0.000000 0.000000 -0.000000 0.000000 0.000000 -0.000000 0.000000 0.000000 -0.000000 0.000000 0.000000 -0.000000 0.000000 0.000000 -0.000000 0.000000 0.000000 -0.000000 0.000000 0.000000 -0.000000 0.000000 0.000000 -0.000000 0.000000 0.000000 -0.000000 0.000000 0.000000 -0.000000 0.000000 0.000000 -0.000000 0.000000 0.000000 -0.000000 0.000000 0.000000 -0.000000 0.000000 0.000000 -0.000000 0.000000 0.000000 -1.237393 -2.352759 -5.908649 -15.723239 -23.119747 3.157369 53.841639 -13.722849 -39.743977 42.371713 41.434032 -16.250411 -0.000000 0.000000 0.000000 -0.000000 0.000000 0.000000 -0.000000 0.000000 0.000000 -0.000000 0.000000 0.000000 -0.000000 0.000000 0.000000 -0.000000 0.000000 0.000000 -0.000000 0.000000 0.000000 -0.000000 0.000000 0.000000 -0.000000 0.000000 0.000000 -0.000000 0.000000 0.000000 -0.000000 0.000000 0.000000 -0.000000 0.000000 0.000000 -0.000000 0.000000 0.000000 -0.000000 0.000000 0.000000 -0.000000 0.000000 0.000000
-17.804718 102.335632 -99.681419 7.646104 80.926890 -142.219950 -5.475210 -29.130592 3.916958 7.669605 56.722738 -5.413511 -13.243502 -33.361510 -25.769734 -0.027625 0.154133 0.123924 -0.552336 -37.652220 -8.068041 4.831468 69.187978 -2.991748 0.925189 -27.343160 16.797805 -0.105032 -0.016224 0.242946 -2.839037 19.833143 0.008096 5.682232 -15.353431 -1.438856 -0.432668 -3.106541 -1.699503 -2.755569 -6.637583 2.359502 -1.341118 -18.213898 -3.948694 -0.000000 0.000000 0.000000 -0.000000 0.000000 0.000000 -0.000000 0.000000 0.000000 16.288451 -2.569357 -2.437823 34.802596 -20.748175 -15.095936 -39.789279 -2.640136 24.016702 -5.555109 39.410323 -13.938975 -0.000000 0.000000 0.000000 -0.000000 0.000000 0.000000 -0.000000 0.000000 0.000000 -0.000000 0.000000 0.000000 -0.000000 0.000000 0.000000 -0.000000 0.000000 0.000000 -0.000000 0.000000 0.000000 -0.000000 0.000000 0.000000 -0.000000 0.000000 0.000000 -0.000000 0.000000 0.000000 -0.000000 0.000000 0.000000 -0.000000 0.000000 0.000000 -0.000000 0.000000 0.000000 -0.000000 0.000000 0.000000 -0.000000 0.000000 0.000000 -0.440400 -1.785011 -4.075404 -15.737315 -22.485006 4.783514 50.799563 -12.865780 -36.494566 42.365093 40.102793 -14.965146 -0.000000 0.000000 0.000000 -0.000000 0.000000 0.000000 -0.000000 0.000000 0.000000 -0.000000 0.000000 0.000000 -0.000000 0.000000 0.000000 -0.000000 0.000000 0.000000 -0.000000 0.000000 0.000000 -0.000000 0.000000 0.000000 -0.000000 0.000000 0.000000 -0.000000 0.000000 0.000000 -0.000000 0.000000 0.000000 -0.000000 0.000000 0.000000 -0.000000 0.000000 0.000000 -0.000000 0.000000 0.000000 -0.000000 0.000000 0.000000
-19.376642 103.683815 -94.455429 7.097569 80.642411 -141.749934 -6.860158 -23.451986 2.422705 5.024257 45.204113 -0.228254 -3.442788 -24.110258 -18.253692 -0.013508 0.102449 0.003755 1.202967 -33.588576 -4.991326 1.097221 57.820522 -0.753824 -4.874386 -16.806605 13.023764 0.001207 0.045583 0.093314 -2.046898 17.210764 -0.330264 5.206229 -14.273760 -1.779271 -1.081931 -3.003403 -1.175487 -4.816881 -5.452638 0.622518 -1.621200 -12.115257 -5.671955 -0.000000 0.000000 0.000000 -0.000000 0.000000 0.000000 -0.000000 0.000000 0.000000 19.737081 -1.829603 -2.288078 33.681549 -18.837586 -10.504240 -38.792375 -6.944525 21.479596 -13.325385 39.141406 -4.175440 -0.000000 0.000000 0.000000 -0.000000 0.000000 0.000000 -0.000000 0.000000 0.000000 -0.000000 0.000000 0.000000 -0.000000 0.000000 0.000000 -0.000000 0.000000 0.000000 -0.000000 0.000000 0.000000 -0.000000 0.000000 0.000000 -0.000000 0.000000 0.000000 -0.000000 0.000000 0.000000 -0.000000 0.000000 0.000000 -0.000000 0.000000 0.000000 -0.000000 0.000000 0.000000 -0.000000 0.000000 0.000000 -0.000000 0.000000 0.000000 -4.131194 -0.505165 -2.254836 -16.655041 -20.214347 2.777228 45.563708 -9.183855 -32.746622 42.030184 37.361177 -16.914986 -0.000000 0.000000 0.000000 -0.000000 0.000000 0.000000 -0.000000 0.000000 0.000000 -0.000000 0.000000 0.000000 -0.000000 0.000000 0.000000 -0.000000 0.000000 0.000000 -0.000000 0.000000 0.000000 -0.000000 0.000000 0.000000 -0.000000 0.000000 0.000000 -0.000000 0.000000 0.000000 -0.000000 0.000000 0.000000 -0.000000 0.000000 0.000000 -0.000000 0.000000 0.000000 -0.000000 0.000000 0.000000 -0.000000 0.000000 0.000000
-20.446617 104.771088 -90.567810 9.521794 80.218331 -145.121722 -7.098964 -21.301341 1.991148 4.337658 39.785896 1.049518 1.887964 -16.148537 -14.607323 0.009221 0.031720 0.024225 3.110451 -30.576404 -2.867239 0.542058 48.064548 -0.456712 -8.804330 -6.770724 12.489822 0.039139 0.051789 0.040761 -1.570357 15.739879 -0.615608 5.030647 -13.745377 -1.290092 -1.565717 -2.903693 -0.619739 -5.018332 -3.921408 1.524268 -2.408842 -8.881410 -6.821217 -0.000000 0.000000 0.000000 -0.000000 0.000000 0.000000 -0.000000 0.000000 0.000000 21.517646 -1.166340 -1.240916 30.623492 -17.792709 -9.412889 -38.855207 -8.561473 19.695403 -15.434806 40.041050 -0.943134 -0.000000 0.000000 0.000000 -0.000000 0.000000 0.000000 -0.000000 0.000000 0.000000 -0.000000 0.000000 0.000000 -0.000000 0.000000 0.000000 -0.000000 0.000000 0.000000 -0.000000 0.000000 0.000000 -0.000000 0.000000 0.000000 -0.000000 0.000000 0.000000 -0.000000 0.000000 0.000000 -0.000000 0.000000 0.000000 -0.000000 0.000000 0.000000 -0.000000 0.000000 0.000000 -0.000000 0.000000 0.000000 -0.000000 0.000000 0.000000 -5.601856 -0.147490 -1.801181 -14.225359 -20.016737 3.506622 43.669401 -8.400439 -29.781784 42.364623 37.535911 -17.665553 -0.000000 0.000000 0.000000 -0.000000 0.000000 0.000000 -0.000000 0.000000 0.000000 -0.000000 0.000000 0.000000 -0.000000 0.000000 0.000000 -0.000000 0.000000 0.000000 -0.000000 0.000000 0.000000 -0.000000 0.000000 0.000000 -0.000000 0.000000 0.000000 -0.000000 0.000000 0.000000 -0.000000 0.000000 0.000000 -0.000000 0.000000 0.000000 -0.000000 0.000000 0.000000 -0.000000 0.000000 0.000000 -0.000000 0.000000 0.000000
-21.339014 105.651901 -88.055252 11.561279 80.018078 -148.133297 -6.892779 -20.577086 2.090189 3.979358 37.964702 1.799694 4.310508 -11.792786 -13.146338 0.017271 0.019007 0.051164 4.682037 -28.748255 -1.459232 1.050721 40.730025 -0.767544 -11.630345 0.444033 13.463520 0.047432 0.038379 0.009211 -1.208388 15.109638 -0.898756 4.834478 -13.524883 -0.987981 -1.836681 -2.842233 -0.243769 -5.192097 -2.972163 2.396310 -3.154672 -6.444266 -7.524359 -0.000000 0.000000 0.000000 -0.000000 0.000000 0.000000 -0.000000 0.000000 0.000000 22.806270 -0.660878 0.004496 27.428531 -16.812003 -7.933909 -39.158607 -10.377577 19.207126 -16.695403 40.912088 1.736066 -0.000000 0.000000 0.000000 -0.000000 0.000000 0.000000 -0.000000 0.000000 0.000000 -0.000000 0.000000 0.000000 -0.000000 0.000000 0.000000 -0.000000 0.000000 0.000000 -0.000000 0.000000 0.000000 -0.000000 0.000000 0.000000 -0.000000 0.000000 0.000000 -0.000000 0.000000 0.000000 -0.000000 0.000000 0.000000 -0.000000 0.000000 0.000000 -0.000000 0.000000 0.000000 -0.000000 0.000000 0.000000 -0.000000 0.000000 0.000000 -6.471698 0.201149 -1.578555 -11.728935 -19.520080 4.361741 41.805074 -7.669305 -27.626922 41.847985 38.033105 -17.936817 -0.000000 0.000000 0.000000 -0.000000 0.000000 0.000000 -0.000000 0.000000 0.000000 -0.000000 0.000000 0.000000 -0.000000 0.000000 0.000000 -0.000000 0.000000 0.000000 -0.000000 0.000000 0.000000 -0.000000 0.000000 0.000000 -0.000000 0.000000 0.000000 -0.000000 0.000000 0.000000 -0.000000 0.000000 0.000000 -0.000000 0.000000 0.000000 -0.000000 0.000000 0.000000 -0.000000 0.000000 0.000000 -0.000000 0.000000 0.000000
-22.102503 106.429291 -86.819138 12.687676 79.965657 -150.125913 -6.560463 -19.479410 2.333176 3.191432 36.270804 3.156653 5.226852 -9.306387 -12.854626 0.041657 -0.001061 0.093673 5.993098 -27.230863 -0.424495 1.652748 34.527263 -0.818813 -13.717544 5.068327 15.031073 0.063828 0.051363 -0.075553 -0.952785 14.893669 -1.245565 4.660793 -13.778418 -0.846750 -1.944713 -2.658161 0.011848 -5.373504 -2.060580 3.250642 -3.921934 -4.213041 -8.096221 -0.000000 0.000000 0.000000 -0.000000 0.000000 0.000000 -0.000000 0.000000 0.000000 23.648295 -0.197649 1.577705 23.850302 -16.556874 -5.692175 -39.753431 -12.855087 19.335540 -18.885915 41.550312 5.010788 -0.000000 0.000000 0.000000 -0.000000 0.000000 0.000000 -0.000000 0.000000 0.000000 -0.000000 0.000000 0.000000 -0.000000 0.000000 0.000000 -0.000000 0.000000 0.000000 -0.000000 0.000000 0.000000 -0.000000 0.000000 0.000000 -0.000000 0.000000 0.000000 -0.000000 0.000000 0.000000 -0.000000 0.000000 0.000000 -0.000000 0.000000 0.000000 -0.000000 0.000000 0.000000 -0.000000 0.000000 0.000000 -0.000000 0.000000 0.000000 -7.257529 0.444184 -1.698494 -8.579783 -18.841423 5.621566 40.399777 -7.616161 -26.283331 41.609557 38.248246 -18.451357 -0.000000 0.000000 0.000000 -0.000000 0.000000 0.000000 -0.000000 0.000000 0.000000 -0.000000 0.000000 0.000000 -0.000000 0.000000 0.000000 -0.000000 0.000000 0.000000 -0.000000 0.000000 0.000000 -0.000000 0.000000 0.000000 -0.000000 0.000000 0.000000 -0.000000 0.000000 0.000000 -0.000000 0.000000 0.000000 -0.000000 0.000000 0.000000 -0.000000 0.000000 0.000000 -0.000000 0.000000 0.000000 -0.000000 0.000000 0.000000
-22.876024 107.074692 -86.761703 12.879987 79.915466 -150.991851 -6.302404 -17.954808 2.391113 2.096173 34.355427 4.776945 5.873614 -7.441085 -12.978936 0.070713 -0.037218 0.116021 6.823539 -26.594865 0.093056 2.066808 31.400756 -0.897019 -15.006610 7.607418 16.336656 0.061451 0.069539 -0.104990 -0.859167 14.529808 -1.267958 4.562060 -14.022493 -0.943757 -1.958776 -2.359438 0.034300 -5.469183 -1.336000 3.908677 -4.448276 -2.934936 -8.441184 -0.000000 0.000000 0.000000 -0.000000 0.000000 0.000000 -0.000000 0.000000 0.000000 23.661625 -0.197390 2.766829 20.414594 -17.184601 -3.960419 -40.363596 -15.901632 20.260476 -21.051404 42.194297 7.874227 -0.000000 0.000000 0.000000 -0.000000 0.000000 0.000000 -0.000000 0.000000 0.000000 -0.000000 0.000000 0.000000 -0.000000 0.000000 0.000000 -0.000000 0.000000 0.000000 -0.000000 0.000000 0.000000 -0.000000 0.000000 0.000000 -0.000000 0.000000 0.000000 -0.000000 0.000000 0.000000 -0.000000 0.000000 0.000000 -0.000000 0.000000 0.000000 -0.000000 0.000000 0.000000 -0.000000 0.000000 0.000000 -0.000000 0.000000 0.000000 -7.443027 0.540353 -1.703936 -5.536986 -18.579851 6.640734 39.123467 -8.370831 -25.992772 41.319793 38.540628 -19.115783 -0.000000 0.000000 0.000000 -0.000000 0.000000 0.000000 -0.000000 0.000000 0.000000 -0.000000 0.000000 0.000000 -0.000000 0.000000 0.000000 -0.000000 0.000000 0.000000 -0.000000 0.000000 0.000000 -0.000000 0.000000 0.000000 -0.000000 0.000000 0.000000 -0.000000 0.000000 0.000000 -0.000000 0.000000 0.000000 -0.000000 0.000000 0.000000 -0.000000 0.000000 0.000000 -0.000000 0.000000 0.000000 -0.000000 0.000000 0.000000
-23.710192 107.748138 -87.830887 12.045889 79.823506 -150.762902 -6.128282 -15.821568 2.491688 1.046093 31.798112 6.339177 6.584475 -5.602375 -13.327617 0.082569 -0.065330 0.139664 6.905124 -26.827335 -0.125388 2.253504 31.207196 -0.837542 -15.811423 9.527441 17.592803 0.086439 0.082468 -0.145020 -0.891759 13.920645 -0.932678 4.431327 -14.216521 -1.275980 -1.964098 -2.391445 -0.094756 -5.466725 -0.400293 4.370903 -4.828786 -2.033421 -8.764922 -0.000000 0.000000 0.000000 -0.000000 0.000000 0.000000 -0.000000 0.000000 0.000000 23.288277 -0.509039 3.732753 17.255302 -18.050768 -2.959623 -41.405290 -18.741230 21.467972 -23.362517 42.524733 10.554627 -0.000000 0.000000 0.000000 -0.000000 0.000000 0.000000 -0.000000 0.000000 0.000000 -0.000000 0.000000 0.000000 -0.000000 0.000000 0.000000 -0.000000 0.000000 0.000000 -0.000000 0.000000 0.000000 -0.000000 0.000000 0.000000 -0.000000 0.000000 0.000000 -0.000000 0.000000 0.000000 -0.000000 0.000000 0.000000 -0.000000 0.000000 0.000000 -0.000000 0.000000 0.000000 -0.000000 0.000000 0.000000 -0.000000 0.000000 0.000000 -7.253985 0.545403 -1.647911 -2.900455 -18.223465 7.459309 38.691446 -9.343168 -26.371879 41.077113 38.424890 -19.605716 -0.000000 0.000000 0.000000 -0.000000 0.000000 0.000000 -0.000000 0.000000 0.000000 -0.000000 0.000000 0.000000 -0.000000 0.000000 0.000000 -0.000000 0.000000 0.000000 -0.000000 0.000000 0.000000 -0.000000 0.000000 0.000000 -0.000000 0.000000 0.000000 -0.000000 0.000000 0.000000 -0.000000 0.000000 0.000000 -0.000000 0.000000 0.000000 -0.000000 0.000000 0.000000 -0.000000 0.000000 0.000000 -0.000000 0.000000 0.000000
-24.569502 108.369911 -89.953918 10.175099 79.692772 -149.462170 -6.070594 -13.459308 2.833764 0.062394 29.216701 7.877807 7.054277 -3.866315 -14.217838 0.075458 -0.066995 0.136450 6.698592 -27.980852 -0.470609 2.154103 33.553865 -0.920907 -16.065487 10.981040 18.632096 0.150154 0.104128 -0.200216 -0.972185 12.964621 -0.460743 4.347829 -14.372406 -1.624002 -1.976404 -2.500748 -0.285073 -5.295110 0.640396 4.675357 -5.154887 -1.704985 -8.976046 -0.000000 0.000000 0.000000 -0.000000 0.000000 0.000000 -0.000000 0.000000 0.000000 22.484426 -1.099084 4.345248 14.269095 -19.692090 -2.187802 -43.039314 -21.659185 23.119268 -24.829499 42.647300 12.241679 -0.000000 0.000000 0.000000 -0.000000 0.000000 0.000000 -0.000000 0.000000 0.000000 -0.000000 0.000000 0.000000 -0.000000 0.000000 0.000000 -0.000000 0.000000 0.000000 -0.000000 0.000000 0.000000 -0.000000 0.000000 0.000000 -0.000000 0.000000 0.000000 -0.000000 0.000000 0.000000 -0.000000 0.000000 0.000000 -0.000000 0.000000 0.000000 -0.000000 0.000000 0.000000 -0.000000 0.000000 0.000000 -0.000000 0.000000 0.000000 -6.492464 0.327101 -1.677588 -0.811222 -18.054308 8.298035 38.801011 -10.558510 -27.086527 41.252609 38.190754 -20.077898 -0.000000 0.000000 0.000000 -0.000000 0.000000 0.000000 -0.000000 0.000000 0.000000 -0.000000 0.000000 0.000000 -0.000000 0.000000 0.000000 -0.000000 0.000000 0.000000 -0.000000 0.000000 0.000000 -0.000000 0.000000 0.000000 -0.000000 0.000000 0.000000 -0.000000 0.000000 0.000000 -0.000000 0.000000 0.000000 -0.000000 0.000000 0.000000 -0.000000 0.000000 0.000000 -0.000000 0.000000 0.000000 -0.000000 0.000000 0.000000
-25.337162 108.848282 -93.203758 8.328202 79.602595 -148.085370 -6.319189 -11.839687 3.398516 -0.580041 28.210691 9.794776 6.031291 -4.523192 -15.491266 0.071156 -0.051579 0.078248 6.535485 -30.300555 -1.176352 1.546059 39.356298 -1.130221 -15.181414 10.591097 19.135501 0.117586 0.047177 -0.203976 -0.815630 12.552757 0.167889 4.143276 -14.737049 -2.015966 -1.985021 -2.546841 -0.535778 -5.219854 1.100214 4.754768 -5.477677 -1.743154 -9.440616 -0.000000 0.000000 0.000000 -0.000000 0.000000 0.000000 -0.000000 0.000000 0.000000 21.258482 -1.730336 5.102813 11.930257 -21.718541 -1.679886 -45.732959 -25.247553 25.783453 -26.144561 42.659545 13.251470 -0.000000 0.000000 0.000000 -0.000000 0.000000 0.000000 -0.000000 0.000000 0.000000 -0.000000 0.000000 0.000000 -0.000000 0.000000 0.000000 -0.000000 0.000000 0.000000 -0.000000 0.000000 0.000000 -0.000000 0.000000 0.000000 -0.000000 0.000000 0.000000 -0.000000 0.000000 0.000000 -0.000000 0.000000 0.000000 -0.000000 0.000000 0.000000 -0.000000 0.000000 0.000000 -0.000000 0.000000 0.000000 -0.000000 0.000000 0.000000 -5.278915 -0.008317 -1.445566 0.476697 -18.312494 9.028613 39.979263 -12.054139 -28.691376 41.294552 38.244746 -20.299562 -0.000000 0.000000 0.000000 -0.000000 0.000000 0.000000 -0.000000 0.000000 0.000000 -0.000000 0.000000 0.000000 -0.000000 0.000000 0.000000 -0.000000 0.000000 0.000000 -0.000000 0.000000 0.000000 -0.000000 0.000000 0.000000 -0.000000 0.000000 0.000000 -0.000000 0.000000 0.000000 -0.000000 0.000000 0.000000 -0.000000 0.000000 0.000000 -0.000000 0.000000 0.000000 -0.000000 0.000000 0.000000 -0.000000 0.000000 0.000000
-25.975885 109.197304 -97.314117 4.489371 80.680678 -144.479865 -6.136698 -10.720928 2.381393 -1.511805 31.339931 10.111545 4.364563 -14.135646 -15.698158 -0.064859 -0.066309 0.121686 5.109541 -30.083978 -2.589341 1.897100 45.506952 0.196494 -12.486604 0.505344 15.543498 -0.029531 -0.015893 0.005383 -1.484755 13.526282 0.995528 4.378662 -14.367511 -1.514924 -1.677993 -3.259262 -0.747079 -4.761245 1.899397 2.396087 -3.350567 -5.096674 -7.129943 -0.000000 0.000000 0.000000 -0.000000 0.000000 0.000000 -0.000000 0.000000 0.000000 17.478811 -3.901396 6.529572 11.997379 -23.779662 1.037621 -47.755806 -25.344141 26.365550 -39.273295 49.318022 23.060741 -0.000000 0.000000 0.000000 -0.000000 0.000000 0.000000 -0.000000 0.000000 0.000000 -0.000000 0.000000 0.000000 -0.000000 0.000000 0.000000 -0.000000 0.000000 0.000000 -0.000000 0.000000 0.000000 -0.000000 0.000000 0.000000 -0.000000 0.000000 0.000000 -0.000000 0.000000 0.000000 -0.000000 0.000000 0.000000 -0.000000 0.000000 0.000000 -0.000000 0.000000 0.000000 -0.000000 0.000000 0.000000 -0.000000 0.000000 0.000000 -3.420688 -1.243085 -4.557465 -2.427016 -23.366112 6.630787 42.505610 -14.395604 -26.988874 45.404867 38.561873 -21.054085 -0.000000 0.000000 0.000000 -0.000000 0.000000 0.000000 -0.000000 0.000000 0.000000 -0.000000 0.000000 0.000000 -0.000000 0.000000 0.000000 -0.000000 0.000000 0.000000 -0.000000 0.000000 0.000000 -0.000000 0.000000 0.000000 -0.000000 0.000000 0.000000 -0.000000 0.000000 0.000000 -0.000000 0.000000 0.000000 -0.000000 0.000000 0.000000 -0.000000 0.000000 0.000000 -0.000000 0.000000 0.000000 -0.000000 0.000000 0.000000
-26.780064 109.158257 -102.038490 0.553897 81.482680 -140.309407 -6.271908 -12.871572 1.761268 -2.414284 40.274631 11.487718 -0.212175 -25.609833 -16.904935 -0.042340 -0.051402 0.031699 4.100053 -31.913403 -3.155167 2.678837 54.360903 -0.743198 -9.419101 -11.287346 14.688671 -0.123679 -0.004324 0.131148 -1.156236 15.175466 0.896859 4.386414 -15.294602 -0.876405 -1.482939 -3.081212 -0.892800 -4.630506 2.334725 0.299644 -1.753628 -6.811483 -5.270376 -0.000000 0.000000 0.000000 -0.000000 0.000000 0.000000 -0.000000 0.000000 0.000000 13.042266 -6.474244 9.447768 8.882954 -27.141271 2.028518 -51.723532 -27.739629 27.146712 -45.868725 50.208291 27.660525 -0.000000 0.000000 0.000000 -0.000000 0.000000 0.000000 -0.000000 0.000000 0.000000 -0.000000 0.000000 0.000000 -0.000000 0.000000 0.000000 -0.000000 0.000000 0.000000 -0.000000 0.000000 0.000000 -0.000000 0.000000 0.000000 -0.000000 0.000000 0.000000 -0.000000 0.000000 0.000000 -0.000000 0.000000 0.000000 -0.000000 0.000000 0.000000 -0.000000 0.000000 0.000000 -0.000000 0.000000 0.000000 -0.000000 0.000000 0.000000 -0.069479 -3.634237 -6.575232 -2.529277 -26.290295 5.024343 46.177024 -18.317612 -29.976820 45.325233 37.025200 -18.965559 -0.000000 0.000000 0.000000 -0.000000 0.000000 0.000000 -0.000000 0.000000 0.000000 -0.000000 0.000000 0.000000 -0.000000 0.000000 0.000000 -0.000000 0.000000 0.000000 -0.000000 0.000000 0.000000 -0.000000 0.000000 0.000000 -0.000000 0.000000 0.000000 -0.000000 0.000000 0.000000 -0.000000 0.000000 0.000000 -0.000000 0.000000 0.000000 -0.000000 0.000000 0.000000 -0.000000 0.000000 0.000000 -0.000000 0.000000 0.000000
-27.627823 108.988312 -106.342224 -4.310637 82.199093 -134.999590 -6.385964 -15.728887 0.678939 -4.352286 50.133109 12.962370 -5.257612 -35.274582 -19.305634 0.012814 -0.058046 -0.004154 2.846872 -34.174902 -3.757880 4.060190 63.105906 -2.055579 -6.478812 -21.204406 14.506988 -0.164715 -0.013754 0.184325 -0.916424 17.154331 0.750834 4.417788 -16.280905 -0.158154 -1.293800 -2.855119 -1.103526 -4.311684 1.567507 -2.119975 -0.303113 -8.233768 -3.115829 -0.000000 0.000000 0.000000 -0.000000 0.000000 0.000000 -0.000000 0.000000 0.000000 7.883242 -9.616218 12.175884 4.725450 -30.358084 2.416999 -53.013153 -28.715678 26.438133 -52.253417 50.529124 32.263958 -0.000000 0.000000 0.000000 -0.000000 0.000000 0.000000 -0.000000 0.000000 0.000000 -0.000000 0.000000 0.000000 -0.000000 0.000000 0.000000 -0.000000 0.000000 0.000000 -0.000000 0.000000 0.000000 -0.000000 0.000000 0.000000 -0.000000 0.000000 0.000000 -0.000000 0.000000 0.000000 -0.000000 0.000000 0.000000 -0.000000 0.000000 0.000000 -0.000000 0.000000 0.000000 -0.000000 0.000000 0.000000 -0.000000 0.000000 0.000000 3.840054 -6.390729 -8.939622 -1.752121 -28.151869 3.437777 48.785488 -21.797593 -32.326878 45.696217 34.945652 -16.366513 -0.000000 0.000000 0.000000 -0.000000 0.000000 0.000000 -0.000000 0.000000 0.000000 -0.000000 0.000000 0.000000 -0.000000 0.000000 0.000000 -0.000000 0.000000 0.000000 -0.000000 0.000000 0.000000 -0.000000 0.000000 0.000000 -0.000000 0.000000 0.000000 -0.000000 0.000000 0.000000 -0.000000 0.000000 0.000000 -0.000000 0.000000 0.000000 -0.000000 0.000000 0.000000 -0.000000 0.000000 0.000000 -0.000000 0.000000 0.000000
-28.470785 108.849861 -109.260391 -8.752124 82.758415 -130.004928 -6.320859 -18.006773 0.320875 -7.092383 57.249396 15.304719 -8.436308 -40.096311 -21.493872 0.050774 -0.109141 -0.005957 1.677543 -35.797350 -4.412760 6.083739 69.228483 -3.449163 -5.077013 -26.128000 14.711054 -0.167380 -0.038686 0.181046 -0.686252 18.447985 0.535556 4.467567 -16.612734 0.541120 -1.269029 -3.022094 -1.432403 -3.716398 1.111199 -3.346906 0.229102 -9.854113 -2.175758 -0.000000 0.000000 0.000000 -0.000000 0.000000 0.000000 -0.000000 0.000000 0.000000 3.000508 -12.190771 14.540605 1.269379 -32.745211 2.162948 -52.728894 -29.221175 23.710339 -57.971111 51.060901 36.396721 -0.000000 0.000000 0.000000 -0.000000 0.000000 0.000000 -0.000000 0.000000 0.000000 -0.000000 0.000000 0.000000 -0.000000 0.000000 0.000000 -0.000000 0.000000 0.000000 -0.000000 0.000000 0.000000 -0.000000 0.000000 0.000000 -0.000000 0.000000 0.000000 -0.000000 0.000000 0.000000 -0.000000 0.000000 0.000000 -0.000000 0.000000 0.000000 -0.000000 0.000000 0.000000 -0.000000 0.000000 0.000000 -0.000000 0.000000 0.000000 7.703419 -8.769680 -11.063166 -0.705639 -29.145535 2.512458 50.253820 -24.398946 -34.116399 46.126668 33.910977 -14.861080 -0.000000 0.000000 0.000000 -0.000000 0.000000 0.000000 -0.000000 0.000000 0.000000 -0.000000 0.000000 0.000000 -0.000000 0.000000 0.000000 -0.000000 0.000000 0.000000 -0.000000 0.000000 0.000000 -0.000000 0.000000 0.000000 -0.000000 0.000000 0.000000 -0.000000 0.000000 0.000000 -0.000000 0.000000 0.000000 -0.000000 0.000000 0.000000 -0.000000 0.000000 0.000000 -0.000000 0.000000 0.000000 -0.000000 0.000000 0.000000
-29.358643 108.941628 -110.339859 -11.307112 83.077644 -126.844623 -6.292912 -18.876804 0.066445 -9.597120 60.465304 17.705988 -9.252492 -41.849084 -22.460950 0.065511 -0.095340 0.029571 1.212613 -35.858490 -4.238861 7.166750 71.190896 -4.087275 -4.934622 -27.898018 14.514118 -0.147106 -0.033869 0.175056 -0.520233 19.030037 0.370621 4.797082 -16.944556 1.184097 -1.331167 -3.190797 -1.810451 -2.968042 1.687483 -3.690304 0.081558 -11.052145 -2.261446 -0.000000 0.000000 0.000000 -0.000000 0.000000 0.000000 -0.000000 0.000000 0.000000 -0.732498 -14.201195 16.418502 -1.334791 -34.069135 1.323555 -51.285310 -29.548050 20.407987 -63.133716 51.518398 39.906692 -0.000000 0.000000 0.000000 -0.000000 0.000000 0.000000 -0.000000 0.000000 0.000000 -0.000000 0.000000 0.000000 -0.000000 0.000000 0.000000 -0.000000 0.000000 0.000000 -0.000000 0.000000 0.000000 -0.000000 0.000000 0.000000 -0.000000 0.000000 0.000000 -0.000000 0.000000 0.000000 -0.000000 0.000000 0.000000 -0.000000 0.000000 0.000000 -0.000000 0.000000 0.000000 -0.000000 0.000000 0.000000 -0.000000 0.000000 0.000000 10.744812 -10.348161 -12.579473 0.387246 -29.879138 2.156634 49.778422 -25.433290 -34.745395 47.123422 33.777284 -14.640534 -0.000000 0.000000 0.000000 -0.000000 0.000000 0.000000 -0.000000 0.000000 0.000000 -0.000000 0.000000 0.000000 -0.000000 0.000000 0.000000 -0.000000 0.000000 0.000000 -0.000000 0.000000 0.000000 -0.000000 0.000000 0.000000 -0.000000 0.000000 0.000000 -0.000000 0.000000 0.000000 -0.000000 0.000000 0.000000 -0.000000 0.000000 0.000000 -0.000000 0.000000 0.000000 -0.000000 0.000000 0.000000 -0.000000 0.000000 0.000000
-30.450254 109.316803 -109.634804 -11.499891 83.201400 -126.094897 -6.446549 -17.526636 -0.450039 -10.819760 58.834103 19.245834 -7.891533 -40.639421 -22.255709 0.054798 -0.016289 0.087073 1.030118 -34.253534 -3.712365 6.211764 69.018375 -3.113305 -5.567401 -26.999782 14.529507 -0.124034 -0.023777 0.176035 -0.457887 18.655411 0.252150 5.305581 -17.300338 1.721796 -1.481964 -3.228921 -2.089609 -2.055958 2.723921 -3.668159 -0.613251 -11.677510 -2.766609 -0.000000 0.000000 0.000000 -0.000000 0.000000 0.000000 -0.000000 0.000000 0.000000 -3.517063 -15.550420 17.939456 -3.410799 -34.778481 0.371315 -48.588793 -29.872840 16.408935 -65.625378 51.751192 41.590801 -0.000000 0.000000 0.000000 -0.000000 0.000000 0.000000 -0.000000 0.000000 0.000000 -0.000000 0.000000 0.000000 -0.000000 0.000000 0.000000 -0.000000 0.000000 0.000000 -0.000000 0.000000 0.000000 -0.000000 0.000000 0.000000 -0.000000 0.000000 0.000000 -0.000000 0.000000 0.000000 -0.000000 0.000000 0.000000 -0.000000 0.000000 0.000000 -0.000000 0.000000 0.000000 -0.000000 0.000000 0.000000 -0.000000 0.000000 0.000000 13.330768 -11.401827 -13.772474 1.766780 -30.306522 2.080712 48.248390 -25.227338 -34.067597 47.397871 33.605157 -14.413966 -0.000000 0.000000 0.000000 -0.000000 0.000000 0.000000 -0.000000 0.000000 0.000000 -0.000000 0.000000 0.000000 -0.000000 0.000000 0.000000 -0.000000 0.000000 0.000000 -0.000000 0.000000 0.000000 -0.000000 0.000000 0.000000 -0.000000 0.000000 0.000000 -0.000000 0.000000 0.000000 -0.000000 0.000000 0.000000 -0.000000 0.000000 0.000000 -0.000000 0.000000 0.000000 -0.000000 0.000000 0.000000 -0.000000 0.000000 0.000000
-31.743458 109.857330 -107.405457 -9.281510 83.143609 -127.802215 -6.792746 -14.375416 -0.855015 -10.118965 53.275077 18.537161 -4.668406 -36.245866 -20.914848 0.031729 0.063697 0.123654 1.121198 -31.229245 -2.685645 4.784333 62.965994 -1.958437 -7.086750 -23.370613 14.381117 -0.099618 -0.008310 0.154595 -0.523090 17.230369 0.145954 6.023070 -17.569344 2.199699 -1.593165 -2.926539 -2.291128 -1.087613 4.088421 -3.494842 -1.428247 -11.706183 -3.690453 -0.000000 0.000000 0.000000 -0.000000 0.000000 0.000000 -0.000000 0.000000 0.000000 -5.463441 -16.250817 18.523130 -4.910468 -35.413856 -0.221795 -46.452291 -30.737252 12.392948 -65.521027 52.016326 40.877958 -0.000000 0.000000 0.000000 -0.000000 0.000000 0.000000 -0.000000 0.000000 0.000000 -0.000000 0.000000 0.000000 -0.000000 0.000000 0.000000 -0.000000 0.000000 0.000000 -0.000000 0.000000 0.000000 -0.000000 0.000000 0.000000 -0.000000 0.000000 0.000000 -0.000000 0.000000 0.000000 -0.000000 0.000000 0.000000 -0.000000 0.000000 0.000000 -0.000000 0.000000 0.000000 -0.000000 0.000000 0.000000 -0.000000 0.000000 0.000000 15.707982 -11.792463 -13.904502 2.937086 -30.531257 1.987743 45.891714 -23.889703 -32.514033 47.294443 33.178545 -14.014196 -0.000000 0.000000 0.000000 -0.000000 0.000000 0.000000 -0.000000 0.000000 0.000000 -0.000000 0.000000 0.000000 -0.000000 0.000000 0.000000 -0.000000 0.000000 0.000000 -0.000000 0.000000 0.000000 -0.000000 0.000000 0.000000 -0.000000 0.000000 0.000000 -0.000000 0.000000 0.000000 -0.000000 0.000000 0.000000 -0.000000 0.000000 0.000000 -0.000000 0.000000 0.000000 -0.000000 0.000000 0.000000 -0.000000 0.000000 0.000000
-33.136486 110.526299 -103.834793 -3.811032 82.780225 -132.812066 -6.971780 -10.590546 -0.705551 -8.514112 44.911947 16.371525 0.585303 -28.220241 -18.328323 0.014001 0.053976 0.160673 1.408660 -26.835047 -1.820722 3.720321 53.563870 -0.870408 -9.963092 -16.126229 13.844911 -0.090376 -0.008343 0.124631 -0.597480 15.020519 0.038978 6.743149 -17.733495 2.384377 -1.694580 -2.345744 -2.327154 -0.336018 5.796028 -2.978350 -2.411246 -10.805181 -5.236772 -0.000000 0.000000 0.000000 -0.000000 0.000000 0.000000 -0.000000 0.000000 0.000000 -6.537986 -16.219166 18.041663 -5.056163 -35.529978 -0.416048 -44.432895 -31.142159 9.169806 -63.498823 52.000488 38.922834 -0.000000 0.000000 0.000000 -0.000000 0.000000 0.000000 -0.000000 0.000000 0.000000 -0.000000 0.000000 0.000000 -0.000000 0.000000 0.000000 -0.000000 0.000000 0.000000 -0.000000 0.000000 0.000000 -0.000000 0.000000 0.000000 -0.000000 0.000000 0.000000 -0.000000 0.000000 0.000000 -0.000000 0.000000 0.000000 -0.000000 0.000000 0.000000 -0.000000 0.000000 0.000000 -0.000000 0.000000 0.000000 -0.000000 0.000000 0.000000 17.805373 -11.665776 -13.202696 2.841646 -30.874625 1.155978 43.940451 -22.554006 -30.094511 46.944110 32.553837 -13.285971 -0.000000 0.000000 0.000000 -0.000000 0.000000 0.000000 -0.000000 0.000000 0.000000 -0.000000 0.000000 0.000000 -0.000000 0.000000 0.000000 -0.000000 0.000000 0.000000 -0.000000 0.000000 0.000000 -0.000000 0.000000 0.000000 -0.000000 0.000000 0.000000 -0.000000 0.000000 0.000000 -0.000000 0.000000 0.000000 -0.000000 0.000000 0.000000 -0.000000 0.000000 0.000000 -0.000000 0.000000 0.000000 -0.000000 0.000000 0.000000
-34.323372 111.185547 -98.842415 -0.776883 82.349579 -135.645027 -7.298132 -7.443464 -0.458619 -5.614317 35.629812 14.926703 7.699238 -14.142798 -15.039325 -0.014417 -0.055597 0.084329 1.624659 -23.986972 -0.603533 2.213865 45.079101 -0.916150 -13.030591 -5.665589 14.905734 -0.029940 0.036994 -0.073145 -1.260400 11.836546 -0.039736 7.079580 -17.035326 1.267825 -1.793492 -1.160358 -2.109736 -0.334153 6.382421 -1.768527 -2.641953 -8.090824 -5.785383 -0.000000 0.000000 0.000000 -0.000000 0.000000 0.000000 -0.000000 0.000000 0.000000 -5.321768 -12.918261 15.502233 -2.857798 -33.961660 3.974011 -42.431521 -25.635079 6.057519 -59.820354 54.003629 36.754168 -0.000000 0.000000 0.000000 -0.000000 0.000000 0.000000 -0.000000 0.000000 0.000000 -0.000000 0.000000 0.000000 -0.000000 0.000000 0.000000 -0.000000 0.000000 0.000000 -0.000000 0.000000 0.000000 -0.000000 0.000000 0.000000 -0.000000 0.000000 0.000000 -0.000000 0.000000 0.000000 -0.000000 0.000000 0.000000 -0.000000 0.000000 0.000000 -0.000000 0.000000 0.000000 -0.000000 0.000000 0.000000 -0.000000 0.000000 0.000000 16.530840 -8.769951 -11.772033 2.990448 -29.935980 0.214897 38.840573 -20.592593 -25.780151 43.360318 28.588189 -12.876763 -0.000000 0.000000 0.000000 -0.000000 0.000000 0.000000 -0.000000 0.000000 0.000000 -0.000000 0.000000 0.000000 -0.000000 0.000000 0.000000 -0.000000 0.000000 0.000000 -0.000000 0.000000 0.000000 -0.000000 0.000000 0.000000 -0.000000 0.000000 0.000000 -0.000000 0.000000 0.000000 -0.000000 0.000000 0.000000 -0.000000 0.000000 0.000000 -0.000000 0.000000 0.000000 -0.000000 0.000000 0.000000 -0.000000 0.000000 0.000000
-35.022404 111.474075 -95.664337 3.055236 81.898966 -139.679948 -7.342472 -8.452463 -0.346129 -4.822096 32.370194 13.904161 10.879016 -6.008753 -14.812151 -0.012842 -0.105524 0.207270 2.075076 -22.092637 0.464069 1.732989 37.870263 -0.692113 -14.876512 1.255864 17.006680 0.079169 0.075333 -0.237376 -1.693887 10.687820 -0.338876 7.551072 -17.434153 0.890664 -1.983215 0.328468 -2.046943 0.199577 7.168499 -0.119463 -3.484329 -6.647074 -6.828552 -0.000000 0.000000 0.000000 -0.000000 0.000000 0.000000 -0.000000 0.000000 0.000000 -4.078878 -11.657105 14.904824 -3.617706 -32.928365 3.589877 -40.555143 -23.600515 3.687982 -55.403556 54.946040 34.047789 -0.000000 0.000000 0.000000 -0.000000 0.000000 0.000000 -0.000000 0.000000 0.000000 -0.000000 0.000000 0.000000 -0.000000 0.000000 0.000000 -0.000000 0.000000 0.000000 -0.000000 0.000000 0.000000 -0.000000 0.000000 0.000000 -0.000000 0.000000 0.000000 -0.000000 0.000000 0.000000 -0.000000 0.000000 0.000000 -0.000000 0.000000 0.000000 -0.000000 0.000000 0.000000 -0.000000 0.000000 0.000000 -0.000000 0.000000 0.000000 16.497521 -7.613798 -11.639683 6.144408 -29.896610 2.123852 34.425450 -18.061458 -21.483051 40.404988 28.373068 -12.144278 -0.000000 0.000000 0.000000 -0.000000 0.000000 0.000000 -0.000000 0.000000 0.000000 -0.000000 0.000000 0.000000 -0.000000 0.000000 0.000000 -0.000000 0.000000 0.000000 -0.000000 0.000000 0.000000 -0.000000 0.000000 0.000000 -0.000000 0.000000 0.000000 -0.000000 0.000000 0.000000 -0.000000 0.000000 0.000000 -0.000000 0.000000 0.000000 -0.000000 0.000000 0.000000 -0.000000 0.000000 0.000000 -0.000000 0.000000 0.000000
-35.499172 111.579109 -94.138313 4.670394 81.609739 -141.533261 -7.028410 -10.059963 -0.419370 -4.249254 31.075926 13.325604 11.218340 -3.931431 -15.049128 0.006362 -0.112855 0.246405 2.184044 -21.237104 0.951450 1.727222 33.012311 -1.025577 -15.681822 3.226141 18.722522 0.020486 0.065803 -0.246044 -1.978785 10.460568 -0.610950 7.870520 -17.561123 0.566200 -2.072064 1.679762 -1.967946 0.249611 7.090703 0.932999 -3.933533 -5.376648 -6.998710 -0.000000 0.000000 0.000000 -0.000000 0.000000 0.000000 -0.000000 0.000000 0.000000 -2.807277 -10.895965 14.146133 -5.110438 -32.198324 3.528390 -39.030202 -20.753262 2.316397 -52.002605 56.189748 32.162241 -0.000000 0.000000 0.000000 -0.000000 0.000000 0.000000 -0.000000 0.000000 0.000000 -0.000000 0.000000 0.000000 -0.000000 0.000000 0.000000 -0.000000 0.000000 0.000000 -0.000000 0.000000 0.000000 -0.000000 0.000000 0.000000 -0.000000 0.000000 0.000000 -0.000000 0.000000 0.000000 -0.000000 0.000000 0.000000 -0.000000 0.000000 0.000000 -0.000000 0.000000 0.000000 -0.000000 0.000000 0.000000 -0.000000 0.000000 0.000000 15.915756 -6.438356 -11.045036 8.247259 -29.110582 3.753392 30.118965 -15.562756 -16.992116 37.423971 28.055968 -11.212269 -0.000000 0.000000 0.000000 -0.000000 0.000000 0.000000 -0.000000 0.000000 0.000000 -0.000000 0.000000 0.000000 -0.000000 0.000000 0.000000 -0.000000 0.000000 0.000000 -0.000000 0.000000 0.000000 -0.000000 0.000000 0.000000 -0.000000 0.000000 0.000000 -0.000000 0.000000 0.000000 -0.000000 0.000000 0.000000 -0.000000 0.000000 0.000000 -0.000000 0.000000 0.000000 -0.000000 0.000000 0.000000 -0.000000 0.000000 0.000000
-35.845486 111.598358 -93.981171 4.891225 81.441121 -141.945649 -6.512610 -11.329939 -0.465677 -3.980814 29.795273 13.179958 10.706457 -3.460390 -15.489199 0.033846 -0.131268 0.272005 1.958018 -20.524867 1.097623 1.822764 28.218567 -1.376609 -15.969764 3.539607 19.897966 0.000912 0.075642 -0.320559 -2.241094 10.648312 -0.907789 8.091408 -17.736092 0.352972 -2.104311 2.708023 -1.902042 0.026179 6.874475 1.884212 -4.474494 -4.510890 -7.090937 -0.000000 0.000000 0.000000 -0.000000 0.000000 0.000000 -0.000000 0.000000 0.000000 -1.576938 -10.255494 13.525730 -6.195764 -31.624530 3.806248 -37.902207 -17.895117 1.362932 -49.867234 57.021781 31.204228 -0.000000 0.000000 0.000000 -0.000000 0.000000 0.000000 -0.000000 0.000000 0.000000 -0.000000 0.000000 0.000000 -0.000000 0.000000 0.000000 -0.000000 0.000000 0.000000 -0.000000 0.000000 0.000000 -0.000000 0.000000 0.000000 -0.000000 0.000000 0.000000 -0.000000 0.000000 0.000000 -0.000000 0.000000 0.000000 -0.000000 0.000000 0.000000 -0.000000 0.000000 0.000000 -0.000000 0.000000 0.000000 -0.000000 0.000000 0.000000 15.083983 -5.481895 -10.434030 9.738598 -27.924004 5.315847 26.442937 -13.770555 -13.315626 35.216235 27.501816 -10.713197 -0.000000 0.000000 0.000000 -0.000000 0.000000 0.000000 -0.000000 0.000000 0.000000 -0.000000 0.000000 0.000000 -0.000000 0.000000 0.000000 -0.000000 0.000000 0.000000 -0.000000 0.000000 0.000000 -0.000000 0.000000 0.000000 -0.000000 0.000000 0.000000 -0.000000 0.000000 0.000000 -0.000000 0.000000 0.000000 -0.000000 0.000000 0.000000 -0.000000 0.000000 0.000000 -0.000000 0.000000 0.000000 -0.000000 0.000000 0.000000
-36.200951 111.519089 -94.972778 4.574570 81.332207 -141.630737 -6.020370 -12.131839 -0.432786 -3.810108 28.554083 13.168103 10.341676 -3.060918 -15.874342 0.056778 -0.161697 0.276935 1.732142 -20.308301 1.150336 1.630613 24.844867 -1.442770 -16.293885 4.028582 20.816188 0.006640 0.096649 -0.360169 -2.404056 10.813653 -1.027998 8.126964 -17.782979 0.149636 -2.082680 3.467749 -1.899649 -0.262747 7.085858 2.597308 -4.925962 -3.814795 -7.069677 -0.000000 0.000000 0.000000 -0.000000 0.000000 0.000000 -0.000000 0.000000 0.000000 -0.851782 -9.844931 12.743258 -7.080486 -31.247473 3.893140 -37.265764 -16.016044 1.339109 -48.822403 57.611448 31.032726 -0.000000 0.000000 0.000000 -0.000000 0.000000 0.000000 -0.000000 0.000000 0.000000 -0.000000 0.000000 0.000000 -0.000000 0.000000 0.000000 -0.000000 0.000000 0.000000 -0.000000 0.000000 0.000000 -0.000000 0.000000 0.000000 -0.000000 0.000000 0.000000 -0.000000 0.000000 0.000000 -0.000000 0.000000 0.000000 -0.000000 0.000000 0.000000 -0.000000 0.000000 0.000000 -0.000000 0.000000 0.000000 -0.000000 0.000000 0.000000 14.383137 -4.679847 -9.736517 10.142290 -27.168625 6.109839 24.169373 -12.514159 -11.258757 33.723655 27.287575 -10.830771 -0.000000 0.000000 0.000000 -0.000000 0.000000 0.000000 -0.000000 0.000000 0.000000 -0.000000 0.000000 0.000000 -0.000000 0.000000 0.000000 -0.000000 0.000000 0.000000 -0.000000 0.000000 0.000000 -0.000000 0.000000 0.000000 -0.000000 0.000000 0.000000 -0.000000 0.000000 0.000000 -0.000000 0.000000 0.000000 -0.000000 0.000000 0.000000 -0.000000 0.000000 0.000000 -0.000000 0.000000 0.000000 -0.000000 0.000000 0.000000
-36.572170 111.408493 -97.245445 3.246021 81.305634 -140.227525 -5.659459 -12.473157 -0.217548 -3.641946 27.695707 13.309924 10.047721 -2.795742 -16.322828 0.069887 -0.173179 0.293473 1.312870 -20.611350 0.929054 1.428552 23.462707 -1.169799 -16.709368 4.841300 21.831692 0.054360 0.130542 -0.433604 -2.388343 10.804098 -1.067215 7.925757 -17.701439 -0.207818 -2.089747 3.761801 -2.009335 -0.542430 7.968370 3.001886 -5.379709 -3.287801 -6.940785 -0.000000 0.000000 0.000000 -0.000000 0.000000 0.000000 -0.000000 0.000000 0.000000 -0.445911 -9.520371 11.920916 -7.890314 -30.998660 3.514453 -36.900194 -14.603593 1.527566 -49.644833 58.382641 32.360812 -0.000000 0.000000 0.000000 -0.000000 0.000000 0.000000 -0.000000 0.000000 0.000000 -0.000000 0.000000 0.000000 -0.000000 0.000000 0.000000 -0.000000 0.000000 0.000000 -0.000000 0.000000 0.000000 -0.000000 0.000000 0.000000 -0.000000 0.000000 0.000000 -0.000000 0.000000 0.000000 -0.000000 0.000000 0.000000 -0.000000 0.000000 0.000000 -0.000000 0.000000 0.000000 -0.000000 0.000000 0.000000 -0.000000 0.000000 0.000000 13.506055 -3.781976 -8.972370 9.834433 -26.299846 6.620592 23.153855 -11.363268 -9.858756 32.844117 27.415068 -11.115940 -0.000000 0.000000 0.000000 -0.000000 0.000000 0.000000 -0.000000 0.000000 0.000000 -0.000000 0.000000 0.000000 -0.000000 0.000000 0.000000 -0.000000 0.000000 0.000000 -0.000000 0.000000 0.000000 -0.000000 0.000000 0.000000 -0.000000 0.000000 0.000000 -0.000000 0.000000 0.000000 -0.000000 0.000000 0.000000 -0.000000 0.000000 0.000000 -0.000000 0.000000 0.000000 -0.000000 0.000000 0.000000 -0.000000 0.000000 0.000000
-36.975128 111.212852 -100.556526 0.913370 81.290661 -137.655207 -5.550401 -12.724527 0.459339 -3.601452 27.794074 13.664479 9.452505 -3.018547 -17.343560 0.074938 -0.121017 0.304155 0.881795 -21.552186 0.573434 1.092210 24.326531 -0.911572 -16.797833 5.547536 22.806854 0.157849 0.174338 -0.522971 -2.299906 10.826874 -1.065289 7.753074 -17.597055 -0.586955 -2.180526 3.917959 -2.165876 -0.618180 8.749504 2.967170 -5.909988 -3.389656 -6.907367 -0.000000 0.000000 0.000000 -0.000000 0.000000 0.000000 -0.000000 0.000000 0.000000 -0.471355 -9.346028 11.149576 -9.084589 -31.432960 2.533451 -37.086321 -14.036604 1.803676 -50.608738 58.409700 33.408339 -0.000000 0.000000 0.000000 -0.000000 0.000000 0.000000 -0.000000 0.000000 0.000000 -0.000000 0.000000 0.000000 -0.000000 0.000000 0.000000 -0.000000 0.000000 0.000000 -0.000000 0.000000 0.000000 -0.000000 0.000000 0.000000 -0.000000 0.000000 0.000000 -0.000000 0.000000 0.000000 -0.000000 0.000000 0.000000 -0.000000 0.000000 0.000000 -0.000000 0.000000 0.000000 -0.000000 0.000000 0.000000 -0.000000 0.000000 0.000000 13.148752 -3.075825 -8.385895 9.007550 -25.501751 7.188157 23.331525 -10.373821 -9.200404 32.629530 27.909376 -11.583663 -0.000000 0.000000 0.000000 -0.000000 0.000000 0.000000 -0.000000 0.000000 0.000000 -0.000000 0.000000 0.000000 -0.000000 0.000000 0.000000 -0.000000 0.000000 0.000000 -0.000000 0.000000 0.000000 -0.000000 0.000000 0.000000 -0.000000 0.000000 0.000000 -0.000000 0.000000 0.000000 -0.000000 0.000000 0.000000 -0.000000 0.000000 0.000000 -0.000000 0.000000 0.000000 -0.000000 0.000000 0.000000 -0.000000 0.000000 0.000000
-37.261604 110.921883 -104.965500 -2.097659 81.342665 -134.213000 -5.825672 -13.469461 1.393668 -3.642601 29.220646 14.907662 7.419133 -4.963933 -18.931636 0.057278 -0.029865 0.208503 0.511594 -23.336885 -0.292255 0.514318 28.226835 -1.001501 -15.605271 4.519138 23.560647 0.166361 0.145163 -0.533512 -1.953935 11.402982 -1.013157 7.317848 -17.498155 -1.091661 -2.325525 4.129627 -2.331356 -0.808128 8.739207 2.776779 -6.385610 -3.577107 -6.856124 -0.000000 0.000000 0.000000 -0.000000 0.000000 0.000000 -0.000000 0.000000 0.000000 -0.392033 -8.942080 10.743092 -9.666835 -31.797847 1.111918 -37.441126 -13.746010 2.813035 -51.654593 57.900831 34.114945 -0.000000 0.000000 0.000000 -0.000000 0.000000 0.000000 -0.000000 0.000000 0.000000 -0.000000 0.000000 0.000000 -0.000000 0.000000 0.000000 -0.000000 0.000000 0.000000 -0.000000 0.000000 0.000000 -0.000000 0.000000 0.000000 -0.000000 0.000000 0.000000 -0.000000 0.000000 0.000000 -0.000000 0.000000 0.000000 -0.000000 0.000000 0.000000 -0.000000 0.000000 0.000000 -0.000000 0.000000 0.000000 -0.000000 0.000000 0.000000 12.275855 -2.158826 -7.565878 7.626903 -24.345326 8.151455 23.956973 -8.851412 -9.650623 32.091817 28.840520 -12.059713 -0.000000 0.000000 0.000000 -0.000000 0.000000 0.000000 -0.000000 0.000000 0.000000 -0.000000 0.000000 0.000000 -0.000000 0.000000 0.000000 -0.000000 0.000000 0.000000 -0.000000 0.000000 0.000000 -0.000000 0.000000 0.000000 -0.000000 0.000000 0.000000 -0.000000 0.000000 0.000000 -0.000000 0.000000 0.000000 -0.000000 0.000000 0.000000 -0.000000 0.000000 0.000000 -0.000000 0.000000 0.000000 -0.000000 0.000000 0.000000
-37.522835 110.604492 -110.356163 -8.398187 82.255310 -127.152182 -6.406145 -14.118720 0.362171 -2.155471 34.100547 13.863824 1.913380 -17.226380 -19.886078 -0.200816 -0.113862 0.308649 0.162850 -25.880056 -2.030610 0.057273 38.130748 -0.955618 -11.033468 -7.046092 18.960521 0.285206 0.012238 -0.260304 -2.588787 14.031688 -0.321999 6.815702 -17.403652 -1.186205 -1.356638 1.015554 -2.291103 -1.101933 7.061196 0.558777 -4.093522 -7.281495 -3.426704 -0.000000 0.000000 0.000000 -0.000000 0.000000 0.000000 -0.000000 0.000000 0.000000 -1.640469 -8.757323 8.044142 -7.444878 -24.711677 0.256420 -35.141230 -10.350879 13.036467 -36.493177 60.938361 19.622907 -0.000000 0.000000 0.000000 -0.000000 0.000000 0.000000 -0.000000 0.000000 0.000000 -0.000000 0.000000 0.000000 -0.000000 0.000000 0.000000 -0.000000 0.000000 0.000000 -0.000000 0.000000 0.000000 -0.000000 0.000000 0.000000 -0.000000 0.000000 0.000000 -0.000000 0.000000 0.000000 -0.000000 0.000000 0.000000 -0.000000 0.000000 0.000000 -0.000000 0.000000 0.000000 -0.000000 0.000000 0.000000 -0.000000 0.000000 0.000000 9.320162 -2.953657 -8.264611 2.945896 -23.013499 7.040093 29.496563 -7.833773 -13.634644 32.776808 30.419878 -10.574572 -0.000000 0.000000 0.000000 -0.000000 0.000000 0.000000 -0.000000 0.000000 0.000000 -0.000000 0.000000 0.000000 -0.000000 0.000000 0.000000 -0.000000 0.000000 0.000000 -0.000000 0.000000 0.000000 -0.000000 0.000000 0.000000 -0.000000 0.000000 0.000000 -0.000000 0.000000 0.000000 -0.000000 0.000000 0.000000 -0.000000 0.000000 0.000000 -0.000000 0.000000 0.000000 -0.000000 0.000000 0.000000 -0.000000 0.000000 0.000000
-37.777111 110.131439 -115.770782 -14.895677 82.485415 -120.556868 -6.879026 -17.160522 -0.222324 -1.600549 43.815843 13.281668 -6.944850 -30.569923 -22.825245 -0.094662 -0.077333 0.043570 -1.109401 -29.877814 -3.300882 -1.163314 49.958910 0.488820 -4.356855 -22.825380 18.537140 -0.078137 0.019049 0.077873 -2.281407 17.303163 -0.154948 5.989635 -17.990293 -1.228569 -0.734467 0.313318 -1.769242 -1.769865 5.130825 -2.793265 -1.459726 -8.795567 -0.434225 -0.000000 0.000000 0.000000 -0.000000 0.000000 0.000000 -0.000000 0.000000 0.000000 0.518231 -8.491832 5.874469 -4.383949 -23.097049 -0.821629 -37.828294 -8.186104 17.476115 -24.033611 57.821942 6.817786 -0.000000 0.000000 0.000000 -0.000000 0.000000 0.000000 -0.000000 0.000000 0.000000 -0.000000 0.000000 0.000000 -0.000000 0.000000 0.000000 -0.000000 0.000000 0.000000 -0.000000 0.000000 0.000000 -0.000000 0.000000 0.000000 -0.000000 0.000000 0.000000 -0.000000 0.000000 0.000000 -0.000000 0.000000 0.000000 -0.000000 0.000000 0.000000 -0.000000 0.000000 0.000000 -0.000000 0.000000 0.000000 -0.000000 0.000000 0.000000 5.153340 -2.994238 -6.159373 -4.830524 -21.407467 4.824212 36.082105 -8.327367 -19.931491 31.823785 28.011804 -7.907225 -0.000000 0.000000 0.000000 -0.000000 0.000000 0.000000 -0.000000 0.000000 0.000000 -0.000000 0.000000 0.000000 -0.000000 0.000000 0.000000 -0.000000 0.000000 0.000000 -0.000000 0.000000 0.000000 -0.000000 0.000000 0.000000 -0.000000 0.000000 0.000000 -0.000000 0.000000 0.000000 -0.000000 0.000000 0.000000 -0.000000 0.000000 0.000000 -0.000000 0.000000 0.000000 -0.000000 0.000000 0.000000 -0.000000 0.000000 0.000000
-38.035683 109.734512 -120.008278 -19.803756 82.566205 -115.757728 -7.501783 -21.053998 -0.861368 -0.877046 53.785071 10.979248 -13.674277 -38.697826 -25.678202 -0.039844 -0.083691 0.007812 -2.369208 -33.474580 -4.571765 -2.689831 59.876876 3.405996 0.549514 -32.328489 19.006114 -0.153718 -0.051688 0.086905 -1.747746 19.831737 -0.097034 5.056661 -17.273642 -1.456323 -0.176343 -0.958999 -1.274831 -2.259619 2.375692 -5.763852 0.639196 -9.890195 1.923199 -0.000000 0.000000 0.000000 -0.000000 0.000000 0.000000 -0.000000 0.000000 0.000000 4.236590 -8.164806 3.520442 1.028800 -21.313739 -0.486928 -40.017218 -5.820122 21.772112 -16.271653 54.862652 -1.301925 -0.000000 0.000000 0.000000 -0.000000 0.000000 0.000000 -0.000000 0.000000 0.000000 -0.000000 0.000000 0.000000 -0.000000 0.000000 0.000000 -0.000000 0.000000 0.000000 -0.000000 0.000000 0.000000 -0.000000 0.000000 0.000000 -0.000000 0.000000 0.000000 -0.000000 0.000000 0.000000 -0.000000 0.000000 0.000000 -0.000000 0.000000 0.000000 -0.000000 0.000000 0.000000 -0.000000 0.000000 0.000000 -0.000000 0.000000 0.000000 -1.081955 -2.308782 -4.216645 -15.322741 -17.889359 3.815349 41.531525 -9.144775 -25.741503 31.147956 25.480686 -4.595065 -0.000000 0.000000 0.000000 -0.000000 0.000000 0.000000 -0.000000 0.000000 0.000000 -0.000000 0.000000 0.000000 -0.000000 0.000000 0.000000 -0.000000 0.000000 0.000000 -0.000000 0.000000 0.000000 -0.000000 0.000000 0.000000 -0.000000 0.000000 0.000000 -0.000000 0.000000 0.000000 -0.000000 0.000000 0.000000 -0.000000 0.000000 0.000000 -0.000000 0.000000 0.000000 -0.000000 0.000000 0.000000 -0.000000 0.000000 0.000000
-38.575703 109.632019 -122.074142 -21.711311 82.590582 -113.840224 -8.372537 -23.819654 -1.309837 0.039860 59.477392 8.493775 -17.032915 -41.704082 -26.938229 0.006556 -0.081965 0.003314 -3.193598 -35.118085 -5.617498 -3.863751 65.491935 5.988689 2.459804 -35.772904 18.402132 -0.164312 -0.137643 0.065481 -1.345306 21.162567 -0.205036 4.550252 -15.799931 -1.785523 0.170243 -2.525989 -0.994597 -2.141004 0.606807 -6.811175 1.464037 -10.940253 2.675643 -0.000000 0.000000 0.000000 -0.000000 0.000000 0.000000 -0.000000 0.000000 0.000000 9.093161 -7.203890 1.431564 9.051394 -19.249031 0.260442 -40.315546 -3.150287 21.731693 -9.100635 51.722040 -8.924285 -0.000000 0.000000 0.000000 -0.000000 0.000000 0.000000 -0.000000 0.000000 0.000000 -0.000000 0.000000 0.000000 -0.000000 0.000000 0.000000 -0.000000 0.000000 0.000000 -0.000000 0.000000 0.000000 -0.000000 0.000000 0.000000 -0.000000 0.000000 0.000000 -0.000000 0.000000 0.000000 -0.000000 0.000000 0.000000 -0.000000 0.000000 0.000000 -0.000000 0.000000 0.000000 -0.000000 0.000000 0.000000 -0.000000 0.000000 0.000000 -7.532682 -0.929654 -2.083821 -26.549925 -14.492670 4.764651 44.170210 -8.556697 -26.046252 30.172015 24.525228 -1.879494 -0.000000 0.000000 0.000000 -0.000000 0.000000 0.000000 -0.000000 0.000000 0.000000 -0.000000 0.000000 0.000000 -0.000000 0.000000 0.000000 -0.000000 0.000000 0.000000 -0.000000 0.000000 0.000000 -0.000000 0.000000 0.000000 -0.000000 0.000000 0.000000 -0.000000 0.000000 0.000000 -0.000000 0.000000 0.000000 -0.000000 0.000000 0.000000 -0.000000 0.000000 0.000000 -0.000000 0.000000 0.000000 -0.000000 0.000000 0.000000
-39.413280 110.045692 -121.815216 -20.168326 82.551665 -115.097254 -9.048308 -23.766937 -1.967314 -0.224084 59.185855 7.760146 -17.003920 -41.687605 -26.328668 0.020252 -0.040585 0.044943 -3.162425 -34.056705 -5.527967 -3.948417 65.529614 6.611245 2.389511 -36.088869 16.687272 -0.165278 -0.194525 0.107877 -1.196470 21.559621 -0.186322 4.545392 -15.177268 -2.048236 0.219258 -3.300572 -0.943508 -1.893542 -0.367193 -7.077948 1.442018 -11.718977 2.674255 -0.000000 0.000000 0.000000 -0.000000 0.000000 0.000000 -0.000000 0.000000 0.000000 13.523006 -6.264767 -1.080444 18.028637 -17.403499 0.522742 -37.970444 -1.499915 18.373141 -5.508156 49.020528 -13.364724 -0.000000 0.000000 0.000000 -0.000000 0.000000 0.000000 -0.000000 0.000000 0.000000 -0.000000 0.000000 0.000000 -0.000000 0.000000 0.000000 -0.000000 0.000000 0.000000 -0.000000 0.000000 0.000000 -0.000000 0.000000 0.000000 -0.000000 0.000000 0.000000 -0.000000 0.000000 0.000000 -0.000000 0.000000 0.000000 -0.000000 0.000000 0.000000 -0.000000 0.000000 0.000000 -0.000000 0.000000 0.000000 -0.000000 0.000000 0.000000 -12.925899 0.531620 0.752008 -37.290679 -12.350649 5.852067 43.144621 -5.788998 -22.986490 29.233244 23.773113 0.129731 -0.000000 0.000000 0.000000 -0.000000 0.000000 0.000000 -0.000000 0.000000 0.000000 -0.000000 0.000000 0.000000 -0.000000 0.000000 0.000000 -0.000000 0.000000 0.000000 -0.000000 0.000000 0.000000 -0.000000 0.000000 0.000000 -0.000000 0.000000 0.000000 -0.000000 0.000000 0.000000 -0.000000 0.000000 0.000000 -0.000000 0.000000 0.000000 -0.000000 0.000000 0.000000 -0.000000 0.000000 0.000000 -0.000000 0.000000 0.000000
-40.478241 110.889259 -119.110634 -15.012677 82.365309 -119.604754 -9.400742 -20.521441 -2.590481 -0.528169 52.680305 7.571167 -13.805646 -37.193864 -23.731020 -0.012625 0.019302 0.098863 -2.644831 -31.093849 -4.934899 -3.690072 60.629809 6.259884 0.219848 -32.029438 14.516881 -0.128031 -0.193476 0.123413 -1.114257 20.794929 -0.179992 4.758503 -15.436673 -2.382117 0.105355 -3.118085 -1.061575 -1.243873 -1.229850 -7.128005 0.926471 -11.638086 2.171196 -0.000000 0.000000 0.000000 -0.000000 0.000000 0.000000 -0.000000 0.000000 0.000000 16.642672 -5.564597 -3.957147 25.893541 -16.204988 0.116499 -34.471567 -1.380969 13.563726 -5.273457 46.322081 -14.328683 -0.000000 0.000000 0.000000 -0.000000 0.000000 0.000000 -0.000000 0.000000 0.000000 -0.000000 0.000000 0.000000 -0.000000 0.000000 0.000000 -0.000000 0.000000 0.000000 -0.000000 0.000000 0.000000 -0.000000 0.000000 0.000000 -0.000000 0.000000 0.000000 -0.000000 0.000000 0.000000 -0.000000 0.000000 0.000000 -0.000000 0.000000 0.000000 -0.000000 0.000000 0.000000 -0.000000 0.000000 0.000000 -0.000000 0.000000 0.000000 -16.374146 1.613283 3.485157 -44.982247 -11.087511 6.892660 39.940325 -3.136592 -17.139231 28.283880 22.223940 1.450376 -0.000000 0.000000 0.000000 -0.000000 0.000000 0.000000 -0.000000 0.000000 0.000000 -0.000000 0.000000 0.000000 -0.000000 0.000000 0.000000 -0.000000 0.000000 0.000000 -0.000000 0.000000 0.000000 -0.000000 0.000000 0.000000 -0.000000 0.000000 0.000000 -0.000000 0.000000 0.000000 -0.000000 0.000000 0.000000 -0.000000 0.000000 0.000000 -0.000000 0.000000 0.000000 -0.000000 0.000000 0.000000 -0.000000 0.000000 0.000000
-41.656841 111.929703 -114.661324 -7.536696 81.886761 -126.336296 -9.193280 -15.266977 -2.614487 -0.812301 41.997770 7.254190 -8.098179 -28.110613 -19.913058 -0.013017 0.066543 0.130617 -2.038742 -26.814805 -3.853547 -2.603017 51.367076 4.917513 -3.411496 -23.468403 12.480241 -0.076254 -0.128951 0.111035 -1.338181 18.306752 -0.231581 5.086574 -15.865447 -2.614395 -0.058451 -2.285433 -1.398157 -0.402659 -1.215696 -6.911120 0.342314 -10.654683 0.821221 -0.000000 0.000000 0.000000 -0.000000 0.000000 0.000000 -0.000000 0.000000 0.000000 18.284768 -5.128934 -7.318063 31.257086 -15.084297 -0.753701 -31.452015 -2.702765 7.969502 -5.751443 43.224168 -14.243432 -0.000000 0.000000 0.000000 -0.000000 0.000000 0.000000 -0.000000 0.000000 0.000000 -0.000000 0.000000 0.000000 -0.000000 0.000000 0.000000 -0.000000 0.000000 0.000000 -0.000000 0.000000 0.000000 -0.000000 0.000000 0.000000 -0.000000 0.000000 0.000000 -0.000000 0.000000 0.000000 -0.000000 0.000000 0.000000 -0.000000 0.000000 0.000000 -0.000000 0.000000 0.000000 -0.000000 0.000000 0.000000 -0.000000 0.000000 0.000000 -17.863602 2.361229 6.377127 -49.659615 -10.230180 7.716278 35.996573 -2.474953 -10.474021 26.908786 19.918361 2.581991 -0.000000 0.000000 0.000000 -0.000000 0.000000 0.000000 -0.000000 0.000000 0.000000 -0.000000 0.000000 0.000000 -0.000000 0.000000 0.000000 -0.000000 0.000000 0.000000 -0.000000 0.000000 0.000000 -0.000000 0.000000 0.000000 -0.000000 0.000000 0.000000 -0.000000 0.000000 0.000000 -0.000000 0.000000 0.000000 -0.000000 0.000000 0.000000 -0.000000 0.000000 0.000000 -0.000000 0.000000 0.000000 -0.000000 0.000000 0.000000
-42.812668 112.965858 -109.142151 1.261282 81.120489 -134.536614 -8.357021 -10.662000 -1.967214 -0.841910 29.300299 6.244519 -0.223488 -14.976785 -15.729906 -0.014020 0.064290 0.149994 -1.390630 -21.406463 -2.667128 -1.360649 38.756287 3.835430 -8.520770 -10.352091 10.595760 0.051755 -0.161734 0.016652 -1.602598 14.565920 -0.515470 5.297865 -15.709656 -2.946483 -0.203681 -1.617849 -1.747694 0.589984 -0.424735 -6.285227 -0.715890 -8.603764 -1.331054 -0.000000 0.000000 0.000000 -0.000000 0.000000 0.000000 -0.000000 0.000000 0.000000 18.558092 -4.988498 -10.746843 34.287943 -14.441216 -1.844768 -28.886615 -3.975720 2.295663 -6.555566 41.517195 -14.171834 -0.000000 0.000000 0.000000 -0.000000 0.000000 0.000000 -0.000000 0.000000 0.000000 -0.000000 0.000000 0.000000 -0.000000 0.000000 0.000000 -0.000000 0.000000 0.000000 -0.000000 0.000000 0.000000 -0.000000 0.000000 0.000000 -0.000000 0.000000 0.000000 -0.000000 0.000000 0.000000 -0.000000 0.000000 0.000000 -0.000000 0.000000 0.000000 -0.000000 0.000000 0.000000 -0.000000 0.000000 0.000000 -0.000000 0.000000 0.000000 -17.857862 2.569535 9.513401 -51.723083 -9.650681 8.413570 32.322965 -4.702873 -4.146140 25.684842 17.860558 4.226548 -0.000000 0.000000 0.000000 -0.000000 0.000000 0.000000 -0.000000 0.000000 0.000000 -0.000000 0.000000 0.000000 -0.000000 0.000000 0.000000 -0.000000 0.000000 0.000000 -0.000000 0.000000 0.000000 -0.000000 0.000000 0.000000 -0.000000 0.000000 0.000000 -0.000000 0.000000 0.000000 -0.000000 0.000000 0.000000 -0.000000 0.000000 0.000000 -0.000000 0.000000 0.000000 -0.000000 0.000000 0.000000 -0.000000 0.000000 0.000000
-44.006893 113.687279 -104.328491 8.715466 80.460104 -141.544573 -8.430660 -8.807467 -2.286606 0.226486 20.692968 7.782774 2.370957 -6.051202 -15.116860 0.037106 -0.161138 0.120601 -0.620718 -18.987360 -1.107501 -1.704395 28.616268 0.592754 -10.879028 1.378824 10.144686 -0.023497 -0.046946 0.101904 -1.915651 11.387354 -0.626201 6.547548 -18.358593 -2.162928 -0.717577 1.116094 -1.424165 -0.993742 -2.248718 -5.802653 -0.200936 -4.860833 -4.200525 -0.000000 0.000000 0.000000 -0.000000 0.000000 0.000000 -0.000000 0.000000 0.000000 19.299777 -4.990669 -11.170414 32.568756 -16.334454 -1.873069 -30.850827 -7.276210 9.537320 -17.994320 41.854811 -4.957239 -0.000000 0.000000 0.000000 -0.000000 0.000000 0.000000 -0.000000 0.000000 0.000000 -0.000000 0.000000 0.000000 -0.000000 0.000000 0.000000 -0.000000 0.000000 0.000000 -0.000000 0.000000 0.000000 -0.000000 0.000000 0.000000 -0.000000 0.000000 0.000000 -0.000000 0.000000 0.000000 -0.000000 0.000000 0.000000 -0.000000 0.000000 0.000000 -0.000000 0.000000 0.000000 -0.000000 0.000000 0.000000 -0.000000 0.000000 0.000000 -15.766827 2.511465 9.578967 -50.651153 -7.917160 8.342293 30.205104 -7.143473 -2.941822 31.908242 19.919158 -0.665555 -0.000000 0.000000 0.000000 -0.000000 0.000000 0.000000 -0.000000 0.000000 0.000000 -0.000000 0.000000 0.000000 -0.000000 0.000000 0.000000 -0.000000 0.000000 0.000000 -0.000000 0.000000 0.000000 -0.000000 0.000000 0.000000 -0.000000 0.000000 0.000000 -0.000000 0.000000 0.000000 -0.000000 0.000000 0.000000 -0.000000 0.000000 0.000000 -0.000000 0.000000 0.000000 -0.000000 0.000000 0.000000 -0.000000 0.000000 0.000000
-44.770679 114.488113 -98.626724 14.562695 80.428921 -146.944685 -7.904538 -7.742969 -2.677113 0.835970 15.612430 6.249962 5.887141 3.278544 -14.137087 0.087475 -0.358255 0.159541 1.076110 -15.293630 0.820604 -1.147338 18.942829 -0.198847 -14.951959 14.433575 11.781258 0.025817 -0.083457 0.014406 -1.722885 9.458371 -1.098326 7.134363 -19.047490 -1.572168 -1.022251 2.309716 -1.263485 -0.776562 -2.195619 -4.979778 -0.719896 -3.077806 -6.255779 -0.000000 0.000000 0.000000 -0.000000 0.000000 0.000000 -0.000000 0.000000 0.000000 18.711294 -5.273652 -10.312185 29.962925 -16.176208 -2.510574 -30.980128 -9.275281 11.696137 -21.442730 43.010060 -0.448106 -0.000000 0.000000 0.000000 -0.000000 0.000000 0.000000 -0.000000 0.000000 0.000000 -0.000000 0.000000 0.000000 -0.000000 0.000000 0.000000 -0.000000 0.000000 0.000000 -0.000000 0.000000 0.000000 -0.000000 0.000000 0.000000 -0.000000 0.000000 0.000000 -0.000000 0.000000 0.000000 -0.000000 0.000000 0.000000 -0.000000 0.000000 0.000000 -0.000000 0.000000 0.000000 -0.000000 0.000000 0.000000 -0.000000 0.000000 0.000000 -13.933069 2.380268 8.344749 -47.981487 -6.943562 6.586753 28.752081 -7.811692 -3.088694 33.953029 22.615633 -3.390156 -0.000000 0.000000 0.000000 -0.000000 0.000000 0.000000 -0.000000 0.000000 0.000000 -0.000000 0.000000 0.000000 -0.000000 0.000000 0.000000 -0.000000 0.000000 0.000000 -0.000000 0.000000 0.000000 -0.000000 0.000000 0.000000 -0.000000 0.000000 0.000000 -0.000000 0.000000 0.000000 -0.000000 0.000000 0.000000 -0.000000 0.000000 0.000000 -0.000000 0.000000 0.000000 -0.000000 0.000000 0.000000 -0.000000 0.000000 0.000000
-45.424530 115.075363 -92.613998 19.496629 80.458831 -151.028384 -7.431351 -7.702629 -2.908023 1.257419 13.245460 4.302688 9.355626 12.090291 -13.676391 0.158918 -0.427932 0.231727 2.838332 -13.107060 2.681049 -0.846288 12.341063 0.342878 -19.676068 25.913668 14.621450 0.022616 -0.083325 -0.132420 -1.425222 8.103274 -1.793284 7.586547 -19.567332 -1.318374 -1.346113 3.166589 -1.253671 -0.215170 -1.571254 -4.141626 -1.321973 -1.040595 -8.324902 -0.000000 0.000000 0.000000 -0.000000 0.000000 0.000000 -0.000000 0.000000 0.000000 18.540543 -5.839567 -8.546340 26.001613 -15.743954 -2.282040 -30.688025 -11.791518 15.528542 -25.418153 44.758234 4.690404 -0.000000 0.000000 0.000000 -0.000000 0.000000 0.000000 -0.000000 0.000000 0.000000 -0.000000 0.000000 0.000000 -0.000000 0.000000 0.000000 -0.000000 0.000000 0.000000 -0.000000 0.000000 0.000000 -0.000000 0.000000 0.000000 -0.000000 0.000000 0.000000 -0.000000 0.000000 0.000000 -0.000000 0.000000 0.000000 -0.000000 0.000000 0.000000 -0.000000 0.000000 0.000000 -0.000000 0.000000 0.000000 -0.000000 0.000000 0.000000 -12.739039 2.053687 6.510230 -43.974003 -6.490723 4.613322 26.417350 -8.907371 -4.211176 34.136750 23.957819 -5.084750 -0.000000 0.000000 0.000000 -0.000000 0.000000 0.000000 -0.000000 0.000000 0.000000 -0.000000 0.000000 0.000000 -0.000000 0.000000 0.000000 -0.000000 0.000000 0.000000 -0.000000 0.000000 0.000000 -0.000000 0.000000 0.000000 -0.000000 0.000000 0.000000 -0.000000 0.000000 0.000000 -0.000000 0.000000 0.000000 -0.000000 0.000000 0.000000 -0.000000 0.000000 0.000000 -0.000000 0.000000 0.000000 -0.000000 0.000000 0.000000
-45.979813 115.454079 -86.715675 22.734371 80.551850 -153.285373 -7.092401 -7.950257 -2.706920 1.568489 12.056295 2.918345 12.954855 20.149321 -14.173858 0.236489 -0.468095 0.289881 4.334574 -12.151054 4.242072 -0.819014 8.736009 1.757691 -24.425353 34.183892 18.080915 0.032147 -0.029773 -0.252443 -1.055483 7.592410 -2.631747 7.860764 -20.360043 -1.237317 -1.823754 3.972949 -1.305375 0.517428 -0.550965 -3.075163 -2.078140 1.194707 -10.241000 -0.000000 0.000000 0.000000 -0.000000 0.000000 0.000000 -0.000000 0.000000 0.000000 18.130271 -6.283814 -5.895997 21.817957 -15.861080 -1.405729 -30.444099 -14.960622 19.072030 -29.894951 46.068588 10.348589 -0.000000 0.000000 0.000000 -0.000000 0.000000 0.000000 -0.000000 0.000000 0.000000 -0.000000 0.000000 0.000000 -0.000000 0.000000 0.000000 -0.000000 0.000000 0.000000 -0.000000 0.000000 0.000000 -0.000000 0.000000 0.000000 -0.000000 0.000000 0.000000 -0.000000 0.000000 0.000000 -0.000000 0.000000 0.000000 -0.000000 0.000000 0.000000 -0.000000 0.000000 0.000000 -0.000000 0.000000 0.000000 -0.000000 0.000000 0.000000 -11.692274 1.709912 4.097022 -39.035448 -6.387981 3.026528 23.800801 -10.286316 -7.326767 33.390875 24.565607 -6.703176 -0.000000 0.000000 0.000000 -0.000000 0.000000 0.000000 -0.000000 0.000000 0.000000 -0.000000 0.000000 0.000000 -0.000000 0.000000 0.000000 -0.000000 0.000000 0.000000 -0.000000 0.000000 0.000000 -0.000000 0.000000 0.000000 -0.000000 0.000000 0.000000 -0.000000 0.000000 0.000000 -0.000000 0.000000 0.000000 -0.000000 0.000000 0.000000 -0.000000 0.000000 0.000000 -0.000000 0.000000 0.000000 -0.000000 0.000000 0.000000
-46.482944 115.533707 -81.402290 24.062291 80.745364 -153.712593 -6.960160 -8.441034 -2.684642 1.520954 12.076425 2.101514 16.204151 25.965463 -15.346716 0.289726 -0.502920 0.331228 5.150354 -11.892669 5.604600 -0.772245 8.126660 3.537449 -27.845405 38.375934 21.089517 0.061449 0.022832 -0.267413 -0.703741 7.603355 -3.339084 8.074476 -21.069959 -1.187875 -2.316535 4.569552 -1.556284 1.212091 0.430468 -2.265535 -2.971455 1.960014 -11.342781 -0.000000 0.000000 0.000000 -0.000000 0.000000 0.000000 -0.000000 0.000000 0.000000 17.018974 -6.688936 -3.223002 17.017294 -16.994454 -1.016066 -30.020070 -18.537244 21.769848 -32.817362 46.874717 14.529431 -0.000000 0.000000 0.000000 -0.000000 0.000000 0.000000 -0.000000 0.000000 0.000000 -0.000000 0.000000 0.000000 -0.000000 0.000000 0.000000 -0.000000 0.000000 0.000000 -0.000000 0.000000 0.000000 -0.000000 0.000000 0.000000 -0.000000 0.000000 0.000000 -0.000000 0.000000 0.000000 -0.000000 0.000000 0.000000 -0.000000 0.000000 0.000000 -0.000000 0.000000 0.000000 -0.000000 0.000000 0.000000 -0.000000 0.000000 0.000000 -10.048423 1.530917 1.492940 -34.070438 -6.600338 1.763113 21.562898 -11.249076 -11.372841 32.647354 25.100310 -7.804766 -0.000000 0.000000 0.000000 -0.000000 0.000000 0.000000 -0.000000 0.000000 0.000000 -0.000000 0.000000 0.000000 -0.000000 0.000000 0.000000 -0.000000 0.000000 0.000000 -0.000000 0.000000 0.000000 -0.000000 0.000000 0.000000 -0.000000 0.000000 0.000000 -0.000000 0.000000 0.000000 -0.000000 0.000000 0.000000 -0.000000 0.000000 0.000000 -0.000000 0.000000 0.000000 -0.000000 0.000000 0.000000 -0.000000 0.000000 0.000000
-46.973518 115.463684 -76.630394 23.727652 81.050711 -152.468224 -6.883711 -8.930245 -2.638929 1.384617 12.338665 1.345283 18.973813 29.370281 -16.694567 0.290447 -0.512857 0.381606 5.397960 -12.245500 6.593009 -0.910457 9.864721 5.330491 -29.696078 39.986574 23.217734 0.083991 0.073094 -0.301732 -0.491511 8.150230 -3.884830 8.129686 -21.497101 -1.192689 -2.756390 4.772585 -1.870495 1.804323 1.163422 -1.924880 -3.700985 2.354088 -12.035209 -0.000000 0.000000 0.000000 -0.000000 0.000000 0.000000 -0.000000 0.000000 0.000000 15.477767 -7.031067 -0.488961 11.602819 -18.497966 -1.550533 -29.733447 -21.724211 23.237061 -35.039846 47.221245 18.053198 -0.000000 0.000000 0.000000 -0.000000 0.000000 0.000000 -0.000000 0.000000 0.000000 -0.000000 0.000000 0.000000 -0.000000 0.000000 0.000000 -0.000000 0.000000 0.000000 -0.000000 0.000000 0.000000 -0.000000 0.000000 0.000000 -0.000000 0.000000 0.000000 -0.000000 0.000000 0.000000 -0.000000 0.000000 0.000000 -0.000000 0.000000 0.000000 -0.000000 0.000000 0.000000 -0.000000 0.000000 0.000000 -0.000000 0.000000 0.000000 -8.169055 1.250483 -1.074967 -28.822581 -7.065189 0.771168 19.988624 -11.730483 -15.950115 31.617584 25.348091 -8.531561 -0.000000 0.000000 0.000000 -0.000000 0.000000 0.000000 -0.000000 0.000000 0.000000 -0.000000 0.000000 0.000000 -0.000000 0.000000 0.000000 -0.000000 0.000000 0.000000 -0.000000 0.000000 0.000000 -0.000000 0.000000 0.000000 -0.000000 0.000000 0.000000 -0.000000 0.000000 0.000000 -0.000000 0.000000 0.000000 -0.000000 0.000000 0.000000 -0.000000 0.000000 0.000000 -0.000000 0.000000 0.000000 -0.000000 0.000000 0.000000
-47.510426 115.256927 -72.754250 22.766346 81.518552 -150.642730 -6.932266 -9.074531 -2.773084 1.033564 12.715557 1.206618 20.717007 30.943911 -17.661281 0.271799 -0.552602 0.456494 5.339166 -12.656642 7.501664 -1.116195 12.013705 6.520418 -30.084709 39.948576 23.678537 0.079832 0.087056 -0.315146 -0.356500 8.729488 -4.320584 8.249805 -21.718580 -1.114132 -3.127581 4.904684 -2.237708 2.047960 2.040295 -1.691301 -4.151706 2.262008 -12.330920 -0.000000 0.000000 0.000000 -0.000000 0.000000 0.000000 -0.000000 0.000000 0.000000 13.486134 -7.384144 1.614116 6.442119 -19.510956 -2.631840 -29.230824 -24.080091 24.614662 -35.614281 46.668701 19.528125 -0.000000 0.000000 0.000000 -0.000000 0.000000 0.000000 -0.000000 0.000000 0.000000 -0.000000 0.000000 0.000000 -0.000000 0.000000 0.000000 -0.000000 0.000000 0.000000 -0.000000 0.000000 0.000000 -0.000000 0.000000 0.000000 -0.000000 0.000000 0.000000 -0.000000 0.000000 0.000000 -0.000000 0.000000 0.000000 -0.000000 0.000000 0.000000 -0.000000 0.000000 0.000000 -0.000000 0.000000 0.000000 -0.000000 0.000000 0.000000 -5.945385 0.711976 -3.420470 -24.113628 -7.610216 -0.182718 18.764547 -11.613828 -20.532159 30.991599 24.562560 -9.075591 -0.000000 0.000000 0.000000 -0.000000 0.000000 0.000000 -0.000000 0.000000 0.000000 -0.000000 0.000000 0.000000 -0.000000 0.000000 0.000000 -0.000000 0.000000 0.000000 -0.000000 0.000000 0.000000 -0.000000 0.000000 0.000000 -0.000000 0.000000 0.000000 -0.000000 0.000000 0.000000 -0.000000 0.000000 0.000000 -0.000000 0.000000 0.000000 -0.000000 0.000000 0.000000 -0.000000 0.000000 0.000000 -0.000000 0.000000 0.000000
-48.048138 115.009895 -69.723068 22.241862 81.934811 -149.294457 -6.882021 -9.327761 -2.573641 0.810290 13.251589 0.744081 21.488612 30.985923 -18.230130 0.222046 -0.603272 0.534845 5.348078 -13.048914 7.717775 -1.564026 14.306748 7.313649 -30.163500 39.156576 23.939739 0.109298 0.083643 -0.376823 -0.375874 9.388801 -4.410355 8.428514 -22.063165 -1.110460 -3.317867 5.112617 -2.631993 2.301776 2.459110 -1.546207 -4.483959 2.565840 -12.350597 -0.000000 0.000000 0.000000 -0.000000 0.000000 0.000000 -0.000000 0.000000 0.000000 11.901484 -8.054222 3.062818 1.385991 -20.672536 -4.056445 -28.605123 -25.543290 26.469424 -35.411718 45.890000 20.236358 -0.000000 0.000000 0.000000 -0.000000 0.000000 0.000000 -0.000000 0.000000 0.000000 -0.000000 0.000000 0.000000 -0.000000 0.000000 0.000000 -0.000000 0.000000 0.000000 -0.000000 0.000000 0.000000 -0.000000 0.000000 0.000000 -0.000000 0.000000 0.000000 -0.000000 0.000000 0.000000 -0.000000 0.000000 0.000000 -0.000000 0.000000 0.000000 -0.000000 0.000000 0.000000 -0.000000 0.000000 0.000000 -0.000000 0.000000 0.000000 -3.529747 0.012559 -5.304373 -19.686780 -8.639898 -1.680556 18.466553 -12.096253 -24.649606 30.116686 24.522396 -9.173828 -0.000000 0.000000 0.000000 -0.000000 0.000000 0.000000 -0.000000 0.000000 0.000000 -0.000000 0.000000 0.000000 -0.000000 0.000000 0.000000 -0.000000 0.000000 0.000000 -0.000000 0.000000 0.000000 -0.000000 0.000000 0.000000 -0.000000 0.000000 0.000000 -0.000000 0.000000 0.000000 -0.000000 0.000000 0.000000 -0.000000 0.000000 0.000000 -0.000000 0.000000 0.000000 -0.000000 0.000000 0.000000 -0.000000 0.000000 0.000000
