HIERARCHY
ROOT Hips
{
	OFFSET 0.0000 0.0000 0.0000
	CHANNELS 6 Xposition Yposition Zposition Zrotation Xrotation Yrotation
	JOINT LeftUpperLeg
	{
		OFFSET 8.0000 0.0000 0.0000
		CHANNELS 3 Zrotation Xrotation Yrotation
		JOINT LeftLowerLeg
		{
			OFFSET 0.0000 -42.0000 0.0000
			CHANNELS 3 Zrotation Xrotation Yrotation
			JOINT LeftFoot
			{
				OFFSET 0.0000 -42.0000 0.0000
				CHANNELS 3 Zrotation Xrotation Yrotation
				JOINT LeftToe
				{
					OFFSET 0.0000 -8.0000 10.0000
					CHANNELS 3 Zrotation Xrotation Yrotation
					End Site
					{
						OFFSET 0.0000 5.0000 0.0000
					}
				}
			}
		}
	}
	JOINT RightUpperLeg
	{
		OFFSET -8.0000 0.0000 0.0000
		CHANNELS 3 Zrotation Xrotation Yrotation
		JOINT RightLowerLeg
		{
			OFFSET 0.0000 -42.0000 0.0000
			CHANNELS 3 Zrotation Xrotation Yrotation
			JOINT RightFoot
			{
				OFFSET 0.0000 -42.0000 0.0000
				CHANNELS 3 Zrotation Xrotation Yrotation
				JOINT RightToe
				{
					OFFSET 0.0000 -8.0000 10.0000
					CHANNELS 3 Zrotation Xrotation Yrotation
					End Site
					{
						OFFSET 0.0000 5.0000 0.0000
					}
				}
			}
		}
	}
	JOINT Spine
	{
		OFFSET 0.0000 8.0000 0.0000
		CHANNELS 3 Zrotation Xrotation Yrotation
		JOINT Spine1
		{
			OFFSET 0.0000 9.0000 0.0000
			CHANNELS 3 Zrotation Xrotation Yrotation
			JOINT Spine2
			{
				OFFSET 0.0000 9.0000 0.0000
				CHANNELS 3 Zrotation Xrotation Yrotation
				JOINT Neck
				{
					OFFSET 0.0000 20.0000 0.0000
					CHANNELS 3 Zrotation Xrotation Yrotation
					JOINT Head
					{
						OFFSET 0.0000 10.0000 0.0000
						CHANNELS 3 Zrotation Xrotation Yrotation
						JOINT Jaw
						{
							OFFSET 0.0000 -4.0000 5.0000
							CHANNELS 3 Zrotation Xrotation Yrotation
							End Site
							{
								OFFSET 0.0000 5.0000 0.0000
							}
						}
						JOINT LeftEye
						{
							OFFSET 3.0000 5.0000 7.0000
							CHANNELS 3 Zrotation Xrotation Yrotation
							End Site
							{
								OFFSET 0.0000 5.0000 0.0000
							}
						}
						JOINT RightEye
						{
							OFFSET -3.0000 5.0000 7.0000
							CHANNELS 3 Zrotation Xrotation Yrotation
							End Site
							{
								OFFSET 0.0000 5.0000 0.0000
							}
						}
					}
				}
				JOINT LeftShoulder
				{
					OFFSET 5.0000 18.0000 0.0000
					CHANNELS 3 Zrotation Xrotation Yrotation
					JOINT LeftUpperArm
					{
						OFFSET 15.0000 0.0000 0.0000
						CHANNELS 3 Zrotation Xrotation Yrotation
						JOINT LeftLowerArm
						{
							OFFSET 28.0000 0.0000 0.0000
							CHANNELS 3 Zrotation Xrotation Yrotation
							JOINT LeftHand
							{
								OFFSET 25.0000 0.0000 0.0000
								CHANNELS 3 Zrotation Xrotation Yrotation
								JOINT LeftIndexProximal
								{
									OFFSET 5.0000 -1.0000 1.0000
									CHANNELS 3 Zrotation Xrotation Yrotation
									JOINT LeftIndexIntermediate
									{
										OFFSET 4.0000 0.0000 0.0000
										CHANNELS 3 Zrotation Xrotation Yrotation
										JOINT LeftIndexDistal
										{
											OFFSET 3.0000 0.0000 0.0000
											CHANNELS 3 Zrotation Xrotation Yrotation
											End Site
											{
												OFFSET 0.0000 5.0000 0.0000
											}
										}
									}
								}
								JOINT LeftMiddleProximal
								{
									OFFSET 5.0000 0.0000 0.0000
									CHANNELS 3 Zrotation Xrotation Yrotation
									JOINT LeftMiddleIntermediate
									{
										OFFSET 4.0000 0.0000 0.0000
										CHANNELS 3 Zrotation Xrotation Yrotation
										JOINT LeftMiddleDistal
										{
											OFFSET 3.0000 0.0000 0.0000
											CHANNELS 3 Zrotation Xrotation Yrotation
											End Site
											{
												OFFSET 0.0000 5.0000 0.0000
											}
										}
									}
								}
								JOINT LeftLittleProximal
								{
									OFFSET 5.0000 1.5000 0.0000
									CHANNELS 3 Zrotation Xrotation Yrotation
									JOINT LeftLittleIntermediate
									{
										OFFSET 3.0000 0.0000 0.0000
										CHANNELS 3 Zrotation Xrotation Yrotation
										JOINT LeftLittleDistal
										{
											OFFSET 2.0000 0.0000 0.0000
											CHANNELS 3 Zrotation Xrotation Yrotation
											End Site
											{
												OFFSET 0.0000 5.0000 0.0000
											}
										}
									}
								}
								JOINT LeftRingProximal
								{
									OFFSET 5.0000 0.8000 0.0000
									CHANNELS 3 Zrotation Xrotation Yrotation
									JOINT LeftRingIntermediate
									{
										OFFSET 4.0000 0.0000 0.0000
										CHANNELS 3 Zrotation Xrotation Yrotation
										JOINT LeftRingDistal
										{
											OFFSET 3.0000 0.0000 0.0000
											CHANNELS 3 Zrotation Xrotation Yrotation
											End Site
											{
												OFFSET 0.0000 5.0000 0.0000
											}
										}
									}
								}
								JOINT LeftThumbProximal
								{
									OFFSET 3.0000 -2.0000 2.0000
									CHANNELS 3 Zrotation Xrotation Yrotation
									JOINT LeftThumbIntermediate
									{
										OFFSET 3.0000 0.0000 0.0000
										CHANNELS 3 Zrotation Xrotation Yrotation
										JOINT LeftThumbDistal
										{
											OFFSET 2.5000 0.0000 0.0000
											CHANNELS 3 Zrotation Xrotation Yrotation
											End Site
											{
												OFFSET 0.0000 5.0000 0.0000
											}
										}
									}
								}
							}
						}
					}
				}
				JOINT RightShoulder
				{
					OFFSET -5.0000 18.0000 0.0000
					CHANNELS 3 Zrotation Xrotation Yrotation
					JOINT RightUpperArm
					{
						OFFSET -15.0000 0.0000 0.0000
						CHANNELS 3 Zrotation Xrotation Yrotation
						JOINT RightLowerArm
						{
							OFFSET -28.0000 0.0000 0.0000
							CHANNELS 3 Zrotation Xrotation Yrotation
							JOINT RightHand
							{
								OFFSET -25.0000 0.0000 0.0000
								CHANNELS 3 Zrotation Xrotation Yrotation
								JOINT RightIndexProximal
								{
									OFFSET -5.0000 -1.0000 1.0000
									CHANNELS 3 Zrotation Xrotation Yrotation
									JOINT RightIndexIntermediate
									{
										OFFSET -4.0000 0.0000 0.0000
										CHANNELS 3 Zrotation Xrotation Yrotation
										JOINT RightIndexDistal
										{
											OFFSET -3.0000 0.0000 0.0000
											CHANNELS 3 Zrotation Xrotation Yrotation
											End Site
											{
												OFFSET 0.0000 5.0000 0.0000
											}
										}
									}
								}
								JOINT RightMiddleProximal
								{
									OFFSET -5.0000 0.0000 0.0000
									CHANNELS 3 Zrotation Xrotation Yrotation
									JOINT RightMiddleIntermediate
									{
										OFFSET -4.0000 0.0000 0.0000
										CHANNELS 3 Zrotation Xrotation Yrotation
										JOINT RightMiddleDistal
										{
											OFFSET -3.0000 0.0000 0.0000
											CHANNELS 3 Zrotation Xrotation Yrotation
											End Site
											{
												OFFSET 0.0000 5.0000 0.0000
											}
										}
									}
								}
								JOINT RightLittleProximal
								{
									OFFSET -5.0000 1.5000 0.0000
									CHANNELS 3 Zrotation Xrotation Yrotation
									JOINT RightLittleIntermediate
									{
										OFFSET -3.0000 0.0000 0.0000
										CHANNELS 3 Zrotation Xrotation Yrotation
										JOINT RightLittleDistal
										{
											OFFSET -2.0000 0.0000 0.0000
											CHANNELS 3 Zrotation Xrotation Yrotation
											End Site
											{
												OFFSET 0.0000 5.0000 0.0000
											}
										}
									}
								}
								JOINT RightRingProximal
								{
									OFFSET -5.0000 0.8000 0.0000
									CHANNELS 3 Zrotation Xrotation Yrotation
									JOINT RightRingIntermediate
									{
										OFFSET -4.0000 0.0000 0.0000
										CHANNELS 3 Zrotation Xrotation Yrotation
										JOINT RightRingDistal
										{
											OFFSET -3.0000 0.0000 0.0000
											CHANNELS 3 Zrotation Xrotation Yrotation
											End Site
											{
												OFFSET 0.0000 5.0000 0.0000
											}
										}
									}
								}
								JOINT RightThumbProximal
								{
									OFFSET -3.0000 -2.0000 2.0000
									CHANNELS 3 Zrotation Xrotation Yrotation
									JOINT RightThumbIntermediate
									{
										OFFSET -3.0000 0.0000 0.0000
										CHANNELS 3 Zrotation Xrotation Yrotation
										JOINT RightThumbDistal
										{
											OFFSET -2.5000 0.0000 0.0000
											CHANNELS 3 Zrotation Xrotation Yrotation
											End Site
											{
												OFFSET 0.0000 5.0000 0.0000
											}
										}
									}
								}
							}
						}
					}
				}
			}
		}
	}
}
MOTION
Frames: 152
Frame Time: 0.033333
0.220643 36.639458 -1.229638 178.842808 87.051095 2.997649 4.521885 9.527157 -1.196833 -1.564350 -12.316865 2.880831 -3.076177 1.704948 -8.765330 -3.662367 -7.098032 -11.368102 -2.653927 10.074109 0.657849 0.501174 -11.128600 -6.636436 -5.264704 -2.443774 14.715872 9.184073 1.342770 -10.851704 -1.102543 -2.428726 -0.487023 -0.734000 2.147823 1.391963 0.953134 7.216671 1.628232 -4.547277 3.086415 -1.400304 5.265943 12.970752 4.268248 -0.000000 0.000000 0.000000 -0.000000 0.000000 0.000000 -0.000000 0.000000 0.000000 24.160749 -0.110655 -6.735196 52.437278 14.940166 11.312655 -5.409743 25.349341 25.966644 5.780551 6.164158 -0.134810 -0.000000 0.000000 0.000000 -0.000000 0.000000 0.000000 -0.000000 0.000000 0.000000 -0.000000 0.000000 0.000000 -0.000000 0.000000 0.000000 -0.000000 0.000000 0.000000 -0.000000 0.000000 0.000000 -0.000000 0.000000 0.000000 -0.000000 0.000000 0.000000 -0.000000 0.000000 0.000000 -0.000000 0.000000 0.000000 -0.000000 0.000000 0.000000 -0.000000 0.000000 0.000000 -0.000000 0.000000 0.000000 -0.000000 0.000000 0.000000 -26.923109 -2.630446 0.791413 -52.451323 22.258557 -8.629067 1.265609 9.919730 -19.859788 -3.573641 5.929971 0.432127 -0.000000 0.000000 0.000000 -0.000000 0.000000 0.000000 -0.000000 0.000000 0.000000 -0.000000 0.000000 0.000000 -0.000000 0.000000 0.000000 -0.000000 0.000000 0.000000 -0.000000 0.000000 0.000000 -0.000000 0.000000 0.000000 -0.000000 0.000000 0.000000 -0.000000 0.000000 0.000000 -0.000000 0.000000 0.000000 -0.000000 0.000000 0.000000 -0.000000 0.000000 0.000000 -0.000000 0.000000 0.000000 -0.000000 0.000000 0.000000
0.303728 36.558922 -1.252672 179.234219 87.078514 2.969453 4.934394 9.286257 -1.255284 -1.856872 -11.925986 2.397061 -3.938709 1.543870 -9.128544 -3.362026 -7.264254 -11.746558 -2.490067 9.691989 0.458526 0.339584 -10.647305 -6.906908 -5.327012 -2.625808 14.431400 8.904589 1.382474 -10.701890 -1.397512 -2.462698 -0.564004 -0.564860 2.201713 0.928278 1.141921 7.276082 1.425507 -4.344380 3.162696 -2.254233 6.080058 12.786509 3.449080 -0.000000 0.000000 0.000000 -0.000000 0.000000 0.000000 -0.000000 0.000000 0.000000 24.098669 -0.610884 -7.155003 52.263240 14.915961 11.291186 -5.233750 24.867057 25.745949 6.164107 6.560231 -0.546362 -0.000000 0.000000 0.000000 -0.000000 0.000000 0.000000 -0.000000 0.000000 0.000000 -0.000000 0.000000 0.000000 -0.000000 0.000000 0.000000 -0.000000 0.000000 0.000000 -0.000000 0.000000 0.000000 -0.000000 0.000000 0.000000 -0.000000 0.000000 0.000000 -0.000000 0.000000 0.000000 -0.000000 0.000000 0.000000 -0.000000 0.000000 0.000000 -0.000000 0.000000 0.000000 -0.000000 0.000000 0.000000 -0.000000 0.000000 0.000000 -27.041848 -2.907476 0.969100 -52.187536 22.523758 -8.834180 0.547209 9.555644 -19.197991 -3.694051 6.108013 0.896701 -0.000000 0.000000 0.000000 -0.000000 0.000000 0.000000 -0.000000 0.000000 0.000000 -0.000000 0.000000 0.000000 -0.000000 0.000000 0.000000 -0.000000 0.000000 0.000000 -0.000000 0.000000 0.000000 -0.000000 0.000000 0.000000 -0.000000 0.000000 0.000000 -0.000000 0.000000 0.000000 -0.000000 0.000000 0.000000 -0.000000 0.000000 0.000000 -0.000000 0.000000 0.000000 -0.000000 0.000000 0.000000 -0.000000 0.000000 0.000000
0.387895 36.478878 -1.255206 179.725722 87.134216 2.939809 5.341538 9.074751 -1.307419 -2.098819 -11.663011 1.981996 -4.651070 1.399717 -9.373476 -3.086469 -7.384792 -12.123724 -2.311308 9.184008 0.268955 0.172431 -9.941317 -7.196663 -5.379677 -2.861624 14.018235 8.593479 1.382004 -10.680345 -1.717128 -2.415055 -0.689272 -0.363121 2.246640 0.412472 1.320839 7.345786 1.196030 -4.144402 3.223224 -2.959860 6.827537 12.513812 2.888092 -0.000000 0.000000 0.000000 -0.000000 0.000000 0.000000 -0.000000 0.000000 0.000000 24.002177 -1.160325 -7.540087 52.167880 15.060760 11.234845 -5.163683 24.264644 25.898152 6.614776 6.921500 -0.991482 -0.000000 0.000000 0.000000 -0.000000 0.000000 0.000000 -0.000000 0.000000 0.000000 -0.000000 0.000000 0.000000 -0.000000 0.000000 0.000000 -0.000000 0.000000 0.000000 -0.000000 0.000000 0.000000 -0.000000 0.000000 0.000000 -0.000000 0.000000 0.000000 -0.000000 0.000000 0.000000 -0.000000 0.000000 0.000000 -0.000000 0.000000 0.000000 -0.000000 0.000000 0.000000 -0.000000 0.000000 0.000000 -0.000000 0.000000 0.000000 -27.222814 -3.015661 0.941448 -51.971692 22.731686 -9.071716 -0.226429 9.236874 -18.573422 -4.042149 6.346089 1.202650 -0.000000 0.000000 0.000000 -0.000000 0.000000 0.000000 -0.000000 0.000000 0.000000 -0.000000 0.000000 0.000000 -0.000000 0.000000 0.000000 -0.000000 0.000000 0.000000 -0.000000 0.000000 0.000000 -0.000000 0.000000 0.000000 -0.000000 0.000000 0.000000 -0.000000 0.000000 0.000000 -0.000000 0.000000 0.000000 -0.000000 0.000000 0.000000 -0.000000 0.000000 0.000000 -0.000000 0.000000 0.000000 -0.000000 0.000000 0.000000
0.462321 36.401485 -1.254109 -179.853281 87.262598 2.903384 5.686593 8.852574 -1.341671 -2.307577 -11.588186 1.660230 -5.205593 1.430332 -9.579154 -2.857744 -7.490777 -12.352125 -2.165344 8.578751 0.103310 0.057430 -9.123823 -7.380190 -5.404081 -3.084794 13.655947 8.288338 1.379028 -10.597014 -1.971330 -2.348676 -0.785591 -0.162577 2.227178 -0.066750 1.456020 7.407580 0.991119 -4.002712 3.116753 -3.573713 7.392623 12.227055 2.415889 -0.000000 0.000000 0.000000 -0.000000 0.000000 0.000000 -0.000000 0.000000 0.000000 23.822212 -1.613227 -7.931799 52.000055 14.978299 11.235137 -5.206913 23.758767 26.029557 6.915779 7.167244 -1.360280 -0.000000 0.000000 0.000000 -0.000000 0.000000 0.000000 -0.000000 0.000000 0.000000 -0.000000 0.000000 0.000000 -0.000000 0.000000 0.000000 -0.000000 0.000000 0.000000 -0.000000 0.000000 0.000000 -0.000000 0.000000 0.000000 -0.000000 0.000000 0.000000 -0.000000 0.000000 0.000000 -0.000000 0.000000 0.000000 -0.000000 0.000000 0.000000 -0.000000 0.000000 0.000000 -0.000000 0.000000 0.000000 -0.000000 0.000000 0.000000 -27.397767 -3.082698 0.855689 -51.778383 22.886260 -9.339057 -0.882584 8.792428 -18.040707 -4.507831 6.507184 1.371741 -0.000000 0.000000 0.000000 -0.000000 0.000000 0.000000 -0.000000 0.000000 0.000000 -0.000000 0.000000 0.000000 -0.000000 0.000000 0.000000 -0.000000 0.000000 0.000000 -0.000000 0.000000 0.000000 -0.000000 0.000000 0.000000 -0.000000 0.000000 0.000000 -0.000000 0.000000 0.000000 -0.000000 0.000000 0.000000 -0.000000 0.000000 0.000000 -0.000000 0.000000 0.000000 -0.000000 0.000000 0.000000 -0.000000 0.000000 0.000000
0.548781 36.378094 -1.258219 -179.278421 87.442205 2.666272 5.917619 8.548677 -1.312403 -2.457459 -11.553728 1.399413 -5.527500 1.521868 -9.660639 -2.707894 -7.632904 -12.520640 -2.048548 7.929005 -0.054763 -0.038648 -8.336394 -7.504390 -5.437533 -3.255852 13.329196 8.025363 1.348764 -10.513160 -2.180926 -2.123066 -0.895489 0.021909 2.155772 -0.461155 1.546881 7.512938 0.795752 -3.854189 3.012170 -4.084771 7.815586 11.950374 2.028473 -0.000000 0.000000 0.000000 -0.000000 0.000000 0.000000 -0.000000 0.000000 0.000000 23.689101 -2.024055 -8.232480 51.751817 14.942863 11.230034 -5.308733 23.179002 26.200427 7.155863 7.327474 -1.661555 -0.000000 0.000000 0.000000 -0.000000 0.000000 0.000000 -0.000000 0.000000 0.000000 -0.000000 0.000000 0.000000 -0.000000 0.000000 0.000000 -0.000000 0.000000 0.000000 -0.000000 0.000000 0.000000 -0.000000 0.000000 0.000000 -0.000000 0.000000 0.000000 -0.000000 0.000000 0.000000 -0.000000 0.000000 0.000000 -0.000000 0.000000 0.000000 -0.000000 0.000000 0.000000 -0.000000 0.000000 0.000000 -0.000000 0.000000 0.000000 -27.643589 -3.120754 0.760963 -51.601404 23.040950 -9.635115 -1.398595 8.538280 -17.579913 -4.956808 6.886065 1.598816 -0.000000 0.000000 0.000000 -0.000000 0.000000 0.000000 -0.000000 0.000000 0.000000 -0.000000 0.000000 0.000000 -0.000000 0.000000 0.000000 -0.000000 0.000000 0.000000 -0.000000 0.000000 0.000000 -0.000000 0.000000 0.000000 -0.000000 0.000000 0.000000 -0.000000 0.000000 0.000000 -0.000000 0.000000 0.000000 -0.000000 0.000000 0.000000 -0.000000 0.000000 0.000000 -0.000000 0.000000 0.000000 -0.000000 0.000000 0.000000
0.621796 36.341389 -1.267540 -177.764053 87.631517 1.285708 6.025339 8.278204 -1.290020 -2.468553 -11.445425 1.266364 -5.745911 1.568022 -9.732359 -2.543295 -7.689987 -12.625445 -1.971502 7.331905 -0.147542 -0.155958 -7.659927 -7.563019 -5.362382 -3.383834 13.102009 7.695621 1.383972 -10.342703 -2.353633 -1.872491 -0.949623 0.169590 2.002476 -0.778229 1.618889 7.604091 0.599907 -3.720707 2.945572 -4.524059 8.032845 11.545782 1.642162 -0.000000 0.000000 0.000000 -0.000000 0.000000 0.000000 -0.000000 0.000000 0.000000 23.574866 -2.410254 -8.571679 51.399604 14.743774 11.094561 -5.412776 22.512204 26.426665 7.586651 7.358604 -1.946168 -0.000000 0.000000 0.000000 -0.000000 0.000000 0.000000 -0.000000 0.000000 0.000000 -0.000000 0.000000 0.000000 -0.000000 0.000000 0.000000 -0.000000 0.000000 0.000000 -0.000000 0.000000 0.000000 -0.000000 0.000000 0.000000 -0.000000 0.000000 0.000000 -0.000000 0.000000 0.000000 -0.000000 0.000000 0.000000 -0.000000 0.000000 0.000000 -0.000000 0.000000 0.000000 -0.000000 0.000000 0.000000 -0.000000 0.000000 0.000000 -27.797929 -3.207541 0.813671 -51.442466 23.169346 -9.675634 -1.705434 8.580687 -17.309324 -5.352006 7.321838 1.849812 -0.000000 0.000000 0.000000 -0.000000 0.000000 0.000000 -0.000000 0.000000 0.000000 -0.000000 0.000000 0.000000 -0.000000 0.000000 0.000000 -0.000000 0.000000 0.000000 -0.000000 0.000000 0.000000 -0.000000 0.000000 0.000000 -0.000000 0.000000 0.000000 -0.000000 0.000000 0.000000 -0.000000 0.000000 0.000000 -0.000000 0.000000 0.000000 -0.000000 0.000000 0.000000 -0.000000 0.000000 0.000000 -0.000000 0.000000 0.000000
0.692576 36.312355 -1.270536 -175.690568 87.856131 -0.831167 5.992274 7.934931 -1.203107 -2.366012 -11.430942 1.340141 -5.599115 1.773409 -9.662497 -2.544211 -7.770125 -12.609247 -1.956526 6.733983 -0.168020 -0.239094 -6.936991 -7.511482 -5.283079 -3.417583 12.989901 7.443713 1.392036 -10.215095 -2.451401 -1.426213 -0.981099 0.243943 1.724209 -0.980836 1.619506 7.673347 0.468337 -3.602885 2.853009 -4.715229 8.070827 11.143636 1.411810 -0.000000 0.000000 0.000000 -0.000000 0.000000 0.000000 -0.000000 0.000000 0.000000 23.470691 -2.640372 -8.778422 50.996597 14.591415 11.032213 -5.504312 21.979390 26.658799 8.000585 7.277428 -2.140088 -0.000000 0.000000 0.000000 -0.000000 0.000000 0.000000 -0.000000 0.000000 0.000000 -0.000000 0.000000 0.000000 -0.000000 0.000000 0.000000 -0.000000 0.000000 0.000000 -0.000000 0.000000 0.000000 -0.000000 0.000000 0.000000 -0.000000 0.000000 0.000000 -0.000000 0.000000 0.000000 -0.000000 0.000000 0.000000 -0.000000 0.000000 0.000000 -0.000000 0.000000 0.000000 -0.000000 0.000000 0.000000 -0.000000 0.000000 0.000000 -27.895117 -3.253688 0.868015 -51.369895 23.258109 -9.639995 -1.780510 8.704222 -17.168946 -5.731899 7.651820 2.068415 -0.000000 0.000000 0.000000 -0.000000 0.000000 0.000000 -0.000000 0.000000 0.000000 -0.000000 0.000000 0.000000 -0.000000 0.000000 0.000000 -0.000000 0.000000 0.000000 -0.000000 0.000000 0.000000 -0.000000 0.000000 0.000000 -0.000000 0.000000 0.000000 -0.000000 0.000000 0.000000 -0.000000 0.000000 0.000000 -0.000000 0.000000 0.000000 -0.000000 0.000000 0.000000 -0.000000 0.000000 0.000000 -0.000000 0.000000 0.000000
0.760093 36.295425 -1.270166 -172.404504 88.102386 -4.345681 5.812535 7.482791 -1.064892 -2.252439 -11.264028 1.480228 -5.271357 2.013620 -9.546070 -2.615950 -7.862559 -12.504755 -1.949811 6.263049 -0.106290 -0.406364 -6.536490 -7.314111 -5.226239 -3.233743 13.023901 7.275681 1.440229 -10.142917 -2.501195 -1.057482 -0.983824 0.245453 1.452961 -1.029217 1.582167 7.715674 0.455020 -3.555913 2.845528 -4.855927 8.023109 10.891298 1.295651 -0.000000 0.000000 0.000000 -0.000000 0.000000 0.000000 -0.000000 0.000000 0.000000 23.351417 -2.744548 -8.831278 50.634431 14.497623 11.033643 -5.647189 21.575347 26.744468 8.212073 7.222679 -2.412265 -0.000000 0.000000 0.000000 -0.000000 0.000000 0.000000 -0.000000 0.000000 0.000000 -0.000000 0.000000 0.000000 -0.000000 0.000000 0.000000 -0.000000 0.000000 0.000000 -0.000000 0.000000 0.000000 -0.000000 0.000000 0.000000 -0.000000 0.000000 0.000000 -0.000000 0.000000 0.000000 -0.000000 0.000000 0.000000 -0.000000 0.000000 0.000000 -0.000000 0.000000 0.000000 -0.000000 0.000000 0.000000 -0.000000 0.000000 0.000000 -27.946145 -3.304106 0.873049 -51.380987 23.436372 -9.539502 -1.755898 8.972606 -17.071473 -5.928896 8.068340 2.285606 -0.000000 0.000000 0.000000 -0.000000 0.000000 0.000000 -0.000000 0.000000 0.000000 -0.000000 0.000000 0.000000 -0.000000 0.000000 0.000000 -0.000000 0.000000 0.000000 -0.000000 0.000000 0.000000 -0.000000 0.000000 0.000000 -0.000000 0.000000 0.000000 -0.000000 0.000000 0.000000 -0.000000 0.000000 0.000000 -0.000000 0.000000 0.000000 -0.000000 0.000000 0.000000 -0.000000 0.000000 0.000000 -0.000000 0.000000 0.000000
0.778671 39.175266 -1.091972 176.875740 89.133497 7.743125 7.589103 7.919180 -0.069934 -3.077631 -14.881413 3.576303 -7.172767 1.216040 -8.378367 -2.317490 -8.481674 -14.544136 -2.665246 5.357833 -0.940050 0.108317 -7.793565 -7.551888 -5.789472 -3.694270 12.649427 7.686417 0.406774 -10.667832 -2.848831 -0.386968 -0.842287 0.374987 -0.211984 -1.982642 1.796856 7.595454 0.979800 -4.509208 3.721826 -6.118124 9.012673 12.954328 0.789248 -0.000000 0.000000 0.000000 -0.000000 0.000000 0.000000 -0.000000 0.000000 0.000000 25.177669 -3.003039 -12.075177 52.414782 15.905360 10.741849 -6.187679 24.302824 25.856454 6.532801 9.893846 -1.498671 -0.000000 0.000000 0.000000 -0.000000 0.000000 0.000000 -0.000000 0.000000 0.000000 -0.000000 0.000000 0.000000 -0.000000 0.000000 0.000000 -0.000000 0.000000 0.000000 -0.000000 0.000000 0.000000 -0.000000 0.000000 0.000000 -0.000000 0.000000 0.000000 -0.000000 0.000000 0.000000 -0.000000 0.000000 0.000000 -0.000000 0.000000 0.000000 -0.000000 0.000000 0.000000 -0.000000 0.000000 0.000000 -0.000000 0.000000 0.000000 -29.627504 -4.229072 3.347707 -56.037185 24.953342 -7.847523 -2.176042 8.007290 -13.522383 -3.153701 7.957353 1.348414 -0.000000 0.000000 0.000000 -0.000000 0.000000 0.000000 -0.000000 0.000000 0.000000 -0.000000 0.000000 0.000000 -0.000000 0.000000 0.000000 -0.000000 0.000000 0.000000 -0.000000 0.000000 0.000000 -0.000000 0.000000 0.000000 -0.000000 0.000000 0.000000 -0.000000 0.000000 0.000000 -0.000000 0.000000 0.000000 -0.000000 0.000000 0.000000 -0.000000 0.000000 0.000000 -0.000000 0.000000 0.000000 -0.000000 0.000000 0.000000
1.047711 39.325245 -1.162774 156.775960 89.116838 27.406566 8.136489 7.414086 -0.010424 -2.915117 -13.619705 3.706606 -7.978301 0.651901 -8.721441 -2.172266 -8.724966 -14.665803 -2.070935 3.304977 -0.971061 -0.044226 -3.915926 -6.865021 -6.304785 -4.009865 13.101670 8.226031 -0.494979 -10.690335 -2.520514 0.016213 -0.813897 0.355726 -0.208363 -2.320871 1.823628 7.638567 0.982278 -4.805377 3.245506 -6.487811 9.260922 12.595017 0.486218 -0.000000 0.000000 0.000000 -0.000000 0.000000 0.000000 -0.000000 0.000000 0.000000 25.369866 -2.927370 -12.038299 51.880627 15.425195 10.817710 -5.626780 23.282596 24.413875 6.151366 9.380687 -1.397002 -0.000000 0.000000 0.000000 -0.000000 0.000000 0.000000 -0.000000 0.000000 0.000000 -0.000000 0.000000 0.000000 -0.000000 0.000000 0.000000 -0.000000 0.000000 0.000000 -0.000000 0.000000 0.000000 -0.000000 0.000000 0.000000 -0.000000 0.000000 0.000000 -0.000000 0.000000 0.000000 -0.000000 0.000000 0.000000 -0.000000 0.000000 0.000000 -0.000000 0.000000 0.000000 -0.000000 0.000000 0.000000 -0.000000 0.000000 0.000000 -29.845420 -4.306873 3.546842 -55.352185 24.750937 -7.783678 -2.662914 7.705956 -13.505296 -2.528673 8.160495 1.499942 -0.000000 0.000000 0.000000 -0.000000 0.000000 0.000000 -0.000000 0.000000 0.000000 -0.000000 0.000000 0.000000 -0.000000 0.000000 0.000000 -0.000000 0.000000 0.000000 -0.000000 0.000000 0.000000 -0.000000 0.000000 0.000000 -0.000000 0.000000 0.000000 -0.000000 0.000000 0.000000 -0.000000 0.000000 0.000000 -0.000000 0.000000 0.000000 -0.000000 0.000000 0.000000 -0.000000 0.000000 0.000000 -0.000000 0.000000 0.000000
1.311884 39.479683 -1.239698 139.413692 88.879525 44.488656 8.966758 7.176603 0.021943 -2.720532 -12.538761 4.150676 -9.045932 -0.042467 -9.065407 -1.936453 -8.941698 -14.936041 -1.336147 0.471999 -1.328581 -0.094779 1.574320 -6.364096 -6.788726 -4.192777 13.465015 8.581289 -1.598228 -10.693144 -2.161663 0.533630 -0.633144 0.385819 -0.230524 -2.862728 1.896768 7.664756 0.950111 -5.108767 2.777831 -6.627218 9.500097 12.018478 0.351805 -0.000000 0.000000 0.000000 -0.000000 0.000000 0.000000 -0.000000 0.000000 0.000000 25.483048 -2.881698 -12.021673 51.524111 15.029368 10.694451 -5.127295 21.909471 23.260212 6.048253 9.166294 -1.442673 -0.000000 0.000000 0.000000 -0.000000 0.000000 0.000000 -0.000000 0.000000 0.000000 -0.000000 0.000000 0.000000 -0.000000 0.000000 0.000000 -0.000000 0.000000 0.000000 -0.000000 0.000000 0.000000 -0.000000 0.000000 0.000000 -0.000000 0.000000 0.000000 -0.000000 0.000000 0.000000 -0.000000 0.000000 0.000000 -0.000000 0.000000 0.000000 -0.000000 0.000000 0.000000 -0.000000 0.000000 0.000000 -0.000000 0.000000 0.000000 -30.033732 -4.274469 3.367463 -54.706693 24.771327 -8.027141 -3.253006 7.414777 -13.667813 -2.179949 8.304053 1.515747 -0.000000 0.000000 0.000000 -0.000000 0.000000 0.000000 -0.000000 0.000000 0.000000 -0.000000 0.000000 0.000000 -0.000000 0.000000 0.000000 -0.000000 0.000000 0.000000 -0.000000 0.000000 0.000000 -0.000000 0.000000 0.000000 -0.000000 0.000000 0.000000 -0.000000 0.000000 0.000000 -0.000000 0.000000 0.000000 -0.000000 0.000000 0.000000 -0.000000 0.000000 0.000000 -0.000000 0.000000 0.000000 -0.000000 0.000000 0.000000
1.606918 39.661514 -1.317929 131.232560 88.479473 52.365344 9.852275 7.149428 -0.000695 -2.497704 -11.486506 4.631152 -10.352786 -0.614304 -9.621306 -1.545482 -9.222961 -14.995019 -0.626258 -3.163126 -1.902971 -0.070101 8.798056 -6.012111 -7.155512 -4.049023 13.619830 8.753113 -2.721196 -10.579976 -1.793212 1.143260 -0.292295 0.410664 -0.277213 -3.437819 1.983095 7.605402 0.894434 -5.200976 2.238453 -6.702685 9.561563 11.323643 0.093998 -0.000000 0.000000 0.000000 -0.000000 0.000000 0.000000 -0.000000 0.000000 0.000000 25.496487 -2.747361 -11.780504 51.147571 14.424986 10.623640 -4.721481 20.523321 22.315647 5.946089 8.937154 -1.604061 -0.000000 0.000000 0.000000 -0.000000 0.000000 0.000000 -0.000000 0.000000 0.000000 -0.000000 0.000000 0.000000 -0.000000 0.000000 0.000000 -0.000000 0.000000 0.000000 -0.000000 0.000000 0.000000 -0.000000 0.000000 0.000000 -0.000000 0.000000 0.000000 -0.000000 0.000000 0.000000 -0.000000 0.000000 0.000000 -0.000000 0.000000 0.000000 -0.000000 0.000000 0.000000 -0.000000 0.000000 0.000000 -0.000000 0.000000 0.000000 -30.079059 -4.173189 2.909086 -53.975415 24.764753 -8.512751 -3.643336 6.836783 -14.194863 -2.074466 8.221341 1.507752 -0.000000 0.000000 0.000000 -0.000000 0.000000 0.000000 -0.000000 0.000000 0.000000 -0.000000 0.000000 0.000000 -0.000000 0.000000 0.000000 -0.000000 0.000000 0.000000 -0.000000 0.000000 0.000000 -0.000000 0.000000 0.000000 -0.000000 0.000000 0.000000 -0.000000 0.000000 0.000000 -0.000000 0.000000 0.000000 -0.000000 0.000000 0.000000 -0.000000 0.000000 0.000000 -0.000000 0.000000 0.000000 -0.000000 0.000000 0.000000
1.907354 39.887054 -1.384247 129.844408 88.016685 53.418983 10.650261 7.384006 -0.006142 -2.312850 -10.495048 5.151743 -11.584725 -1.155552 -10.252504 -1.158206 -9.489325 -14.934521 -0.059113 -7.424182 -2.631755 -0.097930 17.226270 -5.764202 -7.390469 -3.655848 13.574951 8.672540 -3.688855 -10.248093 -1.477208 1.987111 0.234233 0.402376 -0.357838 -3.990642 2.042258 7.546948 0.840534 -5.161183 1.801453 -6.601489 9.642087 10.656765 -0.156626 -0.000000 0.000000 0.000000 -0.000000 0.000000 0.000000 -0.000000 0.000000 0.000000 25.461649 -2.731689 -11.451747 50.973343 13.865627 10.408671 -4.396766 19.157081 21.685266 5.949149 8.691989 -1.872699 -0.000000 0.000000 0.000000 -0.000000 0.000000 0.000000 -0.000000 0.000000 0.000000 -0.000000 0.000000 0.000000 -0.000000 0.000000 0.000000 -0.000000 0.000000 0.000000 -0.000000 0.000000 0.000000 -0.000000 0.000000 0.000000 -0.000000 0.000000 0.000000 -0.000000 0.000000 0.000000 -0.000000 0.000000 0.000000 -0.000000 0.000000 0.000000 -0.000000 0.000000 0.000000 -0.000000 0.000000 0.000000 -0.000000 0.000000 0.000000 -30.081180 -4.051799 2.391499 -53.274320 24.811530 -9.163588 -3.709003 6.435111 -15.077316 -2.122666 8.556454 1.616974 -0.000000 0.000000 0.000000 -0.000000 0.000000 0.000000 -0.000000 0.000000 0.000000 -0.000000 0.000000 0.000000 -0.000000 0.000000 0.000000 -0.000000 0.000000 0.000000 -0.000000 0.000000 0.000000 -0.000000 0.000000 0.000000 -0.000000 0.000000 0.000000 -0.000000 0.000000 0.000000 -0.000000 0.000000 0.000000 -0.000000 0.000000 0.000000 -0.000000 0.000000 0.000000 -0.000000 0.000000 0.000000 -0.000000 0.000000 0.000000
2.247277 40.154442 -1.444407 133.672369 87.569756 49.007881 11.156242 7.888127 -0.045574 -2.018179 -9.642780 5.837980 -12.629712 -1.619123 -10.881978 -0.797979 -9.710673 -14.720570 0.307791 -11.960920 -3.375451 -0.406833 26.202504 -5.568257 -7.382394 -3.525159 13.421940 8.393413 -4.377701 -9.822070 -1.270593 2.995409 0.983584 0.272374 -0.469981 -4.484413 2.068616 7.446713 0.830641 -5.047910 1.501072 -6.476782 9.577878 9.923484 -0.472851 -0.000000 0.000000 0.000000 -0.000000 0.000000 0.000000 -0.000000 0.000000 0.000000 25.416153 -2.751773 -11.094053 50.752102 13.304357 10.103998 -4.085069 17.984325 21.488294 6.062886 8.119729 -2.231858 -0.000000 0.000000 0.000000 -0.000000 0.000000 0.000000 -0.000000 0.000000 0.000000 -0.000000 0.000000 0.000000 -0.000000 0.000000 0.000000 -0.000000 0.000000 0.000000 -0.000000 0.000000 0.000000 -0.000000 0.000000 0.000000 -0.000000 0.000000 0.000000 -0.000000 0.000000 0.000000 -0.000000 0.000000 0.000000 -0.000000 0.000000 0.000000 -0.000000 0.000000 0.000000 -0.000000 0.000000 0.000000 -0.000000 0.000000 0.000000 -30.001666 -3.917960 1.924353 -52.501676 24.753419 -9.767298 -3.535628 6.035026 -16.209300 -2.315915 8.842625 1.727597 -0.000000 0.000000 0.000000 -0.000000 0.000000 0.000000 -0.000000 0.000000 0.000000 -0.000000 0.000000 0.000000 -0.000000 0.000000 0.000000 -0.000000 0.000000 0.000000 -0.000000 0.000000 0.000000 -0.000000 0.000000 0.000000 -0.000000 0.000000 0.000000 -0.000000 0.000000 0.000000 -0.000000 0.000000 0.000000 -0.000000 0.000000 0.000000 -0.000000 0.000000 0.000000 -0.000000 0.000000 0.000000 -0.000000 0.000000 0.000000
2.606718 40.515053 -1.452733 140.460411 87.210760 41.355407 11.312588 8.660500 -0.119275 -1.756163 -9.293305 6.738557 -13.076614 -1.797119 -11.250396 -0.594840 -9.858964 -14.371081 0.241114 -16.177805 -4.158361 -0.917534 33.951242 -5.281861 -7.078343 -3.682921 13.184891 7.937979 -4.703108 -9.414005 -1.184195 4.117994 1.764742 0.074833 -0.572970 -4.766842 1.993490 7.312110 0.863438 -4.802076 1.448061 -6.356125 9.483394 9.250674 -0.814155 -0.000000 0.000000 0.000000 -0.000000 0.000000 0.000000 -0.000000 0.000000 0.000000 25.301123 -2.696940 -10.594572 50.559139 12.874564 9.952138 -3.775825 17.072159 21.445626 6.288876 7.574637 -2.562098 -0.000000 0.000000 0.000000 -0.000000 0.000000 0.000000 -0.000000 0.000000 0.000000 -0.000000 0.000000 0.000000 -0.000000 0.000000 0.000000 -0.000000 0.000000 0.000000 -0.000000 0.000000 0.000000 -0.000000 0.000000 0.000000 -0.000000 0.000000 0.000000 -0.000000 0.000000 0.000000 -0.000000 0.000000 0.000000 -0.000000 0.000000 0.000000 -0.000000 0.000000 0.000000 -0.000000 0.000000 0.000000 -0.000000 0.000000 0.000000 -29.863576 -3.790038 1.403473 -51.940360 24.597755 -10.310430 -3.199154 5.632310 -17.431033 -2.734959 8.844604 1.795018 -0.000000 0.000000 0.000000 -0.000000 0.000000 0.000000 -0.000000 0.000000 0.000000 -0.000000 0.000000 0.000000 -0.000000 0.000000 0.000000 -0.000000 0.000000 0.000000 -0.000000 0.000000 0.000000 -0.000000 0.000000 0.000000 -0.000000 0.000000 0.000000 -0.000000 0.000000 0.000000 -0.000000 0.000000 0.000000 -0.000000 0.000000 0.000000 -0.000000 0.000000 0.000000 -0.000000 0.000000 0.000000 -0.000000 0.000000 0.000000
2.971429 40.993954 -1.394860 147.931516 86.953325 32.686677 11.129892 9.513469 -0.247594 -1.546678 -8.973470 7.889245 -13.150105 -2.110652 -11.378131 -0.454404 -9.788823 -14.025517 -0.060781 -19.577591 -4.844446 -1.608252 39.123833 -4.532027 -6.659130 -4.223703 13.045289 7.507754 -4.648936 -9.217777 -1.155300 5.099957 2.503485 -0.226915 -0.596323 -4.868955 1.849567 7.198329 0.992681 -4.692970 1.608297 -6.451958 9.380207 8.812451 -1.037678 -0.000000 0.000000 0.000000 -0.000000 0.000000 0.000000 -0.000000 0.000000 0.000000 25.209188 -2.519402 -10.041147 50.392283 12.579459 9.984991 -3.710410 16.356053 21.715136 6.404623 7.164163 -2.976266 -0.000000 0.000000 0.000000 -0.000000 0.000000 0.000000 -0.000000 0.000000 0.000000 -0.000000 0.000000 0.000000 -0.000000 0.000000 0.000000 -0.000000 0.000000 0.000000 -0.000000 0.000000 0.000000 -0.000000 0.000000 0.000000 -0.000000 0.000000 0.000000 -0.000000 0.000000 0.000000 -0.000000 0.000000 0.000000 -0.000000 0.000000 0.000000 -0.000000 0.000000 0.000000 -0.000000 0.000000 0.000000 -0.000000 0.000000 0.000000 -29.782145 -3.748737 0.991508 -51.450432 24.458920 -10.709804 -2.772422 5.410412 -18.406566 -2.969139 8.857296 1.890259 -0.000000 0.000000 0.000000 -0.000000 0.000000 0.000000 -0.000000 0.000000 0.000000 -0.000000 0.000000 0.000000 -0.000000 0.000000 0.000000 -0.000000 0.000000 0.000000 -0.000000 0.000000 0.000000 -0.000000 0.000000 0.000000 -0.000000 0.000000 0.000000 -0.000000 0.000000 0.000000 -0.000000 0.000000 0.000000 -0.000000 0.000000 0.000000 -0.000000 0.000000 0.000000 -0.000000 0.000000 0.000000 -0.000000 0.000000 0.000000
3.239476 44.388885 -1.224908 144.152347 86.915596 36.571727 12.934018 10.433999 0.123269 -1.802190 -10.783270 10.489273 -14.576667 -2.387433 -10.203561 0.434555 -10.621895 -15.267739 -1.539327 -25.916137 -7.436623 -2.360986 44.288279 -4.643047 -6.804815 -4.050045 12.732584 7.321605 -5.400243 -9.296074 -2.186452 6.538464 4.592668 -0.202274 -2.360098 -5.610466 2.374960 7.232383 1.449356 -4.300634 2.921415 -7.077221 11.150339 11.098332 -1.514025 -0.000000 0.000000 0.000000 -0.000000 0.000000 0.000000 -0.000000 0.000000 0.000000 26.474431 -3.828753 -13.346505 51.966846 14.360488 9.294248 -4.654085 20.477229 22.138601 5.496943 11.620752 -3.176165 -0.000000 0.000000 0.000000 -0.000000 0.000000 0.000000 -0.000000 0.000000 0.000000 -0.000000 0.000000 0.000000 -0.000000 0.000000 0.000000 -0.000000 0.000000 0.000000 -0.000000 0.000000 0.000000 -0.000000 0.000000 0.000000 -0.000000 0.000000 0.000000 -0.000000 0.000000 0.000000 -0.000000 0.000000 0.000000 -0.000000 0.000000 0.000000 -0.000000 0.000000 0.000000 -0.000000 0.000000 0.000000 -0.000000 0.000000 0.000000 -31.329886 -4.782217 3.277095 -55.595275 26.613610 -10.166336 -2.351751 4.184472 -16.788095 0.130768 8.793082 1.220701 -0.000000 0.000000 0.000000 -0.000000 0.000000 0.000000 -0.000000 0.000000 0.000000 -0.000000 0.000000 0.000000 -0.000000 0.000000 0.000000 -0.000000 0.000000 0.000000 -0.000000 0.000000 0.000000 -0.000000 0.000000 0.000000 -0.000000 0.000000 0.000000 -0.000000 0.000000 0.000000 -0.000000 0.000000 0.000000 -0.000000 0.000000 0.000000 -0.000000 0.000000 0.000000 -0.000000 0.000000 0.000000 -0.000000 0.000000 0.000000
3.503631 45.057896 -1.265818 153.675104 86.693961 25.557911 12.484155 11.191091 -0.385396 -1.834941 -10.261247 11.064810 -14.235467 -2.683064 -9.772881 0.610025 -10.530582 -15.094203 -1.634456 -27.742974 -7.670810 -2.881914 41.819638 -3.737256 -6.587242 -4.242162 13.046420 7.437795 -4.682415 -9.153617 -2.806961 7.051306 5.270735 -0.454697 -2.114875 -5.470047 2.268638 7.187203 1.616020 -3.908310 3.171769 -7.175493 11.605300 11.497005 -1.683178 -0.000000 0.000000 0.000000 -0.000000 0.000000 0.000000 -0.000000 0.000000 0.000000 26.562033 -3.724212 -12.587354 51.356146 14.522043 10.141231 -4.590570 20.670577 22.080105 5.417286 11.446999 -3.264749 -0.000000 0.000000 0.000000 -0.000000 0.000000 0.000000 -0.000000 0.000000 0.000000 -0.000000 0.000000 0.000000 -0.000000 0.000000 0.000000 -0.000000 0.000000 0.000000 -0.000000 0.000000 0.000000 -0.000000 0.000000 0.000000 -0.000000 0.000000 0.000000 -0.000000 0.000000 0.000000 -0.000000 0.000000 0.000000 -0.000000 0.000000 0.000000 -0.000000 0.000000 0.000000 -0.000000 0.000000 0.000000 -0.000000 0.000000 0.000000 -31.332724 -4.783368 3.087081 -54.421686 26.359933 -10.645490 -2.258910 4.704777 -17.186994 0.374940 8.836949 1.060117 -0.000000 0.000000 0.000000 -0.000000 0.000000 0.000000 -0.000000 0.000000 0.000000 -0.000000 0.000000 0.000000 -0.000000 0.000000 0.000000 -0.000000 0.000000 0.000000 -0.000000 0.000000 0.000000 -0.000000 0.000000 0.000000 -0.000000 0.000000 0.000000 -0.000000 0.000000 0.000000 -0.000000 0.000000 0.000000 -0.000000 0.000000 0.000000 -0.000000 0.000000 0.000000 -0.000000 0.000000 0.000000 -0.000000 0.000000 0.000000
3.746742 45.744713 -1.300241 160.273063 86.426172 17.780082 12.226767 11.817663 -0.805623 -1.969258 -9.602164 11.664436 -13.948267 -3.313088 -9.275113 0.848653 -10.486081 -15.176401 -1.642334 -29.328581 -7.851264 -3.038097 38.783441 -3.191445 -6.679458 -4.199473 13.269034 7.596693 -4.072508 -9.166464 -3.378432 7.715579 5.768242 -0.598691 -2.031389 -5.477930 2.162224 7.118548 1.705960 -3.598016 3.313995 -7.227108 12.152412 11.857364 -1.661226 -0.000000 0.000000 0.000000 -0.000000 0.000000 0.000000 -0.000000 0.000000 0.000000 26.563279 -3.736493 -11.932311 50.843296 14.926972 10.824479 -4.540633 20.673283 22.287988 5.596174 11.535313 -3.397023 -0.000000 0.000000 0.000000 -0.000000 0.000000 0.000000 -0.000000 0.000000 0.000000 -0.000000 0.000000 0.000000 -0.000000 0.000000 0.000000 -0.000000 0.000000 0.000000 -0.000000 0.000000 0.000000 -0.000000 0.000000 0.000000 -0.000000 0.000000 0.000000 -0.000000 0.000000 0.000000 -0.000000 0.000000 0.000000 -0.000000 0.000000 0.000000 -0.000000 0.000000 0.000000 -0.000000 0.000000 0.000000 -0.000000 0.000000 0.000000 -31.345465 -4.752594 2.684167 -53.384530 26.418215 -11.251044 -2.350669 5.230575 -17.367500 0.523700 8.783107 0.855049 -0.000000 0.000000 0.000000 -0.000000 0.000000 0.000000 -0.000000 0.000000 0.000000 -0.000000 0.000000 0.000000 -0.000000 0.000000 0.000000 -0.000000 0.000000 0.000000 -0.000000 0.000000 0.000000 -0.000000 0.000000 0.000000 -0.000000 0.000000 0.000000 -0.000000 0.000000 0.000000 -0.000000 0.000000 0.000000 -0.000000 0.000000 0.000000 -0.000000 0.000000 0.000000 -0.000000 0.000000 0.000000 -0.000000 0.000000 0.000000
3.971607 46.483715 -1.365940 164.109446 86.211141 12.816609 12.090524 12.366035 -1.140412 -2.213180 -8.786441 12.164497 -13.781357 -3.928312 -8.922014 1.150497 -10.424547 -15.168803 -1.675784 -30.267975 -8.061193 -2.668675 34.467605 -3.092508 -6.867660 -4.016953 13.467041 7.885236 -3.516492 -9.202515 -3.808756 8.198160 6.156823 -0.714189 -2.024979 -5.481018 2.048375 7.093971 1.792734 -3.314806 3.306785 -7.311575 12.533810 12.015601 -1.618013 -0.000000 0.000000 0.000000 -0.000000 0.000000 0.000000 -0.000000 0.000000 0.000000 26.380122 -3.684969 -11.468966 50.297023 15.079398 11.701312 -4.707140 20.916774 22.671623 5.613766 11.809669 -3.416414 -0.000000 0.000000 0.000000 -0.000000 0.000000 0.000000 -0.000000 0.000000 0.000000 -0.000000 0.000000 0.000000 -0.000000 0.000000 0.000000 -0.000000 0.000000 0.000000 -0.000000 0.000000 0.000000 -0.000000 0.000000 0.000000 -0.000000 0.000000 0.000000 -0.000000 0.000000 0.000000 -0.000000 0.000000 0.000000 -0.000000 0.000000 0.000000 -0.000000 0.000000 0.000000 -0.000000 0.000000 0.000000 -0.000000 0.000000 0.000000 -31.241389 -4.702480 2.314470 -52.468722 26.351380 -11.841476 -2.341604 5.422880 -17.557036 0.748690 8.599012 0.619940 -0.000000 0.000000 0.000000 -0.000000 0.000000 0.000000 -0.000000 0.000000 0.000000 -0.000000 0.000000 0.000000 -0.000000 0.000000 0.000000 -0.000000 0.000000 0.000000 -0.000000 0.000000 0.000000 -0.000000 0.000000 0.000000 -0.000000 0.000000 0.000000 -0.000000 0.000000 0.000000 -0.000000 0.000000 0.000000 -0.000000 0.000000 0.000000 -0.000000 0.000000 0.000000 -0.000000 0.000000 0.000000 -0.000000 0.000000 0.000000
4.216414 47.348103 -1.469495 165.119177 86.105333 10.852853 12.048379 12.644195 -1.210022 -2.509845 -7.624224 12.548443 -13.609726 -4.755372 -8.687923 1.354782 -10.165009 -15.128245 -1.624364 -30.613790 -8.220500 -2.058516 29.511254 -3.219794 -7.264061 -3.669566 13.719354 8.252039 -3.017021 -9.167603 -4.068608 8.738393 6.339664 -0.782472 -2.111926 -5.436332 1.908332 7.144608 1.860987 -3.137185 3.249351 -7.149691 12.798440 12.215082 -1.318601 -0.000000 0.000000 0.000000 -0.000000 0.000000 0.000000 -0.000000 0.000000 0.000000 26.200732 -3.630312 -11.080056 49.808231 15.173225 12.530108 -5.040270 20.932371 23.580488 5.537840 12.036567 -3.200361 -0.000000 0.000000 0.000000 -0.000000 0.000000 0.000000 -0.000000 0.000000 0.000000 -0.000000 0.000000 0.000000 -0.000000 0.000000 0.000000 -0.000000 0.000000 0.000000 -0.000000 0.000000 0.000000 -0.000000 0.000000 0.000000 -0.000000 0.000000 0.000000 -0.000000 0.000000 0.000000 -0.000000 0.000000 0.000000 -0.000000 0.000000 0.000000 -0.000000 0.000000 0.000000 -0.000000 0.000000 0.000000 -0.000000 0.000000 0.000000 -31.198333 -4.654094 1.973740 -51.663712 26.375984 -12.418969 -2.192555 5.484605 -18.004724 1.018401 8.387610 0.371119 -0.000000 0.000000 0.000000 -0.000000 0.000000 0.000000 -0.000000 0.000000 0.000000 -0.000000 0.000000 0.000000 -0.000000 0.000000 0.000000 -0.000000 0.000000 0.000000 -0.000000 0.000000 0.000000 -0.000000 0.000000 0.000000 -0.000000 0.000000 0.000000 -0.000000 0.000000 0.000000 -0.000000 0.000000 0.000000 -0.000000 0.000000 0.000000 -0.000000 0.000000 0.000000 -0.000000 0.000000 0.000000 -0.000000 0.000000 0.000000
4.435561 48.340164 -1.654791 165.132146 86.041114 9.889968 11.976546 13.058237 -1.165570 -2.714591 -6.497698 12.984684 -13.491704 -5.656857 -8.630975 1.654971 -9.768323 -14.923076 -1.461150 -30.041039 -8.271417 -1.258178 23.456569 -3.560263 -7.721749 -3.138087 14.023175 8.720225 -2.532954 -9.187063 -4.194516 9.022196 6.358524 -0.901075 -2.038487 -5.309434 1.775122 7.148696 1.944030 -3.064532 3.190569 -6.762288 12.741593 12.522260 -0.981602 -0.000000 0.000000 0.000000 -0.000000 0.000000 0.000000 -0.000000 0.000000 0.000000 25.932392 -3.435348 -10.769643 49.281046 15.119853 13.278953 -5.431564 20.860553 24.729356 5.741544 12.033525 -2.923626 -0.000000 0.000000 0.000000 -0.000000 0.000000 0.000000 -0.000000 0.000000 0.000000 -0.000000 0.000000 0.000000 -0.000000 0.000000 0.000000 -0.000000 0.000000 0.000000 -0.000000 0.000000 0.000000 -0.000000 0.000000 0.000000 -0.000000 0.000000 0.000000 -0.000000 0.000000 0.000000 -0.000000 0.000000 0.000000 -0.000000 0.000000 0.000000 -0.000000 0.000000 0.000000 -0.000000 0.000000 0.000000 -0.000000 0.000000 0.000000 -31.036410 -4.656423 1.870465 -50.923880 26.226930 -12.534171 -1.798233 5.636829 -18.419494 1.188454 7.857163 0.207603 -0.000000 0.000000 0.000000 -0.000000 0.000000 0.000000 -0.000000 0.000000 0.000000 -0.000000 0.000000 0.000000 -0.000000 0.000000 0.000000 -0.000000 0.000000 0.000000 -0.000000 0.000000 0.000000 -0.000000 0.000000 0.000000 -0.000000 0.000000 0.000000 -0.000000 0.000000 0.000000 -0.000000 0.000000 0.000000 -0.000000 0.000000 0.000000 -0.000000 0.000000 0.000000 -0.000000 0.000000 0.000000 -0.000000 0.000000 0.000000
4.651680 49.504456 -1.878637 163.619651 86.059888 10.509364 12.019936 13.435626 -1.102466 -2.810261 -5.374427 13.551170 -13.377505 -6.478909 -8.571753 1.954836 -9.342842 -14.628159 -1.244631 -29.140188 -8.179170 -0.468108 17.681628 -3.970936 -8.322036 -2.425902 14.148587 9.167852 -2.257954 -9.248948 -4.171887 9.294498 6.237966 -1.008115 -2.084904 -5.142799 1.625271 7.135499 2.002674 -3.093854 3.117307 -6.322995 12.524261 12.541635 -0.601146 -0.000000 0.000000 0.000000 -0.000000 0.000000 0.000000 -0.000000 0.000000 0.000000 25.597791 -3.261948 -10.553733 48.871713 15.019732 13.930014 -5.638990 20.727404 25.954304 6.063261 11.736939 -2.524852 -0.000000 0.000000 0.000000 -0.000000 0.000000 0.000000 -0.000000 0.000000 0.000000 -0.000000 0.000000 0.000000 -0.000000 0.000000 0.000000 -0.000000 0.000000 0.000000 -0.000000 0.000000 0.000000 -0.000000 0.000000 0.000000 -0.000000 0.000000 0.000000 -0.000000 0.000000 0.000000 -0.000000 0.000000 0.000000 -0.000000 0.000000 0.000000 -0.000000 0.000000 0.000000 -0.000000 0.000000 0.000000 -0.000000 0.000000 0.000000 -30.873552 -4.661860 1.795098 -50.514026 25.993922 -12.568172 -1.395049 5.519126 -18.891596 1.153311 7.054910 0.019651 -0.000000 0.000000 0.000000 -0.000000 0.000000 0.000000 -0.000000 0.000000 0.000000 -0.000000 0.000000 0.000000 -0.000000 0.000000 0.000000 -0.000000 0.000000 0.000000 -0.000000 0.000000 0.000000 -0.000000 0.000000 0.000000 -0.000000 0.000000 0.000000 -0.000000 0.000000 0.000000 -0.000000 0.000000 0.000000 -0.000000 0.000000 0.000000 -0.000000 0.000000 0.000000 -0.000000 0.000000 0.000000 -0.000000 0.000000 0.000000
4.867077 50.841450 -2.095107 161.044096 86.156779 12.212205 12.067279 13.862682 -1.104637 -2.880230 -4.202187 14.273749 -13.181472 -7.265580 -8.472979 2.236888 -9.073405 -14.398644 -0.870709 -28.084030 -7.865247 0.118651 12.551844 -4.167174 -9.027734 -1.590134 14.155201 9.649254 -2.124505 -9.391475 -4.047503 9.378067 6.090276 -1.156979 -2.143401 -4.958396 1.526465 7.030510 2.097094 -3.189956 3.053098 -6.169247 12.356062 12.651378 -0.398521 -0.000000 0.000000 0.000000 -0.000000 0.000000 0.000000 -0.000000 0.000000 0.000000 25.331838 -3.123277 -10.428580 48.324608 14.989142 14.453473 -5.747642 20.532072 26.933490 6.188113 11.579158 -2.252009 -0.000000 0.000000 0.000000 -0.000000 0.000000 0.000000 -0.000000 0.000000 0.000000 -0.000000 0.000000 0.000000 -0.000000 0.000000 0.000000 -0.000000 0.000000 0.000000 -0.000000 0.000000 0.000000 -0.000000 0.000000 0.000000 -0.000000 0.000000 0.000000 -0.000000 0.000000 0.000000 -0.000000 0.000000 0.000000 -0.000000 0.000000 0.000000 -0.000000 0.000000 0.000000 -0.000000 0.000000 0.000000 -0.000000 0.000000 0.000000 -30.775986 -4.768454 1.814632 -50.059254 25.930924 -12.423023 -0.963850 5.286452 -19.346184 1.047992 6.578293 -0.197622 -0.000000 0.000000 0.000000 -0.000000 0.000000 0.000000 -0.000000 0.000000 0.000000 -0.000000 0.000000 0.000000 -0.000000 0.000000 0.000000 -0.000000 0.000000 0.000000 -0.000000 0.000000 0.000000 -0.000000 0.000000 0.000000 -0.000000 0.000000 0.000000 -0.000000 0.000000 0.000000 -0.000000 0.000000 0.000000 -0.000000 0.000000 0.000000 -0.000000 0.000000 0.000000 -0.000000 0.000000 0.000000 -0.000000 0.000000 0.000000
5.346832 55.205681 -2.238506 152.605104 86.719355 21.708306 14.127629 15.237542 -0.821355 -2.728044 -6.804244 17.393505 -13.776671 -8.536355 -7.454915 2.607184 -9.278259 -14.741721 -3.360607 -30.897940 -10.504515 0.797307 9.357102 -5.224545 -9.537871 -0.564322 14.484342 10.089607 -1.808467 -9.877211 -4.277980 9.850779 7.442436 -1.114657 -3.590885 -5.417976 1.547829 7.417191 2.440855 -4.078944 4.246608 -6.169053 12.405228 14.739433 -0.212613 -0.000000 0.000000 0.000000 -0.000000 0.000000 0.000000 -0.000000 0.000000 0.000000 26.906760 -4.010905 -13.247108 49.827445 15.892226 14.135401 -7.382599 22.185161 27.840637 3.781483 15.061703 -2.308467 -0.000000 0.000000 0.000000 -0.000000 0.000000 0.000000 -0.000000 0.000000 0.000000 -0.000000 0.000000 0.000000 -0.000000 0.000000 0.000000 -0.000000 0.000000 0.000000 -0.000000 0.000000 0.000000 -0.000000 0.000000 0.000000 -0.000000 0.000000 0.000000 -0.000000 0.000000 0.000000 -0.000000 0.000000 0.000000 -0.000000 0.000000 0.000000 -0.000000 0.000000 0.000000 -0.000000 0.000000 0.000000 -0.000000 0.000000 0.000000 -32.370295 -5.980852 3.414392 -54.224162 27.184336 -11.520722 -0.356583 3.200264 -16.918016 4.443334 7.269221 0.610805 -0.000000 0.000000 0.000000 -0.000000 0.000000 0.000000 -0.000000 0.000000 0.000000 -0.000000 0.000000 0.000000 -0.000000 0.000000 0.000000 -0.000000 0.000000 0.000000 -0.000000 0.000000 0.000000 -0.000000 0.000000 0.000000 -0.000000 0.000000 0.000000 -0.000000 0.000000 0.000000 -0.000000 0.000000 0.000000 -0.000000 0.000000 0.000000 -0.000000 0.000000 0.000000 -0.000000 0.000000 0.000000 -0.000000 0.000000 0.000000
5.428899 56.980412 -2.522645 148.932929 86.969755 24.433356 13.541957 15.708612 -1.157842 -2.441698 -6.023709 18.154768 -12.954953 -8.557336 -7.071509 2.394614 -9.095213 -14.590488 -3.374457 -30.738884 -10.180317 0.854727 7.816520 -4.926835 -9.531415 -0.425810 14.867632 10.487774 -1.608145 -10.005670 -4.165280 9.673893 7.711255 -1.197864 -3.536666 -5.165798 1.420038 7.401434 2.485314 -4.269540 3.787099 -6.265043 12.128044 14.630317 -0.006701 -0.000000 0.000000 0.000000 -0.000000 0.000000 0.000000 -0.000000 0.000000 0.000000 26.845847 -3.934403 -12.707009 49.301003 15.672253 14.677165 -7.069963 21.422003 27.250820 2.861683 14.382016 -2.317801 -0.000000 0.000000 0.000000 -0.000000 0.000000 0.000000 -0.000000 0.000000 0.000000 -0.000000 0.000000 0.000000 -0.000000 0.000000 0.000000 -0.000000 0.000000 0.000000 -0.000000 0.000000 0.000000 -0.000000 0.000000 0.000000 -0.000000 0.000000 0.000000 -0.000000 0.000000 0.000000 -0.000000 0.000000 0.000000 -0.000000 0.000000 0.000000 -0.000000 0.000000 0.000000 -0.000000 0.000000 0.000000 -0.000000 0.000000 0.000000 -32.462163 -5.946361 3.135285 -53.519086 26.720733 -11.503216 -0.353435 2.671736 -16.734650 4.737064 7.440466 1.145552 -0.000000 0.000000 0.000000 -0.000000 0.000000 0.000000 -0.000000 0.000000 0.000000 -0.000000 0.000000 0.000000 -0.000000 0.000000 0.000000 -0.000000 0.000000 0.000000 -0.000000 0.000000 0.000000 -0.000000 0.000000 0.000000 -0.000000 0.000000 0.000000 -0.000000 0.000000 0.000000 -0.000000 0.000000 0.000000 -0.000000 0.000000 0.000000 -0.000000 0.000000 0.000000 -0.000000 0.000000 0.000000 -0.000000 0.000000 0.000000
5.472256 58.836658 -2.688059 145.864887 87.301712 26.726792 12.861704 16.236882 -1.455356 -2.230945 -5.382845 19.067011 -11.707953 -8.366607 -6.368502 1.968029 -9.134727 -14.561431 -3.667254 -30.920931 -10.140960 0.702397 7.373002 -4.485294 -9.555719 -0.276284 15.235510 10.813568 -1.596309 -10.246378 -4.091664 9.606239 7.983851 -1.309526 -3.516394 -5.039270 1.291284 7.376004 2.517703 -4.555583 3.262942 -6.359179 11.883306 14.522975 0.326917 -0.000000 0.000000 0.000000 -0.000000 0.000000 0.000000 -0.000000 0.000000 0.000000 26.733489 -3.895289 -12.214229 49.002288 15.698935 14.869725 -6.781498 20.131964 26.581030 1.936033 13.927634 -2.438911 -0.000000 0.000000 0.000000 -0.000000 0.000000 0.000000 -0.000000 0.000000 0.000000 -0.000000 0.000000 0.000000 -0.000000 0.000000 0.000000 -0.000000 0.000000 0.000000 -0.000000 0.000000 0.000000 -0.000000 0.000000 0.000000 -0.000000 0.000000 0.000000 -0.000000 0.000000 0.000000 -0.000000 0.000000 0.000000 -0.000000 0.000000 0.000000 -0.000000 0.000000 0.000000 -0.000000 0.000000 0.000000 -0.000000 0.000000 0.000000 -32.574870 -5.892723 2.711068 -52.833777 26.464906 -11.461519 -0.388959 2.470026 -16.796278 4.985984 7.788464 1.659050 -0.000000 0.000000 0.000000 -0.000000 0.000000 0.000000 -0.000000 0.000000 0.000000 -0.000000 0.000000 0.000000 -0.000000 0.000000 0.000000 -0.000000 0.000000 0.000000 -0.000000 0.000000 0.000000 -0.000000 0.000000 0.000000 -0.000000 0.000000 0.000000 -0.000000 0.000000 0.000000 -0.000000 0.000000 0.000000 -0.000000 0.000000 0.000000 -0.000000 0.000000 0.000000 -0.000000 0.000000 0.000000 -0.000000 0.000000 0.000000
5.466156 60.858208 -2.726665 142.867862 87.773114 28.985244 12.050710 16.727426 -1.547269 -2.094466 -4.623391 19.931819 -10.305388 -7.744350 -5.661467 1.461047 -9.398515 -14.427444 -4.080993 -30.859937 -10.175618 0.529971 7.481717 -4.053412 -9.457342 -0.093709 15.420266 11.062103 -1.605484 -10.457388 -4.038939 9.315224 8.178230 -1.478704 -3.447900 -4.872539 1.174312 7.307653 2.581621 -4.722369 2.731753 -6.467568 11.629589 14.354561 0.755994 -0.000000 0.000000 0.000000 -0.000000 0.000000 0.000000 -0.000000 0.000000 0.000000 26.575459 -3.764178 -11.776154 48.873758 15.686673 14.940107 -6.605658 19.197410 25.767181 1.033987 13.476531 -2.596013 -0.000000 0.000000 0.000000 -0.000000 0.000000 0.000000 -0.000000 0.000000 0.000000 -0.000000 0.000000 0.000000 -0.000000 0.000000 0.000000 -0.000000 0.000000 0.000000 -0.000000 0.000000 0.000000 -0.000000 0.000000 0.000000 -0.000000 0.000000 0.000000 -0.000000 0.000000 0.000000 -0.000000 0.000000 0.000000 -0.000000 0.000000 0.000000 -0.000000 0.000000 0.000000 -0.000000 0.000000 0.000000 -0.000000 0.000000 0.000000 -32.646645 -5.895419 2.345787 -52.269725 26.142974 -11.446648 -0.356574 2.123523 -16.854264 5.331284 8.055198 1.994021 -0.000000 0.000000 0.000000 -0.000000 0.000000 0.000000 -0.000000 0.000000 0.000000 -0.000000 0.000000 0.000000 -0.000000 0.000000 0.000000 -0.000000 0.000000 0.000000 -0.000000 0.000000 0.000000 -0.000000 0.000000 0.000000 -0.000000 0.000000 0.000000 -0.000000 0.000000 0.000000 -0.000000 0.000000 0.000000 -0.000000 0.000000 0.000000 -0.000000 0.000000 0.000000 -0.000000 0.000000 0.000000 -0.000000 0.000000 0.000000
5.472718 63.060059 -2.625277 139.272353 88.326952 31.983251 11.144192 17.034955 -1.482028 -2.081739 -3.625129 20.560856 -8.697879 -6.817031 -4.938749 0.799609 -9.823465 -14.205274 -4.533716 -30.668877 -10.210654 0.313626 8.098802 -3.664165 -9.571736 0.500126 15.365493 11.222104 -1.716957 -10.485946 -4.058021 9.048794 8.326215 -1.668607 -3.422041 -4.661052 1.052627 7.178841 2.633725 -4.813741 2.362745 -6.460905 11.485125 14.173291 1.148971 -0.000000 0.000000 0.000000 -0.000000 0.000000 0.000000 -0.000000 0.000000 0.000000 26.479716 -3.599353 -11.402365 48.979351 15.725279 14.731103 -6.667049 18.259412 25.381858 0.185508 13.129464 -2.655940 -0.000000 0.000000 0.000000 -0.000000 0.000000 0.000000 -0.000000 0.000000 0.000000 -0.000000 0.000000 0.000000 -0.000000 0.000000 0.000000 -0.000000 0.000000 0.000000 -0.000000 0.000000 0.000000 -0.000000 0.000000 0.000000 -0.000000 0.000000 0.000000 -0.000000 0.000000 0.000000 -0.000000 0.000000 0.000000 -0.000000 0.000000 0.000000 -0.000000 0.000000 0.000000 -0.000000 0.000000 0.000000 -0.000000 0.000000 0.000000 -32.699574 -5.808279 2.040681 -51.867978 25.880928 -11.239977 -0.159904 1.845524 -17.300299 5.592966 8.335454 2.212402 -0.000000 0.000000 0.000000 -0.000000 0.000000 0.000000 -0.000000 0.000000 0.000000 -0.000000 0.000000 0.000000 -0.000000 0.000000 0.000000 -0.000000 0.000000 0.000000 -0.000000 0.000000 0.000000 -0.000000 0.000000 0.000000 -0.000000 0.000000 0.000000 -0.000000 0.000000 0.000000 -0.000000 0.000000 0.000000 -0.000000 0.000000 0.000000 -0.000000 0.000000 0.000000 -0.000000 0.000000 0.000000 -0.000000 0.000000 0.000000
5.454695 65.447304 -2.437094 136.451359 88.999416 34.230910 10.050882 17.387800 -1.165746 -2.070578 -2.633245 20.985512 -6.839533 -5.190089 -4.346249 0.056059 -10.496821 -13.886619 -4.917977 -29.760804 -10.078670 0.011566 8.742148 -3.479737 -9.683370 1.374657 15.095017 11.423304 -1.896648 -10.472898 -4.132045 8.408408 8.343828 -1.939941 -3.231678 -4.396393 0.968779 6.928017 2.691551 -4.656145 2.133674 -6.236807 11.232578 13.925793 1.392800 -0.000000 0.000000 0.000000 -0.000000 0.000000 0.000000 -0.000000 0.000000 0.000000 26.235617 -3.333691 -11.217356 49.281455 15.612387 14.360258 -6.639519 17.544001 25.096995 -0.015532 12.500343 -2.875961 -0.000000 0.000000 0.000000 -0.000000 0.000000 0.000000 -0.000000 0.000000 0.000000 -0.000000 0.000000 0.000000 -0.000000 0.000000 0.000000 -0.000000 0.000000 0.000000 -0.000000 0.000000 0.000000 -0.000000 0.000000 0.000000 -0.000000 0.000000 0.000000 -0.000000 0.000000 0.000000 -0.000000 0.000000 0.000000 -0.000000 0.000000 0.000000 -0.000000 0.000000 0.000000 -0.000000 0.000000 0.000000 -0.000000 0.000000 0.000000 -32.481667 -5.727334 2.111638 -51.655880 25.448223 -10.662136 0.224101 1.575401 -17.678705 5.457010 8.228492 2.340290 -0.000000 0.000000 0.000000 -0.000000 0.000000 0.000000 -0.000000 0.000000 0.000000 -0.000000 0.000000 0.000000 -0.000000 0.000000 0.000000 -0.000000 0.000000 0.000000 -0.000000 0.000000 0.000000 -0.000000 0.000000 0.000000 -0.000000 0.000000 0.000000 -0.000000 0.000000 0.000000 -0.000000 0.000000 0.000000 -0.000000 0.000000 0.000000 -0.000000 0.000000 0.000000 -0.000000 0.000000 0.000000 -0.000000 0.000000 0.000000
5.428540 67.965698 -2.160604 125.265142 89.741864 44.904670 8.901160 17.485642 -0.763833 -2.137619 -1.199338 21.042948 -4.767022 -2.980711 -3.787336 -0.869613 -11.352106 -13.523710 -5.298530 -28.639382 -9.892335 -0.251206 9.629922 -3.363102 -9.808316 2.498966 14.696885 11.558910 -2.186687 -10.455873 -4.307529 7.726305 8.268881 -2.204796 -3.000839 -4.119339 0.863957 6.580731 2.734904 -4.395812 2.109347 -6.028722 11.017800 13.541144 1.455307 -0.000000 0.000000 0.000000 -0.000000 0.000000 0.000000 -0.000000 0.000000 0.000000 25.986860 -3.059820 -11.062518 49.788714 15.539173 13.758746 -6.597341 17.109807 25.078960 0.030192 11.865918 -2.993117 -0.000000 0.000000 0.000000 -0.000000 0.000000 0.000000 -0.000000 0.000000 0.000000 -0.000000 0.000000 0.000000 -0.000000 0.000000 0.000000 -0.000000 0.000000 0.000000 -0.000000 0.000000 0.000000 -0.000000 0.000000 0.000000 -0.000000 0.000000 0.000000 -0.000000 0.000000 0.000000 -0.000000 0.000000 0.000000 -0.000000 0.000000 0.000000 -0.000000 0.000000 0.000000 -0.000000 0.000000 0.000000 -0.000000 0.000000 0.000000 -32.125403 -5.534706 2.154897 -51.644278 25.011284 -10.178355 0.503229 1.678356 -18.299898 5.048902 7.918730 2.199446 -0.000000 0.000000 0.000000 -0.000000 0.000000 0.000000 -0.000000 0.000000 0.000000 -0.000000 0.000000 0.000000 -0.000000 0.000000 0.000000 -0.000000 0.000000 0.000000 -0.000000 0.000000 0.000000 -0.000000 0.000000 0.000000 -0.000000 0.000000 0.000000 -0.000000 0.000000 0.000000 -0.000000 0.000000 0.000000 -0.000000 0.000000 0.000000 -0.000000 0.000000 0.000000 -0.000000 0.000000 0.000000 -0.000000 0.000000 0.000000
5.361098 70.565125 -1.793736 -41.366222 89.483709 -148.922102 7.591037 16.976675 -0.132347 -2.281787 1.449089 21.002305 -2.547801 -0.253508 -3.265144 -1.845110 -12.498980 -13.156092 -5.708050 -27.383474 -9.695258 -0.511414 10.562151 -3.249175 -9.760368 3.675387 14.433317 11.743746 -2.615139 -10.479744 -4.502906 7.050679 8.118833 -2.502814 -2.865587 -3.874775 0.766718 6.213833 2.785599 -4.224766 2.036996 -5.934679 10.768730 13.277561 1.289886 -0.000000 0.000000 0.000000 -0.000000 0.000000 0.000000 -0.000000 0.000000 0.000000 25.808600 -2.757538 -10.901044 50.067180 15.431348 13.128776 -6.498059 16.714684 25.136350 0.035611 11.184057 -3.206477 -0.000000 0.000000 0.000000 -0.000000 0.000000 0.000000 -0.000000 0.000000 0.000000 -0.000000 0.000000 0.000000 -0.000000 0.000000 0.000000 -0.000000 0.000000 0.000000 -0.000000 0.000000 0.000000 -0.000000 0.000000 0.000000 -0.000000 0.000000 0.000000 -0.000000 0.000000 0.000000 -0.000000 0.000000 0.000000 -0.000000 0.000000 0.000000 -0.000000 0.000000 0.000000 -0.000000 0.000000 0.000000 -0.000000 0.000000 0.000000 -31.795250 -5.410031 2.278883 -51.333079 24.696342 -9.709731 0.802801 1.664436 -19.004353 4.656282 7.804155 2.034347 -0.000000 0.000000 0.000000 -0.000000 0.000000 0.000000 -0.000000 0.000000 0.000000 -0.000000 0.000000 0.000000 -0.000000 0.000000 0.000000 -0.000000 0.000000 0.000000 -0.000000 0.000000 0.000000 -0.000000 0.000000 0.000000 -0.000000 0.000000 0.000000 -0.000000 0.000000 0.000000 -0.000000 0.000000 0.000000 -0.000000 0.000000 0.000000 -0.000000 0.000000 0.000000 -0.000000 0.000000 0.000000 -0.000000 0.000000 0.000000
5.735251 76.544861 -1.334635 -36.032368 87.768801 -152.952782 7.675644 15.755490 0.927904 -2.308360 3.385899 21.825225 0.555043 3.134483 -1.725235 -3.313668 -15.630125 -13.115562 -10.009348 -29.219106 -14.159730 -1.015652 12.843326 -4.466200 -6.891844 2.776228 13.273742 10.468908 -1.606438 -10.252531 -6.236788 5.562984 8.860103 -2.539475 -3.432523 -4.591042 1.497458 5.939053 3.103912 -5.451596 3.817354 -5.972374 11.762082 16.719152 1.560330 -0.000000 0.000000 0.000000 -0.000000 0.000000 0.000000 -0.000000 0.000000 0.000000 27.626907 -3.469380 -13.755333 52.725726 16.824662 11.955671 -8.082608 17.421756 23.103797 1.456620 12.754319 -3.652973 -0.000000 0.000000 0.000000 -0.000000 0.000000 0.000000 -0.000000 0.000000 0.000000 -0.000000 0.000000 0.000000 -0.000000 0.000000 0.000000 -0.000000 0.000000 0.000000 -0.000000 0.000000 0.000000 -0.000000 0.000000 0.000000 -0.000000 0.000000 0.000000 -0.000000 0.000000 0.000000 -0.000000 0.000000 0.000000 -0.000000 0.000000 0.000000 -0.000000 0.000000 0.000000 -0.000000 0.000000 0.000000 -0.000000 0.000000 0.000000 -32.723492 -6.157202 4.690994 -55.171777 25.362951 -8.956278 1.569498 0.654759 -15.295502 6.753384 4.999270 1.232582 -0.000000 0.000000 0.000000 -0.000000 0.000000 0.000000 -0.000000 0.000000 0.000000 -0.000000 0.000000 0.000000 -0.000000 0.000000 0.000000 -0.000000 0.000000 0.000000 -0.000000 0.000000 0.000000 -0.000000 0.000000 0.000000 -0.000000 0.000000 0.000000 -0.000000 0.000000 0.000000 -0.000000 0.000000 0.000000 -0.000000 0.000000 0.000000 -0.000000 0.000000 0.000000 -0.000000 0.000000 0.000000 -0.000000 0.000000 0.000000
5.702432 79.680740 -0.918119 -46.846124 87.136788 -142.139027 5.988084 13.079654 1.212418 -2.311191 10.102341 19.847050 3.851977 8.421184 -1.521115 -4.810752 -17.600399 -12.908142 -10.696799 -27.395285 -13.892689 -1.570195 14.152400 -4.348967 -4.583471 2.057755 12.147004 9.300812 -1.278252 -9.399316 -7.038555 4.815333 8.328288 -2.647677 -3.169754 -4.278930 1.730502 5.676937 2.969526 -5.488373 3.758155 -6.223322 11.790763 16.596615 1.549071 -0.000000 0.000000 0.000000 -0.000000 0.000000 0.000000 -0.000000 0.000000 0.000000 27.436395 -3.133533 -13.177872 52.810715 16.818848 11.912251 -7.610207 16.751081 21.401949 2.171717 11.001813 -3.923815 -0.000000 0.000000 0.000000 -0.000000 0.000000 0.000000 -0.000000 0.000000 0.000000 -0.000000 0.000000 0.000000 -0.000000 0.000000 0.000000 -0.000000 0.000000 0.000000 -0.000000 0.000000 0.000000 -0.000000 0.000000 0.000000 -0.000000 0.000000 0.000000 -0.000000 0.000000 0.000000 -0.000000 0.000000 0.000000 -0.000000 0.000000 0.000000 -0.000000 0.000000 0.000000 -0.000000 0.000000 0.000000 -0.000000 0.000000 0.000000 -32.295287 -5.798041 4.710907 -54.286882 25.119208 -9.308811 1.448505 0.621635 -15.119487 6.563867 3.934233 1.190414 -0.000000 0.000000 0.000000 -0.000000 0.000000 0.000000 -0.000000 0.000000 0.000000 -0.000000 0.000000 0.000000 -0.000000 0.000000 0.000000 -0.000000 0.000000 0.000000 -0.000000 0.000000 0.000000 -0.000000 0.000000 0.000000 -0.000000 0.000000 0.000000 -0.000000 0.000000 0.000000 -0.000000 0.000000 0.000000 -0.000000 0.000000 0.000000 -0.000000 0.000000 0.000000 -0.000000 0.000000 0.000000 -0.000000 0.000000 0.000000
5.695620 82.726959 -0.354065 -56.685994 86.694367 -132.054261 4.376488 9.074490 1.337840 -2.022216 19.716632 17.148118 7.079682 13.778389 -1.580495 -6.110451 -19.477557 -12.854504 -11.310877 -25.404134 -13.423720 -2.237501 15.622343 -4.299993 -2.140751 0.314321 10.752139 7.920686 -1.042796 -8.308886 -7.794208 4.757074 7.501855 -2.672359 -3.042448 -3.901881 1.956404 5.431368 2.780690 -5.582514 3.813884 -6.137098 11.493200 16.337805 1.786107 -0.000000 0.000000 0.000000 -0.000000 0.000000 0.000000 -0.000000 0.000000 0.000000 27.175231 -2.721245 -12.243388 52.994987 16.986537 11.883545 -7.116506 15.895373 19.888220 2.900922 9.402707 -4.096921 -0.000000 0.000000 0.000000 -0.000000 0.000000 0.000000 -0.000000 0.000000 0.000000 -0.000000 0.000000 0.000000 -0.000000 0.000000 0.000000 -0.000000 0.000000 0.000000 -0.000000 0.000000 0.000000 -0.000000 0.000000 0.000000 -0.000000 0.000000 0.000000 -0.000000 0.000000 0.000000 -0.000000 0.000000 0.000000 -0.000000 0.000000 0.000000 -0.000000 0.000000 0.000000 -0.000000 0.000000 0.000000 -0.000000 0.000000 0.000000 -31.731628 -5.309766 4.528541 -53.417859 24.657448 -9.545210 1.309396 0.989315 -15.529298 6.235186 2.503215 1.101619 -0.000000 0.000000 0.000000 -0.000000 0.000000 0.000000 -0.000000 0.000000 0.000000 -0.000000 0.000000 0.000000 -0.000000 0.000000 0.000000 -0.000000 0.000000 0.000000 -0.000000 0.000000 0.000000 -0.000000 0.000000 0.000000 -0.000000 0.000000 0.000000 -0.000000 0.000000 0.000000 -0.000000 0.000000 0.000000 -0.000000 0.000000 0.000000 -0.000000 0.000000 0.000000 -0.000000 0.000000 0.000000 -0.000000 0.000000 0.000000
5.726243 85.640167 0.182909 -63.920895 86.501425 -124.512407 3.324102 4.582994 1.363871 -1.409651 30.102775 14.278740 8.724325 16.819027 -1.982090 -6.629143 -20.667576 -12.767144 -11.373442 -23.032601 -12.507279 -2.615355 16.496552 -4.695645 -0.345044 -1.591570 9.570831 6.934053 -0.802215 -7.446870 -8.173118 5.203116 6.465636 -2.649951 -3.185495 -3.416936 2.132663 5.379180 2.550873 -5.668081 3.617037 -5.741584 11.007823 16.372970 2.137336 -0.000000 0.000000 0.000000 -0.000000 0.000000 0.000000 -0.000000 0.000000 0.000000 26.861533 -2.315342 -11.339003 53.031704 17.082765 11.811860 -6.570462 15.427718 18.990038 3.496915 8.058304 -4.172840 -0.000000 0.000000 0.000000 -0.000000 0.000000 0.000000 -0.000000 0.000000 0.000000 -0.000000 0.000000 0.000000 -0.000000 0.000000 0.000000 -0.000000 0.000000 0.000000 -0.000000 0.000000 0.000000 -0.000000 0.000000 0.000000 -0.000000 0.000000 0.000000 -0.000000 0.000000 0.000000 -0.000000 0.000000 0.000000 -0.000000 0.000000 0.000000 -0.000000 0.000000 0.000000 -0.000000 0.000000 0.000000 -0.000000 0.000000 0.000000 -31.228655 -4.956992 4.174436 -52.545906 24.029113 -9.670471 1.139812 1.198380 -16.329964 6.160354 1.436072 1.083119 -0.000000 0.000000 0.000000 -0.000000 0.000000 0.000000 -0.000000 0.000000 0.000000 -0.000000 0.000000 0.000000 -0.000000 0.000000 0.000000 -0.000000 0.000000 0.000000 -0.000000 0.000000 0.000000 -0.000000 0.000000 0.000000 -0.000000 0.000000 0.000000 -0.000000 0.000000 0.000000 -0.000000 0.000000 0.000000 -0.000000 0.000000 0.000000 -0.000000 0.000000 0.000000 -0.000000 0.000000 0.000000 -0.000000 0.000000 0.000000
5.867881 88.392548 0.629521 -68.920948 86.540004 -119.120548 2.707805 -0.182096 1.572632 -0.255351 40.301811 11.418626 8.742005 16.921091 -2.181907 -6.512126 -21.089796 -12.828232 -11.011704 -20.461670 -11.226896 -2.744891 16.790699 -5.289909 0.689815 -3.222121 8.796617 6.389374 -0.638636 -6.846469 -8.206916 5.987795 5.319884 -2.632347 -3.456470 -2.894155 2.239102 5.425889 2.325800 -5.686355 3.467405 -5.167802 10.615404 16.440464 2.432939 -0.000000 0.000000 0.000000 -0.000000 0.000000 0.000000 -0.000000 0.000000 0.000000 26.571343 -2.133653 -10.576967 52.939426 17.074233 11.754440 -6.268173 15.095279 18.981615 3.863979 7.246815 -4.117336 -0.000000 0.000000 0.000000 -0.000000 0.000000 0.000000 -0.000000 0.000000 0.000000 -0.000000 0.000000 0.000000 -0.000000 0.000000 0.000000 -0.000000 0.000000 0.000000 -0.000000 0.000000 0.000000 -0.000000 0.000000 0.000000 -0.000000 0.000000 0.000000 -0.000000 0.000000 0.000000 -0.000000 0.000000 0.000000 -0.000000 0.000000 0.000000 -0.000000 0.000000 0.000000 -0.000000 0.000000 0.000000 -0.000000 0.000000 0.000000 -30.802461 -4.722721 3.777415 -51.689241 23.474330 -9.702442 1.031606 1.337500 -17.375885 6.004178 0.848830 1.308841 -0.000000 0.000000 0.000000 -0.000000 0.000000 0.000000 -0.000000 0.000000 0.000000 -0.000000 0.000000 0.000000 -0.000000 0.000000 0.000000 -0.000000 0.000000 0.000000 -0.000000 0.000000 0.000000 -0.000000 0.000000 0.000000 -0.000000 0.000000 0.000000 -0.000000 0.000000 0.000000 -0.000000 0.000000 0.000000 -0.000000 0.000000 0.000000 -0.000000 0.000000 0.000000 -0.000000 0.000000 0.000000 -0.000000 0.000000 0.000000
6.062747 90.939644 0.985989 -74.100233 86.735880 -113.635063 2.313480 -5.024686 2.056426 1.600910 49.415358 8.308945 7.472254 14.800474 -2.395015 -5.900271 -20.880159 -12.907398 -10.358465 -17.441752 -9.540493 -2.726259 16.445991 -5.946325 1.325539 -4.611584 8.424932 6.010864 -0.487956 -6.454702 -7.920492 6.843667 4.090889 -2.657493 -3.709408 -2.329022 2.283100 5.546093 2.065575 -5.599578 3.194370 -4.479177 10.116358 16.340911 2.780190 -0.000000 0.000000 0.000000 -0.000000 0.000000 0.000000 -0.000000 0.000000 0.000000 26.292575 -2.065018 -9.891070 52.488114 16.947272 11.812463 -6.034096 15.045399 19.247636 4.152471 6.808639 -4.001967 -0.000000 0.000000 0.000000 -0.000000 0.000000 0.000000 -0.000000 0.000000 0.000000 -0.000000 0.000000 0.000000 -0.000000 0.000000 0.000000 -0.000000 0.000000 0.000000 -0.000000 0.000000 0.000000 -0.000000 0.000000 0.000000 -0.000000 0.000000 0.000000 -0.000000 0.000000 0.000000 -0.000000 0.000000 0.000000 -0.000000 0.000000 0.000000 -0.000000 0.000000 0.000000 -0.000000 0.000000 0.000000 -0.000000 0.000000 0.000000 -30.302808 -4.530985 3.444482 -50.764078 22.713550 -9.623800 1.045437 1.495909 -18.162535 5.829851 0.496115 1.539267 -0.000000 0.000000 0.000000 -0.000000 0.000000 0.000000 -0.000000 0.000000 0.000000 -0.000000 0.000000 0.000000 -0.000000 0.000000 0.000000 -0.000000 0.000000 0.000000 -0.000000 0.000000 0.000000 -0.000000 0.000000 0.000000 -0.000000 0.000000 0.000000 -0.000000 0.000000 0.000000 -0.000000 0.000000 0.000000 -0.000000 0.000000 0.000000 -0.000000 0.000000 0.000000 -0.000000 0.000000 0.000000 -0.000000 0.000000 0.000000
6.272199 93.358505 1.342594 -78.067521 87.071227 -109.417545 2.237953 -9.842694 2.873108 4.100923 56.249744 4.898427 5.759269 11.701373 -2.650006 -5.244424 -20.311978 -13.076388 -9.679538 -14.462351 -7.935358 -2.529580 15.635103 -6.727359 1.432537 -5.646407 8.286305 6.009964 -0.361682 -6.437298 -7.406858 7.795373 2.849387 -2.656709 -4.038270 -1.785687 2.247035 5.767591 1.857367 -5.400994 3.006951 -3.970425 9.736151 16.199100 2.985703 -0.000000 0.000000 0.000000 -0.000000 0.000000 0.000000 -0.000000 0.000000 0.000000 26.013915 -2.046575 -9.328845 51.859527 16.748555 11.939968 -5.774443 15.260013 19.844073 4.159515 6.367493 -3.828020 -0.000000 0.000000 0.000000 -0.000000 0.000000 0.000000 -0.000000 0.000000 0.000000 -0.000000 0.000000 0.000000 -0.000000 0.000000 0.000000 -0.000000 0.000000 0.000000 -0.000000 0.000000 0.000000 -0.000000 0.000000 0.000000 -0.000000 0.000000 0.000000 -0.000000 0.000000 0.000000 -0.000000 0.000000 0.000000 -0.000000 0.000000 0.000000 -0.000000 0.000000 0.000000 -0.000000 0.000000 0.000000 -0.000000 0.000000 0.000000 -29.884290 -4.477130 3.188484 -49.881723 22.078927 -9.627867 0.920332 1.709159 -18.942756 5.489642 0.142652 1.745004 -0.000000 0.000000 0.000000 -0.000000 0.000000 0.000000 -0.000000 0.000000 0.000000 -0.000000 0.000000 0.000000 -0.000000 0.000000 0.000000 -0.000000 0.000000 0.000000 -0.000000 0.000000 0.000000 -0.000000 0.000000 0.000000 -0.000000 0.000000 0.000000 -0.000000 0.000000 0.000000 -0.000000 0.000000 0.000000 -0.000000 0.000000 0.000000 -0.000000 0.000000 0.000000 -0.000000 0.000000 0.000000 -0.000000 0.000000 0.000000
6.498407 95.625282 1.679040 -82.726163 87.447991 -104.536348 2.363236 -14.755727 3.908296 6.965200 60.585978 1.210912 4.254841 8.607162 -2.985575 -4.830082 -19.668437 -13.186817 -8.997449 -11.323961 -6.466017 -2.155128 14.144461 -7.848390 1.220357 -6.287180 8.039596 6.094623 -0.302770 -6.506828 -6.709033 8.680166 1.507477 -2.678056 -4.283945 -1.213005 2.209023 5.944261 1.697460 -5.258773 3.012726 -3.445745 9.203924 16.224087 3.238310 -0.000000 0.000000 0.000000 -0.000000 0.000000 0.000000 -0.000000 0.000000 0.000000 25.772998 -2.156615 -8.978343 51.045452 16.534262 12.128252 -5.415895 15.358685 20.092400 4.089646 5.923849 -3.671099 -0.000000 0.000000 0.000000 -0.000000 0.000000 0.000000 -0.000000 0.000000 0.000000 -0.000000 0.000000 0.000000 -0.000000 0.000000 0.000000 -0.000000 0.000000 0.000000 -0.000000 0.000000 0.000000 -0.000000 0.000000 0.000000 -0.000000 0.000000 0.000000 -0.000000 0.000000 0.000000 -0.000000 0.000000 0.000000 -0.000000 0.000000 0.000000 -0.000000 0.000000 0.000000 -0.000000 0.000000 0.000000 -0.000000 0.000000 0.000000 -29.500471 -4.625414 3.205850 -49.034546 21.645136 -9.532124 1.140647 1.777638 -19.669075 5.142798 -0.339847 1.931770 -0.000000 0.000000 0.000000 -0.000000 0.000000 0.000000 -0.000000 0.000000 0.000000 -0.000000 0.000000 0.000000 -0.000000 0.000000 0.000000 -0.000000 0.000000 0.000000 -0.000000 0.000000 0.000000 -0.000000 0.000000 0.000000 -0.000000 0.000000 0.000000 -0.000000 0.000000 0.000000 -0.000000 0.000000 0.000000 -0.000000 0.000000 0.000000 -0.000000 0.000000 0.000000 -0.000000 0.000000 0.000000 -0.000000 0.000000 0.000000
7.087567 101.039146 2.187593 -66.517652 87.592071 -118.641038 3.021731 -20.888209 4.825584 11.515946 64.138730 -5.018413 1.299150 4.165927 -3.657877 -5.099605 -21.699755 -14.067332 -9.130212 -10.959212 -6.787956 -2.674823 15.111399 -9.980303 2.393582 -8.529143 6.726659 5.205148 0.059415 -5.217556 -7.007241 9.011171 0.729342 -2.580413 -5.744288 -1.338838 2.598394 6.339684 2.062347 -6.216216 5.865172 -3.239867 10.411171 19.449280 1.720465 -0.000000 0.000000 0.000000 -0.000000 0.000000 0.000000 -0.000000 0.000000 0.000000 26.793490 -2.812627 -12.415998 53.332323 16.872181 11.242091 -6.746432 17.986730 20.852468 1.726388 8.196621 -3.679765 -0.000000 0.000000 0.000000 -0.000000 0.000000 0.000000 -0.000000 0.000000 0.000000 -0.000000 0.000000 0.000000 -0.000000 0.000000 0.000000 -0.000000 0.000000 0.000000 -0.000000 0.000000 0.000000 -0.000000 0.000000 0.000000 -0.000000 0.000000 0.000000 -0.000000 0.000000 0.000000 -0.000000 0.000000 0.000000 -0.000000 0.000000 0.000000 -0.000000 0.000000 0.000000 -0.000000 0.000000 0.000000 -0.000000 0.000000 0.000000 -29.688519 -5.492766 6.338998 -53.440240 22.804695 -8.584751 1.688386 1.996021 -18.019654 6.392878 -0.913159 1.922361 -0.000000 0.000000 0.000000 -0.000000 0.000000 0.000000 -0.000000 0.000000 0.000000 -0.000000 0.000000 0.000000 -0.000000 0.000000 0.000000 -0.000000 0.000000 0.000000 -0.000000 0.000000 0.000000 -0.000000 0.000000 0.000000 -0.000000 0.000000 0.000000 -0.000000 0.000000 0.000000 -0.000000 0.000000 0.000000 -0.000000 0.000000 0.000000 -0.000000 0.000000 0.000000 -0.000000 0.000000 0.000000 -0.000000 0.000000 0.000000
7.387984 103.308937 2.589464 -65.794725 88.078210 -118.901659 2.575071 -24.237513 5.332698 11.793377 61.062608 -6.445327 0.110161 1.852174 -5.348769 -5.969950 -20.516109 -14.384707 -8.058061 -8.952381 -5.467237 -2.849903 14.586687 -10.099478 2.051651 -8.995866 6.744856 4.928662 0.186934 -4.791110 -6.293805 9.346464 -0.290910 -2.366030 -6.015679 -1.076927 2.579768 6.863489 1.850170 -6.292161 6.228849 -3.540387 10.346757 20.034985 1.577956 -0.000000 0.000000 0.000000 -0.000000 0.000000 0.000000 -0.000000 0.000000 0.000000 26.720294 -2.901546 -12.573107 52.900581 16.910659 11.424070 -6.220291 17.031989 20.180142 1.167515 7.215656 -3.392127 -0.000000 0.000000 0.000000 -0.000000 0.000000 0.000000 -0.000000 0.000000 0.000000 -0.000000 0.000000 0.000000 -0.000000 0.000000 0.000000 -0.000000 0.000000 0.000000 -0.000000 0.000000 0.000000 -0.000000 0.000000 0.000000 -0.000000 0.000000 0.000000 -0.000000 0.000000 0.000000 -0.000000 0.000000 0.000000 -0.000000 0.000000 0.000000 -0.000000 0.000000 0.000000 -0.000000 0.000000 0.000000 -0.000000 0.000000 0.000000 -29.062651 -5.599709 6.622614 -52.878960 23.034828 -9.481444 1.660735 1.966300 -18.463504 6.787680 -1.635684 1.884827 -0.000000 0.000000 0.000000 -0.000000 0.000000 0.000000 -0.000000 0.000000 0.000000 -0.000000 0.000000 0.000000 -0.000000 0.000000 0.000000 -0.000000 0.000000 0.000000 -0.000000 0.000000 0.000000 -0.000000 0.000000 0.000000 -0.000000 0.000000 0.000000 -0.000000 0.000000 0.000000 -0.000000 0.000000 0.000000 -0.000000 0.000000 0.000000 -0.000000 0.000000 0.000000 -0.000000 0.000000 0.000000 -0.000000 0.000000 0.000000
7.730492 105.490234 3.040842 -63.407499 88.500466 -120.697913 1.827446 -26.757303 5.428224 10.439583 55.051874 -6.292967 -0.374747 0.720067 -6.923559 -7.249421 -19.196707 -14.688575 -7.029021 -7.081235 -4.236045 -3.041977 14.132698 -10.235977 1.614109 -9.746048 6.707502 4.646953 0.273382 -4.352163 -5.686546 9.663477 -1.248094 -1.966342 -6.152889 -0.922574 2.496290 7.275207 1.580415 -6.346766 6.874780 -3.887081 10.261514 20.652855 1.544602 -0.000000 0.000000 0.000000 -0.000000 0.000000 0.000000 -0.000000 0.000000 0.000000 26.564769 -3.038554 -12.627467 52.487774 16.989784 11.431899 -5.745942 16.143234 19.643603 0.650714 6.805988 -3.231862 -0.000000 0.000000 0.000000 -0.000000 0.000000 0.000000 -0.000000 0.000000 0.000000 -0.000000 0.000000 0.000000 -0.000000 0.000000 0.000000 -0.000000 0.000000 0.000000 -0.000000 0.000000 0.000000 -0.000000 0.000000 0.000000 -0.000000 0.000000 0.000000 -0.000000 0.000000 0.000000 -0.000000 0.000000 0.000000 -0.000000 0.000000 0.000000 -0.000000 0.000000 0.000000 -0.000000 0.000000 0.000000 -0.000000 0.000000 0.000000 -28.420819 -5.495925 6.752861 -52.538425 23.079841 -10.158340 1.537611 1.698884 -18.886375 7.245445 -2.026355 1.686178 -0.000000 0.000000 0.000000 -0.000000 0.000000 0.000000 -0.000000 0.000000 0.000000 -0.000000 0.000000 0.000000 -0.000000 0.000000 0.000000 -0.000000 0.000000 0.000000 -0.000000 0.000000 0.000000 -0.000000 0.000000 0.000000 -0.000000 0.000000 0.000000 -0.000000 0.000000 0.000000 -0.000000 0.000000 0.000000 -0.000000 0.000000 0.000000 -0.000000 0.000000 0.000000 -0.000000 0.000000 0.000000 -0.000000 0.000000 0.000000
8.075515 107.685402 3.374066 -61.088740 88.808542 -122.380518 0.796313 -28.329850 5.248665 8.412611 47.199342 -5.457163 0.041152 1.353297 -8.218985 -8.770110 -18.062485 -14.811450 -6.168970 -5.147717 -3.089114 -3.138593 13.443535 -10.529025 1.350725 -10.406212 6.668704 4.366599 0.326024 -3.993630 -5.179171 9.898275 -2.122432 -1.468494 -6.199374 -0.806588 2.370325 7.571026 1.331954 -6.335833 7.496429 -4.319404 10.072259 21.372351 1.400050 -0.000000 0.000000 0.000000 -0.000000 0.000000 0.000000 -0.000000 0.000000 0.000000 26.295979 -3.094624 -12.786716 52.152146 16.844504 11.191601 -5.300998 15.407731 19.373404 0.299710 6.336915 -3.279374 -0.000000 0.000000 0.000000 -0.000000 0.000000 0.000000 -0.000000 0.000000 0.000000 -0.000000 0.000000 0.000000 -0.000000 0.000000 0.000000 -0.000000 0.000000 0.000000 -0.000000 0.000000 0.000000 -0.000000 0.000000 0.000000 -0.000000 0.000000 0.000000 -0.000000 0.000000 0.000000 -0.000000 0.000000 0.000000 -0.000000 0.000000 0.000000 -0.000000 0.000000 0.000000 -0.000000 0.000000 0.000000 -0.000000 0.000000 0.000000 -27.794675 -5.399066 6.833420 -52.376143 23.016673 -10.669549 1.429818 1.172884 -19.295355 7.896757 -2.316595 1.655000 -0.000000 0.000000 0.000000 -0.000000 0.000000 0.000000 -0.000000 0.000000 0.000000 -0.000000 0.000000 0.000000 -0.000000 0.000000 0.000000 -0.000000 0.000000 0.000000 -0.000000 0.000000 0.000000 -0.000000 0.000000 0.000000 -0.000000 0.000000 0.000000 -0.000000 0.000000 0.000000 -0.000000 0.000000 0.000000 -0.000000 0.000000 0.000000 -0.000000 0.000000 0.000000 -0.000000 0.000000 0.000000 -0.000000 0.000000 0.000000
8.424456 109.923210 3.515893 -61.673667 88.978071 -121.074449 -0.554065 -29.223912 4.797913 6.177453 38.231495 -4.373941 1.466712 3.522054 -9.148592 -10.553397 -17.208127 -14.814614 -5.522754 -3.207672 -2.078919 -3.143688 12.800984 -10.898869 1.205881 -11.109798 6.707769 4.020490 0.393132 -3.623760 -4.810482 10.136907 -2.919341 -0.934269 -6.185810 -0.745203 2.214470 7.722735 1.110190 -6.233296 8.309818 -4.739434 9.942454 22.127163 1.370921 -0.000000 0.000000 0.000000 -0.000000 0.000000 0.000000 -0.000000 0.000000 0.000000 25.993722 -3.233816 -13.068409 52.014237 16.597228 10.617280 -5.022197 14.785632 19.206356 0.072688 5.967022 -3.384835 -0.000000 0.000000 0.000000 -0.000000 0.000000 0.000000 -0.000000 0.000000 0.000000 -0.000000 0.000000 0.000000 -0.000000 0.000000 0.000000 -0.000000 0.000000 0.000000 -0.000000 0.000000 0.000000 -0.000000 0.000000 0.000000 -0.000000 0.000000 0.000000 -0.000000 0.000000 0.000000 -0.000000 0.000000 0.000000 -0.000000 0.000000 0.000000 -0.000000 0.000000 0.000000 -0.000000 0.000000 0.000000 -0.000000 0.000000 0.000000 -27.295872 -5.348316 6.840261 -52.340183 23.005347 -11.075224 1.357356 0.446162 -19.550055 8.516793 -2.356436 1.704764 -0.000000 0.000000 0.000000 -0.000000 0.000000 0.000000 -0.000000 0.000000 0.000000 -0.000000 0.000000 0.000000 -0.000000 0.000000 0.000000 -0.000000 0.000000 0.000000 -0.000000 0.000000 0.000000 -0.000000 0.000000 0.000000 -0.000000 0.000000 0.000000 -0.000000 0.000000 0.000000 -0.000000 0.000000 0.000000 -0.000000 0.000000 0.000000 -0.000000 0.000000 0.000000 -0.000000 0.000000 0.000000 -0.000000 0.000000 0.000000
8.774855 112.147415 3.414600 -74.522862 89.068316 -107.555032 -2.176909 -28.885798 3.831291 3.813236 27.868858 -3.218217 3.776682 6.712221 -9.943430 -12.497326 -16.455428 -14.521232 -5.069708 -1.102137 -1.173213 -2.995484 12.183301 -11.279295 1.239783 -11.980332 6.936278 3.506714 0.570974 -3.065359 -4.544676 10.236975 -3.490725 -0.422726 -5.856371 -0.755546 2.065868 7.687498 0.867382 -6.065677 8.873903 -5.063676 9.631006 22.498894 1.627131 -0.000000 0.000000 0.000000 -0.000000 0.000000 0.000000 -0.000000 0.000000 0.000000 25.753537 -3.352662 -13.257732 51.757792 16.247285 9.868961 -4.870945 14.350578 19.113985 0.241167 5.592817 -3.351141 -0.000000 0.000000 0.000000 -0.000000 0.000000 0.000000 -0.000000 0.000000 0.000000 -0.000000 0.000000 0.000000 -0.000000 0.000000 0.000000 -0.000000 0.000000 0.000000 -0.000000 0.000000 0.000000 -0.000000 0.000000 0.000000 -0.000000 0.000000 0.000000 -0.000000 0.000000 0.000000 -0.000000 0.000000 0.000000 -0.000000 0.000000 0.000000 -0.000000 0.000000 0.000000 -0.000000 0.000000 0.000000 -0.000000 0.000000 0.000000 -26.854803 -5.221471 6.762149 -52.121138 22.777352 -11.398811 1.450143 -0.018676 -19.839385 9.037428 -2.257485 1.552275 -0.000000 0.000000 0.000000 -0.000000 0.000000 0.000000 -0.000000 0.000000 0.000000 -0.000000 0.000000 0.000000 -0.000000 0.000000 0.000000 -0.000000 0.000000 0.000000 -0.000000 0.000000 0.000000 -0.000000 0.000000 0.000000 -0.000000 0.000000 0.000000 -0.000000 0.000000 0.000000 -0.000000 0.000000 0.000000 -0.000000 0.000000 0.000000 -0.000000 0.000000 0.000000 -0.000000 0.000000 0.000000 -0.000000 0.000000 0.000000
9.105001 114.417412 3.162532 -95.258926 88.956632 -86.197315 -3.856096 -28.115969 2.655029 1.743776 18.364078 -2.446034 6.573590 10.681176 -10.434630 -14.421515 -15.922271 -14.036085 -4.864511 1.068186 -0.251037 -2.698226 11.727508 -11.750188 1.410719 -12.858818 7.033387 2.940409 0.777232 -2.624509 -4.425270 10.436385 -3.896586 0.027390 -5.343202 -0.725566 1.903246 7.547319 0.642403 -5.815478 9.309041 -5.474894 9.259435 22.389202 1.854019 -0.000000 0.000000 0.000000 -0.000000 0.000000 0.000000 -0.000000 0.000000 0.000000 25.486876 -3.426505 -13.372568 51.567833 15.868760 9.097438 -4.733350 14.332279 19.170745 0.504745 4.747697 -3.296922 -0.000000 0.000000 0.000000 -0.000000 0.000000 0.000000 -0.000000 0.000000 0.000000 -0.000000 0.000000 0.000000 -0.000000 0.000000 0.000000 -0.000000 0.000000 0.000000 -0.000000 0.000000 0.000000 -0.000000 0.000000 0.000000 -0.000000 0.000000 0.000000 -0.000000 0.000000 0.000000 -0.000000 0.000000 0.000000 -0.000000 0.000000 0.000000 -0.000000 0.000000 0.000000 -0.000000 0.000000 0.000000 -0.000000 0.000000 0.000000 -26.495241 -5.034306 6.511797 -51.856546 22.367024 -11.687017 1.587964 -0.332147 -20.062890 9.093286 -2.275787 1.370624 -0.000000 0.000000 0.000000 -0.000000 0.000000 0.000000 -0.000000 0.000000 0.000000 -0.000000 0.000000 0.000000 -0.000000 0.000000 0.000000 -0.000000 0.000000 0.000000 -0.000000 0.000000 0.000000 -0.000000 0.000000 0.000000 -0.000000 0.000000 0.000000 -0.000000 0.000000 0.000000 -0.000000 0.000000 0.000000 -0.000000 0.000000 0.000000 -0.000000 0.000000 0.000000 -0.000000 0.000000 0.000000 -0.000000 0.000000 0.000000
9.506172 116.825806 2.783975 -111.515872 88.646464 -69.468084 -5.250688 -27.491625 1.427049 0.402645 11.458006 -2.091837 9.034192 13.903630 -10.797297 -15.932293 -15.560126 -13.647865 -4.730755 3.045340 0.534425 -2.403377 11.727075 -12.121230 1.643432 -13.859848 7.069467 2.348527 0.876946 -2.328722 -4.368338 10.741545 -4.171456 0.313095 -4.810792 -0.669854 1.774430 7.399638 0.442420 -5.661584 9.699988 -5.965153 8.832350 22.165432 1.844822 -0.000000 0.000000 0.000000 -0.000000 0.000000 0.000000 -0.000000 0.000000 0.000000 25.306764 -3.602112 -13.396924 51.482210 15.631810 8.559526 -4.507977 14.039729 19.045419 0.668358 3.866236 -3.295432 -0.000000 0.000000 0.000000 -0.000000 0.000000 0.000000 -0.000000 0.000000 0.000000 -0.000000 0.000000 0.000000 -0.000000 0.000000 0.000000 -0.000000 0.000000 0.000000 -0.000000 0.000000 0.000000 -0.000000 0.000000 0.000000 -0.000000 0.000000 0.000000 -0.000000 0.000000 0.000000 -0.000000 0.000000 0.000000 -0.000000 0.000000 0.000000 -0.000000 0.000000 0.000000 -0.000000 0.000000 0.000000 -0.000000 0.000000 0.000000 -26.301604 -4.897988 6.294822 -51.404600 22.095524 -11.968684 1.839783 -0.297360 -20.309793 8.848752 -2.164824 1.372226 -0.000000 0.000000 0.000000 -0.000000 0.000000 0.000000 -0.000000 0.000000 0.000000 -0.000000 0.000000 0.000000 -0.000000 0.000000 0.000000 -0.000000 0.000000 0.000000 -0.000000 0.000000 0.000000 -0.000000 0.000000 0.000000 -0.000000 0.000000 0.000000 -0.000000 0.000000 0.000000 -0.000000 0.000000 0.000000 -0.000000 0.000000 0.000000 -0.000000 0.000000 0.000000 -0.000000 0.000000 0.000000 -0.000000 0.000000 0.000000
10.173697 122.424210 2.550289 -94.932080 88.653554 -83.810583 -6.326844 -28.848945 1.397785 -1.837492 6.080206 0.125343 10.222749 15.588182 -9.485319 -19.170551 -16.107956 -15.001622 -5.335736 4.580438 0.162095 -0.673516 11.430555 -15.643760 2.305802 -14.736554 5.796594 1.156409 0.586205 -1.521226 -5.565829 10.382732 -3.902731 0.687733 -5.077117 -0.968546 2.052332 7.651745 0.694380 -4.615198 13.483605 -6.787172 9.543735 24.698787 -0.262099 -0.000000 0.000000 0.000000 -0.000000 0.000000 0.000000 -0.000000 0.000000 0.000000 26.077280 -4.735080 -17.708411 54.646277 14.689406 6.730914 -4.899984 15.071622 17.989618 1.671216 4.933997 -3.948261 -0.000000 0.000000 0.000000 -0.000000 0.000000 0.000000 -0.000000 0.000000 0.000000 -0.000000 0.000000 0.000000 -0.000000 0.000000 0.000000 -0.000000 0.000000 0.000000 -0.000000 0.000000 0.000000 -0.000000 0.000000 0.000000 -0.000000 0.000000 0.000000 -0.000000 0.000000 0.000000 -0.000000 0.000000 0.000000 -0.000000 0.000000 0.000000 -0.000000 0.000000 0.000000 -0.000000 0.000000 0.000000 -0.000000 0.000000 0.000000 -26.694503 -5.347877 9.302441 -55.988952 22.042707 -10.654997 1.706208 0.334018 -18.023065 7.319506 -3.125709 0.724923 -0.000000 0.000000 0.000000 -0.000000 0.000000 0.000000 -0.000000 0.000000 0.000000 -0.000000 0.000000 0.000000 -0.000000 0.000000 0.000000 -0.000000 0.000000 0.000000 -0.000000 0.000000 0.000000 -0.000000 0.000000 0.000000 -0.000000 0.000000 0.000000 -0.000000 0.000000 0.000000 -0.000000 0.000000 0.000000 -0.000000 0.000000 0.000000 -0.000000 0.000000 0.000000 -0.000000 0.000000 0.000000 -0.000000 0.000000 0.000000
10.761651 125.081017 2.118094 -98.439156 88.453742 -79.839129 -6.814531 -28.562986 0.752555 -2.582129 3.402601 0.408061 10.691463 16.366235 -9.441288 -19.520280 -16.119030 -14.776371 -5.049048 6.190118 0.785922 -0.150622 11.776900 -16.438629 2.287566 -15.142901 5.656531 0.881984 0.349080 -1.286256 -5.619994 9.766409 -4.066923 0.796558 -4.685642 -0.785582 2.161305 7.641122 0.468701 -4.066111 14.034222 -7.095730 9.586647 24.575760 -1.020545 -0.000000 0.000000 0.000000 -0.000000 0.000000 0.000000 -0.000000 0.000000 0.000000 26.061173 -4.927910 -18.062139 54.279102 14.054098 6.444734 -4.210625 14.392806 17.214442 2.801866 3.762282 -4.127156 -0.000000 0.000000 0.000000 -0.000000 0.000000 0.000000 -0.000000 0.000000 0.000000 -0.000000 0.000000 0.000000 -0.000000 0.000000 0.000000 -0.000000 0.000000 0.000000 -0.000000 0.000000 0.000000 -0.000000 0.000000 0.000000 -0.000000 0.000000 0.000000 -0.000000 0.000000 0.000000 -0.000000 0.000000 0.000000 -0.000000 0.000000 0.000000 -0.000000 0.000000 0.000000 -0.000000 0.000000 0.000000 -0.000000 0.000000 0.000000 -26.625342 -5.157875 9.633666 -55.119503 21.700698 -10.836919 1.453226 1.241993 -18.549123 6.047676 -2.504716 0.804396 -0.000000 0.000000 0.000000 -0.000000 0.000000 0.000000 -0.000000 0.000000 0.000000 -0.000000 0.000000 0.000000 -0.000000 0.000000 0.000000 -0.000000 0.000000 0.000000 -0.000000 0.000000 0.000000 -0.000000 0.000000 0.000000 -0.000000 0.000000 0.000000 -0.000000 0.000000 0.000000 -0.000000 0.000000 0.000000 -0.000000 0.000000 0.000000 -0.000000 0.000000 0.000000 -0.000000 0.000000 0.000000 -0.000000 0.000000 0.000000
11.414212 127.790543 1.733389 -96.274207 88.304195 -81.465764 -7.188001 -28.619940 0.256188 -3.183008 1.908462 0.642225 11.109684 17.001216 -9.190769 -19.727498 -16.177238 -14.827679 -4.664809 7.425379 1.225362 0.395291 12.697035 -17.419055 2.093857 -15.635080 5.314462 0.740684 -0.147709 -1.253826 -5.641655 9.034277 -4.168285 0.905797 -4.346364 -0.719342 2.293971 7.648770 0.288238 -3.608815 14.583060 -7.353392 9.754657 24.236273 -1.658872 -0.000000 0.000000 0.000000 -0.000000 0.000000 0.000000 -0.000000 0.000000 0.000000 26.127407 -5.130767 -18.431216 53.993944 13.770883 6.291008 -3.681929 13.548400 16.710498 3.789386 3.239885 -4.328428 -0.000000 0.000000 0.000000 -0.000000 0.000000 0.000000 -0.000000 0.000000 0.000000 -0.000000 0.000000 0.000000 -0.000000 0.000000 0.000000 -0.000000 0.000000 0.000000 -0.000000 0.000000 0.000000 -0.000000 0.000000 0.000000 -0.000000 0.000000 0.000000 -0.000000 0.000000 0.000000 -0.000000 0.000000 0.000000 -0.000000 0.000000 0.000000 -0.000000 0.000000 0.000000 -0.000000 0.000000 0.000000 -0.000000 0.000000 0.000000 -26.864464 -4.875052 9.850112 -54.209796 21.478169 -10.943861 0.649867 1.977076 -18.565395 4.700525 -2.057755 0.690391 -0.000000 0.000000 0.000000 -0.000000 0.000000 0.000000 -0.000000 0.000000 0.000000 -0.000000 0.000000 0.000000 -0.000000 0.000000 0.000000 -0.000000 0.000000 0.000000 -0.000000 0.000000 0.000000 -0.000000 0.000000 0.000000 -0.000000 0.000000 0.000000 -0.000000 0.000000 0.000000 -0.000000 0.000000 0.000000 -0.000000 0.000000 0.000000 -0.000000 0.000000 0.000000 -0.000000 0.000000 0.000000 -0.000000 0.000000 0.000000
12.155192 130.648804 1.322306 -90.448074 88.302418 -86.734151 -7.259267 -28.765093 0.095818 -3.494459 1.377821 0.895664 11.281386 17.839758 -8.880554 -19.708655 -16.372894 -14.919300 -4.010106 8.433058 1.575651 1.003053 13.894944 -18.605968 1.764182 -15.791264 4.841134 0.822934 -0.791864 -1.322762 -5.563057 8.132070 -4.326646 0.968689 -3.981744 -0.710682 2.496075 7.606783 0.126906 -3.145016 15.052271 -7.481129 9.897835 24.155100 -2.298584 -0.000000 0.000000 0.000000 -0.000000 0.000000 0.000000 -0.000000 0.000000 0.000000 26.069234 -5.150863 -18.931274 53.588403 13.289697 6.246166 -3.326090 12.902800 16.388890 4.644946 2.594188 -4.510509 -0.000000 0.000000 0.000000 -0.000000 0.000000 0.000000 -0.000000 0.000000 0.000000 -0.000000 0.000000 0.000000 -0.000000 0.000000 0.000000 -0.000000 0.000000 0.000000 -0.000000 0.000000 0.000000 -0.000000 0.000000 0.000000 -0.000000 0.000000 0.000000 -0.000000 0.000000 0.000000 -0.000000 0.000000 0.000000 -0.000000 0.000000 0.000000 -0.000000 0.000000 0.000000 -0.000000 0.000000 0.000000 -0.000000 0.000000 0.000000 -27.109994 -4.668117 10.140178 -53.493835 21.412768 -11.022910 -0.285303 2.188371 -18.310425 3.605471 -1.723837 0.493020 -0.000000 0.000000 0.000000 -0.000000 0.000000 0.000000 -0.000000 0.000000 0.000000 -0.000000 0.000000 0.000000 -0.000000 0.000000 0.000000 -0.000000 0.000000 0.000000 -0.000000 0.000000 0.000000 -0.000000 0.000000 0.000000 -0.000000 0.000000 0.000000 -0.000000 0.000000 0.000000 -0.000000 0.000000 0.000000 -0.000000 0.000000 0.000000 -0.000000 0.000000 0.000000 -0.000000 0.000000 0.000000 -0.000000 0.000000 0.000000
12.992285 133.658539 0.961158 -80.444384 88.438517 -96.118188 -7.191698 -29.164510 0.178263 -3.383277 2.310907 0.894592 11.270086 18.910885 -8.583491 -19.424003 -16.639980 -15.028738 -3.059401 9.381660 1.846392 1.568433 15.162496 -19.693444 1.081215 -15.495413 4.118984 0.922825 -1.552721 -1.415592 -5.288411 7.202628 -4.607386 0.989279 -3.626647 -0.722544 2.707635 7.511848 -0.009311 -2.843497 15.624579 -7.391932 10.076081 24.002438 -2.775873 -0.000000 0.000000 0.000000 -0.000000 0.000000 0.000000 -0.000000 0.000000 0.000000 26.019257 -5.130716 -19.400291 53.260887 12.920146 6.208440 -3.177805 12.415559 16.315073 5.353457 2.001790 -4.670496 -0.000000 0.000000 0.000000 -0.000000 0.000000 0.000000 -0.000000 0.000000 0.000000 -0.000000 0.000000 0.000000 -0.000000 0.000000 0.000000 -0.000000 0.000000 0.000000 -0.000000 0.000000 0.000000 -0.000000 0.000000 0.000000 -0.000000 0.000000 0.000000 -0.000000 0.000000 0.000000 -0.000000 0.000000 0.000000 -0.000000 0.000000 0.000000 -0.000000 0.000000 0.000000 -0.000000 0.000000 0.000000 -0.000000 0.000000 0.000000 -27.522232 -4.497489 10.404741 -52.879147 21.690688 -10.898201 -1.044981 2.264407 -17.613281 2.838402 -1.294304 0.420977 -0.000000 0.000000 0.000000 -0.000000 0.000000 0.000000 -0.000000 0.000000 0.000000 -0.000000 0.000000 0.000000 -0.000000 0.000000 0.000000 -0.000000 0.000000 0.000000 -0.000000 0.000000 0.000000 -0.000000 0.000000 0.000000 -0.000000 0.000000 0.000000 -0.000000 0.000000 0.000000 -0.000000 0.000000 0.000000 -0.000000 0.000000 0.000000 -0.000000 0.000000 0.000000 -0.000000 0.000000 0.000000 -0.000000 0.000000 0.000000
13.924578 136.748810 0.639752 -63.794913 88.640518 -112.237785 -6.717405 -29.320407 0.562007 -2.733477 4.355534 0.701150 10.901557 19.819983 -8.525396 -18.776207 -17.086849 -15.150296 -1.840161 10.163918 1.899710 2.051555 16.530080 -20.585004 0.146475 -14.419462 3.533928 1.074481 -2.495093 -1.624958 -4.888124 6.281333 -4.899701 0.895131 -3.196104 -0.744404 2.927292 7.304591 -0.078436 -2.684187 15.935492 -6.928487 10.103610 23.727205 -3.078787 -0.000000 0.000000 0.000000 -0.000000 0.000000 0.000000 -0.000000 0.000000 0.000000 25.965674 -5.028962 -19.742483 52.933331 12.621895 6.122461 -3.152794 12.025933 16.191411 6.069980 1.337442 -4.742964 -0.000000 0.000000 0.000000 -0.000000 0.000000 0.000000 -0.000000 0.000000 0.000000 -0.000000 0.000000 0.000000 -0.000000 0.000000 0.000000 -0.000000 0.000000 0.000000 -0.000000 0.000000 0.000000 -0.000000 0.000000 0.000000 -0.000000 0.000000 0.000000 -0.000000 0.000000 0.000000 -0.000000 0.000000 0.000000 -0.000000 0.000000 0.000000 -0.000000 0.000000 0.000000 -0.000000 0.000000 0.000000 -0.000000 0.000000 0.000000 -27.907152 -4.433596 10.763217 -52.335618 21.963292 -10.610125 -1.535965 2.060785 -16.682281 2.469996 -0.740831 0.308531 -0.000000 0.000000 0.000000 -0.000000 0.000000 0.000000 -0.000000 0.000000 0.000000 -0.000000 0.000000 0.000000 -0.000000 0.000000 0.000000 -0.000000 0.000000 0.000000 -0.000000 0.000000 0.000000 -0.000000 0.000000 0.000000 -0.000000 0.000000 0.000000 -0.000000 0.000000 0.000000 -0.000000 0.000000 0.000000 -0.000000 0.000000 0.000000 -0.000000 0.000000 0.000000 -0.000000 0.000000 0.000000 -0.000000 0.000000 0.000000
14.921112 139.895172 0.450088 -33.631053 88.756468 -142.036437 -5.862970 -29.894533 1.265119 -1.669101 7.684282 0.192778 10.190535 20.833834 -8.423712 -17.848666 -17.590176 -15.426263 -0.433266 10.462831 1.916423 2.658265 18.708298 -21.148724 -1.105484 -12.460885 3.048605 1.456936 -3.607814 -2.090648 -4.358315 5.599874 -5.214475 0.774278 -2.939359 -0.785826 3.116928 7.124025 -0.089309 -2.662843 16.039430 -6.397600 10.174735 23.122598 -3.352842 -0.000000 0.000000 0.000000 -0.000000 0.000000 0.000000 -0.000000 0.000000 0.000000 25.848946 -4.747732 -19.994882 52.652951 12.429999 6.199851 -3.247485 12.070889 16.244443 6.573198 0.563541 -4.672305 -0.000000 0.000000 0.000000 -0.000000 0.000000 0.000000 -0.000000 0.000000 0.000000 -0.000000 0.000000 0.000000 -0.000000 0.000000 0.000000 -0.000000 0.000000 0.000000 -0.000000 0.000000 0.000000 -0.000000 0.000000 0.000000 -0.000000 0.000000 0.000000 -0.000000 0.000000 0.000000 -0.000000 0.000000 0.000000 -0.000000 0.000000 0.000000 -0.000000 0.000000 0.000000 -0.000000 0.000000 0.000000 -0.000000 0.000000 0.000000 -28.202177 -4.431347 11.217102 -52.191227 22.208529 -10.165106 -2.018275 1.332190 -15.632637 2.265289 -0.280096 0.264190 -0.000000 0.000000 0.000000 -0.000000 0.000000 0.000000 -0.000000 0.000000 0.000000 -0.000000 0.000000 0.000000 -0.000000 0.000000 0.000000 -0.000000 0.000000 0.000000 -0.000000 0.000000 0.000000 -0.000000 0.000000 0.000000 -0.000000 0.000000 0.000000 -0.000000 0.000000 0.000000 -0.000000 0.000000 0.000000 -0.000000 0.000000 0.000000 -0.000000 0.000000 0.000000 -0.000000 0.000000 0.000000 -0.000000 0.000000 0.000000
16.005495 143.096085 0.439323 -3.564018 88.517884 -171.996741 -4.550773 -30.320401 2.310388 -0.327713 11.314721 -0.021678 8.873366 20.996915 -8.059369 -16.382245 -18.087152 -15.706547 0.973352 10.040781 1.775470 3.416917 21.695885 -21.448790 -2.561301 -9.342222 3.005646 2.036553 -4.889966 -3.058488 -3.653909 5.183343 -5.453536 0.644913 -2.876768 -0.908695 3.314521 7.026102 0.007993 -2.780785 15.956043 -6.045120 10.236082 22.403963 -3.982049 -0.000000 0.000000 0.000000 -0.000000 0.000000 0.000000 -0.000000 0.000000 0.000000 25.772572 -4.566073 -20.155079 52.274404 12.208923 6.882061 -3.505709 11.797998 16.099606 6.517823 0.133164 -4.830899 -0.000000 0.000000 0.000000 -0.000000 0.000000 0.000000 -0.000000 0.000000 0.000000 -0.000000 0.000000 0.000000 -0.000000 0.000000 0.000000 -0.000000 0.000000 0.000000 -0.000000 0.000000 0.000000 -0.000000 0.000000 0.000000 -0.000000 0.000000 0.000000 -0.000000 0.000000 0.000000 -0.000000 0.000000 0.000000 -0.000000 0.000000 0.000000 -0.000000 0.000000 0.000000 -0.000000 0.000000 0.000000 -0.000000 0.000000 0.000000 -28.364914 -4.608196 11.838546 -52.220029 22.492886 -9.643729 -2.155471 0.270295 -14.569736 2.362633 0.155993 0.869392 -0.000000 0.000000 0.000000 -0.000000 0.000000 0.000000 -0.000000 0.000000 0.000000 -0.000000 0.000000 0.000000 -0.000000 0.000000 0.000000 -0.000000 0.000000 0.000000 -0.000000 0.000000 0.000000 -0.000000 0.000000 0.000000 -0.000000 0.000000 0.000000 -0.000000 0.000000 0.000000 -0.000000 0.000000 0.000000 -0.000000 0.000000 0.000000 -0.000000 0.000000 0.000000 -0.000000 0.000000 0.000000 -0.000000 0.000000 0.000000
17.111631 149.541397 0.765714 21.092007 87.474541 164.945333 -3.196498 -31.485516 4.592698 -0.278205 12.803538 2.100432 5.755713 18.998435 -5.674906 -16.413844 -17.859788 -17.290427 2.530356 9.040554 1.319568 4.597801 25.710045 -23.367532 -5.137655 -5.525900 2.897235 3.615127 -7.567843 -4.283367 -3.231486 4.281948 -5.191196 0.186247 -3.184400 -0.819931 3.688322 7.433166 0.609999 -2.738260 18.141873 -8.041633 12.469831 26.372991 -5.504632 -0.000000 0.000000 0.000000 -0.000000 0.000000 0.000000 -0.000000 0.000000 0.000000 25.918512 -4.564503 -22.910736 54.932952 12.515393 7.029124 -5.411570 16.322100 15.276895 7.482179 1.634859 -4.915224 -0.000000 0.000000 0.000000 -0.000000 0.000000 0.000000 -0.000000 0.000000 0.000000 -0.000000 0.000000 0.000000 -0.000000 0.000000 0.000000 -0.000000 0.000000 0.000000 -0.000000 0.000000 0.000000 -0.000000 0.000000 0.000000 -0.000000 0.000000 0.000000 -0.000000 0.000000 0.000000 -0.000000 0.000000 0.000000 -0.000000 0.000000 0.000000 -0.000000 0.000000 0.000000 -0.000000 0.000000 0.000000 -0.000000 0.000000 0.000000 -29.138434 -5.204632 14.128153 -55.759189 22.999862 -8.927292 -1.238076 -1.060363 -11.065104 2.023857 -0.714954 0.561486 -0.000000 0.000000 0.000000 -0.000000 0.000000 0.000000 -0.000000 0.000000 0.000000 -0.000000 0.000000 0.000000 -0.000000 0.000000 0.000000 -0.000000 0.000000 0.000000 -0.000000 0.000000 0.000000 -0.000000 0.000000 0.000000 -0.000000 0.000000 0.000000 -0.000000 0.000000 0.000000 -0.000000 0.000000 0.000000 -0.000000 0.000000 0.000000 -0.000000 0.000000 0.000000 -0.000000 0.000000 0.000000 -0.000000 0.000000 0.000000
18.152506 152.888962 1.372414 29.542130 87.590207 155.950609 -1.557476 -30.170476 5.323712 0.346739 14.602374 3.026172 3.086697 17.041603 -4.958490 -14.643611 -17.647432 -16.908089 3.544671 5.748887 1.503147 5.116322 32.907601 -21.219428 -6.513013 -1.884196 4.306272 4.466288 -8.661120 -5.073031 -2.227930 4.162905 -4.680961 -0.274836 -2.901643 -0.835492 3.614220 7.548889 0.922188 -3.026162 17.350579 -7.801712 13.221046 26.518364 -6.092598 -0.000000 0.000000 0.000000 -0.000000 0.000000 0.000000 -0.000000 0.000000 0.000000 25.575554 -3.761928 -22.298291 55.165617 12.699899 7.810349 -5.867405 16.642285 15.163193 7.996565 0.296682 -4.846630 -0.000000 0.000000 0.000000 -0.000000 0.000000 0.000000 -0.000000 0.000000 0.000000 -0.000000 0.000000 0.000000 -0.000000 0.000000 0.000000 -0.000000 0.000000 0.000000 -0.000000 0.000000 0.000000 -0.000000 0.000000 0.000000 -0.000000 0.000000 0.000000 -0.000000 0.000000 0.000000 -0.000000 0.000000 0.000000 -0.000000 0.000000 0.000000 -0.000000 0.000000 0.000000 -0.000000 0.000000 0.000000 -0.000000 0.000000 0.000000 -29.291596 -5.114526 14.065760 -55.294313 23.005416 -8.787236 -0.842025 -2.058958 -11.281541 1.055233 -0.514576 0.901725 -0.000000 0.000000 0.000000 -0.000000 0.000000 0.000000 -0.000000 0.000000 0.000000 -0.000000 0.000000 0.000000 -0.000000 0.000000 0.000000 -0.000000 0.000000 0.000000 -0.000000 0.000000 0.000000 -0.000000 0.000000 0.000000 -0.000000 0.000000 0.000000 -0.000000 0.000000 0.000000 -0.000000 0.000000 0.000000 -0.000000 0.000000 0.000000 -0.000000 0.000000 0.000000 -0.000000 0.000000 0.000000 -0.000000 0.000000 0.000000
19.095062 156.039307 2.151825 36.859305 88.017930 148.048420 -0.398855 -27.615092 5.385561 0.787010 15.242010 4.327375 0.944777 14.256951 -4.348181 -12.912182 -17.273332 -16.661861 4.233786 1.409154 1.807597 5.038272 41.153763 -18.314590 -6.777653 -0.466959 5.857200 4.733082 -9.304065 -5.615706 -1.504775 4.398688 -3.759955 -0.622578 -2.739843 -1.087450 3.474138 7.672152 1.210357 -3.257453 16.522754 -7.799406 13.843566 26.338345 -6.219760 -0.000000 0.000000 0.000000 -0.000000 0.000000 0.000000 -0.000000 0.000000 0.000000 25.248261 -3.118615 -21.069709 55.264561 12.961519 8.652244 -6.262687 16.451757 15.705216 8.493165 -0.108245 -4.806055 -0.000000 0.000000 0.000000 -0.000000 0.000000 0.000000 -0.000000 0.000000 0.000000 -0.000000 0.000000 0.000000 -0.000000 0.000000 0.000000 -0.000000 0.000000 0.000000 -0.000000 0.000000 0.000000 -0.000000 0.000000 0.000000 -0.000000 0.000000 0.000000 -0.000000 0.000000 0.000000 -0.000000 0.000000 0.000000 -0.000000 0.000000 0.000000 -0.000000 0.000000 0.000000 -0.000000 0.000000 0.000000 -0.000000 0.000000 0.000000 -29.532935 -4.874391 13.295032 -55.064186 22.562131 -8.465305 -0.619838 -3.403276 -11.512751 -0.028938 -0.492910 1.046346 -0.000000 0.000000 0.000000 -0.000000 0.000000 0.000000 -0.000000 0.000000 0.000000 -0.000000 0.000000 0.000000 -0.000000 0.000000 0.000000 -0.000000 0.000000 0.000000 -0.000000 0.000000 0.000000 -0.000000 0.000000 0.000000 -0.000000 0.000000 0.000000 -0.000000 0.000000 0.000000 -0.000000 0.000000 0.000000 -0.000000 0.000000 0.000000 -0.000000 0.000000 0.000000 -0.000000 0.000000 0.000000 -0.000000 0.000000 0.000000
19.828403 158.902710 2.966000 43.418578 88.702886 140.850737 0.165811 -24.432317 4.889732 0.866644 14.747813 5.825403 -0.597728 11.715166 -4.124402 -11.346810 -17.147272 -16.306327 4.419648 -3.181869 2.210315 3.866037 48.240472 -14.606558 -5.498181 -2.037493 7.327611 4.409679 -9.030196 -5.940202 -1.224748 4.907543 -2.627885 -0.800116 -2.713900 -1.352407 3.343203 7.778127 1.447197 -3.323675 16.062236 -7.920170 14.088580 26.454826 -6.140747 -0.000000 0.000000 0.000000 -0.000000 0.000000 0.000000 -0.000000 0.000000 0.000000 25.060241 -2.701458 -19.691757 54.928897 12.924425 9.643089 -6.703225 16.202497 17.031182 8.314549 -0.196822 -4.985138 -0.000000 0.000000 0.000000 -0.000000 0.000000 0.000000 -0.000000 0.000000 0.000000 -0.000000 0.000000 0.000000 -0.000000 0.000000 0.000000 -0.000000 0.000000 0.000000 -0.000000 0.000000 0.000000 -0.000000 0.000000 0.000000 -0.000000 0.000000 0.000000 -0.000000 0.000000 0.000000 -0.000000 0.000000 0.000000 -0.000000 0.000000 0.000000 -0.000000 0.000000 0.000000 -0.000000 0.000000 0.000000 -0.000000 0.000000 0.000000 -29.681739 -4.614320 12.332226 -54.927232 21.911251 -8.096628 -0.452299 -4.284837 -11.866227 -0.186900 -0.680153 0.939007 -0.000000 0.000000 0.000000 -0.000000 0.000000 0.000000 -0.000000 0.000000 0.000000 -0.000000 0.000000 0.000000 -0.000000 0.000000 0.000000 -0.000000 0.000000 0.000000 -0.000000 0.000000 0.000000 -0.000000 0.000000 0.000000 -0.000000 0.000000 0.000000 -0.000000 0.000000 0.000000 -0.000000 0.000000 0.000000 -0.000000 0.000000 0.000000 -0.000000 0.000000 0.000000 -0.000000 0.000000 0.000000 -0.000000 0.000000 0.000000
20.419136 161.522720 3.762369 65.342548 89.560227 118.321664 0.366317 -20.954696 4.189581 0.759867 13.660570 7.181609 -1.496658 9.640235 -4.090126 -9.945771 -16.925630 -15.803847 4.251358 -7.572516 2.581793 1.539622 53.052926 -10.100141 -3.521597 -5.090197 8.581220 3.649676 -7.977595 -5.965643 -1.168308 5.677063 -1.455515 -0.864843 -2.775638 -1.610966 3.150800 7.839053 1.705383 -3.444565 15.759020 -7.954649 13.985670 26.259274 -5.666843 -0.000000 0.000000 0.000000 -0.000000 0.000000 0.000000 -0.000000 0.000000 0.000000 24.941582 -2.474264 -18.208472 54.295155 12.730380 10.688994 -7.178288 15.788206 19.194207 7.539248 -0.193442 -4.866579 -0.000000 0.000000 0.000000 -0.000000 0.000000 0.000000 -0.000000 0.000000 0.000000 -0.000000 0.000000 0.000000 -0.000000 0.000000 0.000000 -0.000000 0.000000 0.000000 -0.000000 0.000000 0.000000 -0.000000 0.000000 0.000000 -0.000000 0.000000 0.000000 -0.000000 0.000000 0.000000 -0.000000 0.000000 0.000000 -0.000000 0.000000 0.000000 -0.000000 0.000000 0.000000 -0.000000 0.000000 0.000000 -0.000000 0.000000 0.000000 -29.791115 -4.360078 11.321749 -54.705238 21.445637 -7.694341 -0.173284 -4.383221 -12.584041 -0.050200 -0.933310 0.640388 -0.000000 0.000000 0.000000 -0.000000 0.000000 0.000000 -0.000000 0.000000 0.000000 -0.000000 0.000000 0.000000 -0.000000 0.000000 0.000000 -0.000000 0.000000 0.000000 -0.000000 0.000000 0.000000 -0.000000 0.000000 0.000000 -0.000000 0.000000 0.000000 -0.000000 0.000000 0.000000 -0.000000 0.000000 0.000000 -0.000000 0.000000 0.000000 -0.000000 0.000000 0.000000 -0.000000 0.000000 0.000000 -0.000000 0.000000 0.000000
20.936544 163.882706 4.466043 -162.461356 89.410627 -14.494951 0.419895 -17.352916 3.259253 0.639890 12.213284 8.282921 -1.976346 7.820929 -4.181222 -8.674445 -16.644569 -15.161551 3.871597 -11.550645 2.816802 -1.410572 54.736866 -5.323714 -1.570866 -8.181208 9.796553 2.920604 -6.688932 -5.856510 -1.343652 6.679147 -0.220569 -0.909300 -2.917007 -1.822697 2.911880 7.885619 1.967891 -3.459242 15.292464 -7.905182 13.614858 25.966318 -5.143362 -0.000000 0.000000 0.000000 -0.000000 0.000000 0.000000 -0.000000 0.000000 0.000000 24.941399 -2.347319 -16.729809 53.280039 12.668837 11.981115 -7.608548 15.118974 21.476956 6.429929 -0.107697 -4.574853 -0.000000 0.000000 0.000000 -0.000000 0.000000 0.000000 -0.000000 0.000000 0.000000 -0.000000 0.000000 0.000000 -0.000000 0.000000 0.000000 -0.000000 0.000000 0.000000 -0.000000 0.000000 0.000000 -0.000000 0.000000 0.000000 -0.000000 0.000000 0.000000 -0.000000 0.000000 0.000000 -0.000000 0.000000 0.000000 -0.000000 0.000000 0.000000 -0.000000 0.000000 0.000000 -0.000000 0.000000 0.000000 -0.000000 0.000000 0.000000 -29.773714 -4.113305 10.447419 -54.237116 20.860449 -7.418592 -0.017059 -4.198420 -13.324570 0.419513 -1.384015 0.398610 -0.000000 0.000000 0.000000 -0.000000 0.000000 0.000000 -0.000000 0.000000 0.000000 -0.000000 0.000000 0.000000 -0.000000 0.000000 0.000000 -0.000000 0.000000 0.000000 -0.000000 0.000000 0.000000 -0.000000 0.000000 0.000000 -0.000000 0.000000 0.000000 -0.000000 0.000000 0.000000 -0.000000 0.000000 0.000000 -0.000000 0.000000 0.000000 -0.000000 0.000000 0.000000 -0.000000 0.000000 0.000000 -0.000000 0.000000 0.000000
21.364189 166.039322 5.104667 -148.274662 88.539648 -29.334654 0.264805 -14.259051 2.228846 0.593780 11.002406 9.041760 -1.982020 6.654310 -4.128086 -7.706341 -16.296012 -14.624077 3.341130 -15.093417 2.901513 -3.798602 53.452909 -1.469715 -0.210695 -10.290194 10.611587 2.453627 -5.294737 -5.799597 -1.614715 7.849482 0.946076 -0.922715 -3.143594 -1.927956 2.608114 7.974804 2.229332 -3.391032 14.685235 -7.970489 13.164664 25.442087 -4.764530 -0.000000 0.000000 0.000000 -0.000000 0.000000 0.000000 -0.000000 0.000000 0.000000 24.847890 -2.200065 -15.232686 52.161517 12.645936 13.510823 -7.953666 14.508319 24.056508 5.454026 0.047436 -4.050362 -0.000000 0.000000 0.000000 -0.000000 0.000000 0.000000 -0.000000 0.000000 0.000000 -0.000000 0.000000 0.000000 -0.000000 0.000000 0.000000 -0.000000 0.000000 0.000000 -0.000000 0.000000 0.000000 -0.000000 0.000000 0.000000 -0.000000 0.000000 0.000000 -0.000000 0.000000 0.000000 -0.000000 0.000000 0.000000 -0.000000 0.000000 0.000000 -0.000000 0.000000 0.000000 -0.000000 0.000000 0.000000 -0.000000 0.000000 0.000000 -29.671509 -3.943562 9.642690 -53.781509 20.415720 -7.114399 -0.013341 -3.877189 -14.432112 0.781229 -1.927368 0.127942 -0.000000 0.000000 0.000000 -0.000000 0.000000 0.000000 -0.000000 0.000000 0.000000 -0.000000 0.000000 0.000000 -0.000000 0.000000 0.000000 -0.000000 0.000000 0.000000 -0.000000 0.000000 0.000000 -0.000000 0.000000 0.000000 -0.000000 0.000000 0.000000 -0.000000 0.000000 0.000000 -0.000000 0.000000 0.000000 -0.000000 0.000000 0.000000 -0.000000 0.000000 0.000000 -0.000000 0.000000 0.000000 -0.000000 0.000000 0.000000
21.703192 168.091125 5.612334 -143.754597 87.711338 -34.465740 -0.004158 -11.331726 1.155682 0.638821 9.877804 9.783961 -1.606512 5.719799 -4.041701 -7.054421 -15.850073 -14.142030 2.535574 -17.757087 2.633850 -4.953413 48.918804 0.741173 0.116940 -11.167095 11.027605 2.573270 -4.062650 -5.922501 -1.910530 8.947110 1.982878 -0.925658 -3.339003 -1.981126 2.306724 7.977499 2.450697 -3.323880 13.996718 -8.220036 12.695229 25.108780 -4.685100 -0.000000 0.000000 0.000000 -0.000000 0.000000 0.000000 -0.000000 0.000000 0.000000 24.720048 -2.051043 -14.017869 51.036842 12.659939 14.895858 -8.519286 13.524231 26.542650 4.481263 0.406065 -3.550101 -0.000000 0.000000 0.000000 -0.000000 0.000000 0.000000 -0.000000 0.000000 0.000000 -0.000000 0.000000 0.000000 -0.000000 0.000000 0.000000 -0.000000 0.000000 0.000000 -0.000000 0.000000 0.000000 -0.000000 0.000000 0.000000 -0.000000 0.000000 0.000000 -0.000000 0.000000 0.000000 -0.000000 0.000000 0.000000 -0.000000 0.000000 0.000000 -0.000000 0.000000 0.000000 -0.000000 0.000000 0.000000 -0.000000 0.000000 0.000000 -29.489150 -3.829488 9.094820 -53.429005 20.163475 -6.590196 0.156812 -3.264767 -15.608917 1.197286 -2.013938 0.101972 -0.000000 0.000000 0.000000 -0.000000 0.000000 0.000000 -0.000000 0.000000 0.000000 -0.000000 0.000000 0.000000 -0.000000 0.000000 0.000000 -0.000000 0.000000 0.000000 -0.000000 0.000000 0.000000 -0.000000 0.000000 0.000000 -0.000000 0.000000 0.000000 -0.000000 0.000000 0.000000 -0.000000 0.000000 0.000000 -0.000000 0.000000 0.000000 -0.000000 0.000000 0.000000 -0.000000 0.000000 0.000000 -0.000000 0.000000 0.000000
21.971687 173.301361 6.185539 -139.980586 87.588708 -37.019238 0.744585 -9.254262 1.349307 0.096745 8.614729 11.375406 -3.605859 3.046231 -3.677153 -6.154355 -16.018568 -14.556828 1.502030 -21.864275 1.068775 -5.191538 46.116364 0.751881 -1.604688 -12.482148 10.633026 4.132446 -3.369608 -6.938424 -2.562758 10.098795 3.553135 -1.058991 -4.515021 -2.226549 2.089810 8.371653 3.066930 -4.071390 17.129615 -7.500202 12.916765 28.743607 -4.548514 -0.000000 0.000000 0.000000 -0.000000 0.000000 0.000000 -0.000000 0.000000 0.000000 24.902586 -3.169615 -16.477186 53.354734 13.616521 15.035521 -9.280878 15.802420 29.500425 2.428233 3.444293 -3.223152 -0.000000 0.000000 0.000000 -0.000000 0.000000 0.000000 -0.000000 0.000000 0.000000 -0.000000 0.000000 0.000000 -0.000000 0.000000 0.000000 -0.000000 0.000000 0.000000 -0.000000 0.000000 0.000000 -0.000000 0.000000 0.000000 -0.000000 0.000000 0.000000 -0.000000 0.000000 0.000000 -0.000000 0.000000 0.000000 -0.000000 0.000000 0.000000 -0.000000 0.000000 0.000000 -0.000000 0.000000 0.000000 -0.000000 0.000000 0.000000 -29.427687 -5.028318 11.425071 -56.516777 19.826805 -5.548001 -0.747628 -4.397215 -12.879944 2.648114 -1.108757 -0.378455 -0.000000 0.000000 0.000000 -0.000000 0.000000 0.000000 -0.000000 0.000000 0.000000 -0.000000 0.000000 0.000000 -0.000000 0.000000 0.000000 -0.000000 0.000000 0.000000 -0.000000 0.000000 0.000000 -0.000000 0.000000 0.000000 -0.000000 0.000000 0.000000 -0.000000 0.000000 0.000000 -0.000000 0.000000 0.000000 -0.000000 0.000000 0.000000 -0.000000 0.000000 0.000000 -0.000000 0.000000 0.000000 -0.000000 0.000000 0.000000
22.364120 175.249939 6.446769 -142.607195 87.195137 -34.765854 1.052330 -7.243486 0.425948 0.140351 8.048792 10.978283 -3.926668 2.172647 -3.606953 -5.475795 -15.259777 -14.125840 1.079750 -22.611672 0.800209 -4.865487 37.818301 0.968649 -3.150673 -11.338206 10.733573 5.563437 -2.587494 -7.484530 -2.621510 10.407051 3.918869 -1.351181 -4.308082 -1.888714 1.630461 8.467873 3.209326 -4.142180 16.601407 -7.292984 12.722893 29.234136 -4.278787 -0.000000 0.000000 0.000000 -0.000000 0.000000 0.000000 -0.000000 0.000000 0.000000 24.576125 -3.102027 -15.356263 52.703468 13.830920 16.175024 -8.872855 15.422865 30.110375 1.455741 3.668079 -2.870347 -0.000000 0.000000 0.000000 -0.000000 0.000000 0.000000 -0.000000 0.000000 0.000000 -0.000000 0.000000 0.000000 -0.000000 0.000000 0.000000 -0.000000 0.000000 0.000000 -0.000000 0.000000 0.000000 -0.000000 0.000000 0.000000 -0.000000 0.000000 0.000000 -0.000000 0.000000 0.000000 -0.000000 0.000000 0.000000 -0.000000 0.000000 0.000000 -0.000000 0.000000 0.000000 -0.000000 0.000000 0.000000 -0.000000 0.000000 0.000000 -29.315050 -5.108224 10.806217 -55.403860 19.622625 -5.802949 -1.192457 -4.628855 -13.424019 3.095856 -0.699005 -0.254012 -0.000000 0.000000 0.000000 -0.000000 0.000000 0.000000 -0.000000 0.000000 0.000000 -0.000000 0.000000 0.000000 -0.000000 0.000000 0.000000 -0.000000 0.000000 0.000000 -0.000000 0.000000 0.000000 -0.000000 0.000000 0.000000 -0.000000 0.000000 0.000000 -0.000000 0.000000 0.000000 -0.000000 0.000000 0.000000 -0.000000 0.000000 0.000000 -0.000000 0.000000 0.000000 -0.000000 0.000000 0.000000 -0.000000 0.000000 0.000000
22.828007 177.015884 6.640708 -147.665113 87.040940 -29.840642 1.596304 -5.594774 -0.509850 0.276506 7.960429 10.331073 -4.341429 1.299160 -3.299749 -4.630609 -14.482729 -13.898145 0.983577 -22.812582 0.965289 -4.304621 29.139667 0.763547 -5.023470 -9.662322 10.569917 7.225571 -2.005249 -8.206963 -2.561212 10.776396 3.999472 -1.511210 -4.197733 -1.678280 1.178962 8.491479 3.257632 -4.231708 15.919540 -6.881142 12.471087 29.572292 -3.578853 -0.000000 0.000000 0.000000 -0.000000 0.000000 0.000000 -0.000000 0.000000 0.000000 24.165860 -3.197036 -14.372747 52.039209 14.034073 17.257540 -8.446052 14.894152 30.854063 0.582372 4.417592 -2.619953 -0.000000 0.000000 0.000000 -0.000000 0.000000 0.000000 -0.000000 0.000000 0.000000 -0.000000 0.000000 0.000000 -0.000000 0.000000 0.000000 -0.000000 0.000000 0.000000 -0.000000 0.000000 0.000000 -0.000000 0.000000 0.000000 -0.000000 0.000000 0.000000 -0.000000 0.000000 0.000000 -0.000000 0.000000 0.000000 -0.000000 0.000000 0.000000 -0.000000 0.000000 0.000000 -0.000000 0.000000 0.000000 -0.000000 0.000000 0.000000 -29.171921 -5.229457 10.087026 -54.535760 19.530946 -5.967984 -1.748016 -5.020026 -14.110277 3.526905 0.097154 -0.197799 -0.000000 0.000000 0.000000 -0.000000 0.000000 0.000000 -0.000000 0.000000 0.000000 -0.000000 0.000000 0.000000 -0.000000 0.000000 0.000000 -0.000000 0.000000 0.000000 -0.000000 0.000000 0.000000 -0.000000 0.000000 0.000000 -0.000000 0.000000 0.000000 -0.000000 0.000000 0.000000 -0.000000 0.000000 0.000000 -0.000000 0.000000 0.000000 -0.000000 0.000000 0.000000 -0.000000 0.000000 0.000000 -0.000000 0.000000 0.000000
23.316347 178.734711 6.680323 -154.766253 87.051947 -22.786151 2.351686 -4.249394 -1.412455 0.472493 8.257275 9.575261 -4.999706 0.495669 -3.015489 -3.770002 -13.691740 -13.604488 1.087870 -22.647031 1.302247 -3.763343 20.954235 0.581316 -6.755509 -7.766674 10.347262 8.896104 -1.579623 -8.840115 -2.433441 11.020314 3.984669 -1.571056 -4.107289 -1.464536 0.808770 8.445825 3.298935 -4.254759 15.417331 -6.419250 12.087931 29.636024 -2.857220 -0.000000 0.000000 0.000000 -0.000000 0.000000 0.000000 -0.000000 0.000000 0.000000 23.694938 -3.177496 -13.582952 51.403744 13.956917 18.174814 -8.172184 14.471273 31.689893 -0.235944 5.596693 -2.516796 -0.000000 0.000000 0.000000 -0.000000 0.000000 0.000000 -0.000000 0.000000 0.000000 -0.000000 0.000000 0.000000 -0.000000 0.000000 0.000000 -0.000000 0.000000 0.000000 -0.000000 0.000000 0.000000 -0.000000 0.000000 0.000000 -0.000000 0.000000 0.000000 -0.000000 0.000000 0.000000 -0.000000 0.000000 0.000000 -0.000000 0.000000 0.000000 -0.000000 0.000000 0.000000 -0.000000 0.000000 0.000000 -0.000000 0.000000 0.000000 -28.889127 -5.268346 9.384198 -53.865824 19.220373 -6.066629 -2.195918 -5.464087 -14.649835 3.848479 0.964189 0.018386 -0.000000 0.000000 0.000000 -0.000000 0.000000 0.000000 -0.000000 0.000000 0.000000 -0.000000 0.000000 0.000000 -0.000000 0.000000 0.000000 -0.000000 0.000000 0.000000 -0.000000 0.000000 0.000000 -0.000000 0.000000 0.000000 -0.000000 0.000000 0.000000 -0.000000 0.000000 0.000000 -0.000000 0.000000 0.000000 -0.000000 0.000000 0.000000 -0.000000 0.000000 0.000000 -0.000000 0.000000 0.000000 -0.000000 0.000000 0.000000
23.813707 180.406647 6.602567 -165.236870 87.107576 -12.240241 3.270709 -3.110929 -2.182572 0.800542 8.866588 8.817057 -5.724016 -0.337699 -2.742823 -2.888156 -12.921389 -13.362142 1.375304 -22.297980 1.861733 -3.266160 13.894348 0.569013 -8.237145 -5.736322 10.200329 10.252242 -1.252575 -9.212643 -2.234100 11.207557 3.859799 -1.643796 -3.992991 -1.232269 0.545102 8.271035 3.336338 -4.247064 15.111820 -5.675259 11.672957 29.520852 -2.020873 -0.000000 0.000000 0.000000 -0.000000 0.000000 0.000000 -0.000000 0.000000 0.000000 23.369839 -3.011179 -12.788922 50.843461 13.796455 18.863803 -8.061396 14.103147 32.839944 -0.843637 6.594791 -2.415415 -0.000000 0.000000 0.000000 -0.000000 0.000000 0.000000 -0.000000 0.000000 0.000000 -0.000000 0.000000 0.000000 -0.000000 0.000000 0.000000 -0.000000 0.000000 0.000000 -0.000000 0.000000 0.000000 -0.000000 0.000000 0.000000 -0.000000 0.000000 0.000000 -0.000000 0.000000 0.000000 -0.000000 0.000000 0.000000 -0.000000 0.000000 0.000000 -0.000000 0.000000 0.000000 -0.000000 0.000000 0.000000 -0.000000 0.000000 0.000000 -28.793510 -5.215008 8.630440 -53.281617 19.143521 -6.149326 -2.291454 -5.722386 -15.467105 3.885449 1.769695 0.228075 -0.000000 0.000000 0.000000 -0.000000 0.000000 0.000000 -0.000000 0.000000 0.000000 -0.000000 0.000000 0.000000 -0.000000 0.000000 0.000000 -0.000000 0.000000 0.000000 -0.000000 0.000000 0.000000 -0.000000 0.000000 0.000000 -0.000000 0.000000 0.000000 -0.000000 0.000000 0.000000 -0.000000 0.000000 0.000000 -0.000000 0.000000 0.000000 -0.000000 0.000000 0.000000 -0.000000 0.000000 0.000000 -0.000000 0.000000 0.000000
24.268961 182.022476 6.438150 -177.787802 86.994708 0.347159 4.212596 -1.975335 -2.884847 1.271181 9.463204 8.229664 -6.327231 -1.192576 -2.565282 -1.889925 -12.294843 -13.144643 1.767346 -21.867858 2.455898 -2.781945 8.632970 0.852896 -9.160467 -4.049233 10.270196 11.091131 -1.079828 -9.413702 -2.139236 11.423374 3.771127 -1.701240 -3.787230 -1.075774 0.444355 8.064746 3.335815 -4.133320 14.878015 -4.779283 11.268069 29.157726 -1.267671 -0.000000 0.000000 0.000000 -0.000000 0.000000 0.000000 -0.000000 0.000000 0.000000 23.259569 -2.692523 -12.084751 50.146721 13.561301 19.305617 -8.088876 13.852084 33.944344 -1.066290 7.336814 -2.307712 -0.000000 0.000000 0.000000 -0.000000 0.000000 0.000000 -0.000000 0.000000 0.000000 -0.000000 0.000000 0.000000 -0.000000 0.000000 0.000000 -0.000000 0.000000 0.000000 -0.000000 0.000000 0.000000 -0.000000 0.000000 0.000000 -0.000000 0.000000 0.000000 -0.000000 0.000000 0.000000 -0.000000 0.000000 0.000000 -0.000000 0.000000 0.000000 -0.000000 0.000000 0.000000 -0.000000 0.000000 0.000000 -0.000000 0.000000 0.000000 -28.726518 -5.025122 7.999253 -52.673002 19.054982 -6.199421 -2.085762 -5.794296 -16.068294 3.861884 2.452402 0.490083 -0.000000 0.000000 0.000000 -0.000000 0.000000 0.000000 -0.000000 0.000000 0.000000 -0.000000 0.000000 0.000000 -0.000000 0.000000 0.000000 -0.000000 0.000000 0.000000 -0.000000 0.000000 0.000000 -0.000000 0.000000 0.000000 -0.000000 0.000000 0.000000 -0.000000 0.000000 0.000000 -0.000000 0.000000 0.000000 -0.000000 0.000000 0.000000 -0.000000 0.000000 0.000000 -0.000000 0.000000 0.000000 -0.000000 0.000000 0.000000
24.638069 183.599228 6.298472 171.686780 86.770062 10.886550 4.918366 -1.122291 -3.485696 1.773149 10.202012 7.930550 -6.583400 -1.781091 -2.313823 -1.202113 -12.100289 -13.064919 2.134334 -21.863441 3.015903 -2.374715 5.738645 1.177966 -9.565271 -2.733928 10.414215 11.472294 -1.040404 -9.577825 -2.217317 11.781577 3.788466 -1.735897 -3.592311 -0.964519 0.400995 7.855264 3.341564 -3.934664 14.721393 -4.091049 11.089822 28.529499 -0.923273 -0.000000 0.000000 0.000000 -0.000000 0.000000 0.000000 -0.000000 0.000000 0.000000 23.300219 -2.361130 -11.570437 49.675532 13.358316 19.550335 -8.191958 13.806585 35.052062 -0.937195 7.670893 -2.293214 -0.000000 0.000000 0.000000 -0.000000 0.000000 0.000000 -0.000000 0.000000 0.000000 -0.000000 0.000000 0.000000 -0.000000 0.000000 0.000000 -0.000000 0.000000 0.000000 -0.000000 0.000000 0.000000 -0.000000 0.000000 0.000000 -0.000000 0.000000 0.000000 -0.000000 0.000000 0.000000 -0.000000 0.000000 0.000000 -0.000000 0.000000 0.000000 -0.000000 0.000000 0.000000 -0.000000 0.000000 0.000000 -0.000000 0.000000 0.000000 -28.719363 -4.818006 7.491907 -52.380922 19.029254 -6.257167 -1.779677 -6.005638 -16.404991 3.638076 2.928232 0.783272 -0.000000 0.000000 0.000000 -0.000000 0.000000 0.000000 -0.000000 0.000000 0.000000 -0.000000 0.000000 0.000000 -0.000000 0.000000 0.000000 -0.000000 0.000000 0.000000 -0.000000 0.000000 0.000000 -0.000000 0.000000 0.000000 -0.000000 0.000000 0.000000 -0.000000 0.000000 0.000000 -0.000000 0.000000 0.000000 -0.000000 0.000000 0.000000 -0.000000 0.000000 0.000000 -0.000000 0.000000 0.000000 -0.000000 0.000000 0.000000
24.899982 185.184021 6.258682 164.932032 86.523029 17.610027 5.368405 -0.447316 -3.888479 2.122481 11.010982 7.917160 -6.485971 -2.017133 -2.057316 -0.907503 -12.324775 -13.038029 2.363406 -21.858332 3.290703 -2.110794 4.583779 1.394604 -9.798844 -1.552368 10.543425 11.793757 -1.241710 -9.773852 -2.442905 12.139912 3.909709 -1.746387 -3.384816 -0.883276 0.405509 7.644974 3.379092 -3.770712 14.462790 -3.814924 11.086767 28.127830 -1.042366 -0.000000 0.000000 0.000000 -0.000000 0.000000 0.000000 -0.000000 0.000000 0.000000 23.486677 -2.169826 -11.130024 49.387897 13.262411 19.413250 -8.250535 13.750315 35.465440 -1.030126 7.971399 -2.422013 -0.000000 0.000000 0.000000 -0.000000 0.000000 0.000000 -0.000000 0.000000 0.000000 -0.000000 0.000000 0.000000 -0.000000 0.000000 0.000000 -0.000000 0.000000 0.000000 -0.000000 0.000000 0.000000 -0.000000 0.000000 0.000000 -0.000000 0.000000 0.000000 -0.000000 0.000000 0.000000 -0.000000 0.000000 0.000000 -0.000000 0.000000 0.000000 -0.000000 0.000000 0.000000 -0.000000 0.000000 0.000000 -0.000000 0.000000 0.000000 -28.722153 -4.689139 7.032358 -52.311606 19.175914 -6.119568 -1.473764 -6.143569 -16.472438 3.588948 3.447360 1.071354 -0.000000 0.000000 0.000000 -0.000000 0.000000 0.000000 -0.000000 0.000000 0.000000 -0.000000 0.000000 0.000000 -0.000000 0.000000 0.000000 -0.000000 0.000000 0.000000 -0.000000 0.000000 0.000000 -0.000000 0.000000 0.000000 -0.000000 0.000000 0.000000 -0.000000 0.000000 0.000000 -0.000000 0.000000 0.000000 -0.000000 0.000000 0.000000 -0.000000 0.000000 0.000000 -0.000000 0.000000 0.000000 -0.000000 0.000000 0.000000
25.068007 189.814713 6.398828 151.280930 86.896063 33.185138 8.349100 0.827237 -2.284904 0.707591 9.095978 10.500699 -9.417651 -5.483377 -2.510834 0.678842 -12.662371 -13.843565 1.964273 -23.540371 1.462492 -1.894068 3.725571 -0.546140 -12.574991 -1.182108 9.926677 14.904478 -1.582805 -11.678416 -3.288539 12.015019 4.861019 -2.043680 -4.644825 -1.298038 0.771464 8.760980 4.006403 -3.897860 18.260212 -4.221482 12.986098 32.120348 -3.586124 -0.000000 0.000000 0.000000 -0.000000 0.000000 0.000000 -0.000000 0.000000 0.000000 24.685379 -2.169862 -14.005080 52.286597 14.691764 19.562722 -10.254258 17.480969 36.335732 -1.291010 8.770631 -1.635584 -0.000000 0.000000 0.000000 -0.000000 0.000000 0.000000 -0.000000 0.000000 0.000000 -0.000000 0.000000 0.000000 -0.000000 0.000000 0.000000 -0.000000 0.000000 0.000000 -0.000000 0.000000 0.000000 -0.000000 0.000000 0.000000 -0.000000 0.000000 0.000000 -0.000000 0.000000 0.000000 -0.000000 0.000000 0.000000 -0.000000 0.000000 0.000000 -0.000000 0.000000 0.000000 -0.000000 0.000000 0.000000 -0.000000 0.000000 0.000000 -28.792011 -6.020248 10.149156 -55.153695 19.569009 -6.106534 -1.099344 -6.411888 -14.139237 6.179596 1.702232 0.016307 -0.000000 0.000000 0.000000 -0.000000 0.000000 0.000000 -0.000000 0.000000 0.000000 -0.000000 0.000000 0.000000 -0.000000 0.000000 0.000000 -0.000000 0.000000 0.000000 -0.000000 0.000000 0.000000 -0.000000 0.000000 0.000000 -0.000000 0.000000 0.000000 -0.000000 0.000000 0.000000 -0.000000 0.000000 0.000000 -0.000000 0.000000 0.000000 -0.000000 0.000000 0.000000 -0.000000 0.000000 0.000000 -0.000000 0.000000 0.000000
25.308743 191.762680 6.168150 147.495167 87.127420 36.513114 8.990113 0.953985 -2.039005 0.163911 10.593746 10.774601 -10.786880 -6.969094 -3.528152 1.174076 -12.571146 -13.752646 2.143626 -23.484992 1.397021 -2.095686 3.559085 -1.220508 -13.689260 -1.097976 9.598438 15.949227 -1.987714 -11.906971 -3.587554 11.383279 4.869978 -2.367200 -4.486490 -1.237971 0.708183 8.871270 3.989500 -3.631233 18.332157 -4.481660 13.346060 31.997516 -4.405418 -0.000000 0.000000 0.000000 -0.000000 0.000000 0.000000 -0.000000 0.000000 0.000000 24.699699 -1.765859 -13.635769 53.170070 14.789902 19.155969 -10.286330 17.856887 34.765158 -0.676321 7.423052 -1.664156 -0.000000 0.000000 0.000000 -0.000000 0.000000 0.000000 -0.000000 0.000000 0.000000 -0.000000 0.000000 0.000000 -0.000000 0.000000 0.000000 -0.000000 0.000000 0.000000 -0.000000 0.000000 0.000000 -0.000000 0.000000 0.000000 -0.000000 0.000000 0.000000 -0.000000 0.000000 0.000000 -0.000000 0.000000 0.000000 -0.000000 0.000000 0.000000 -0.000000 0.000000 0.000000 -0.000000 0.000000 0.000000 -0.000000 0.000000 0.000000 -28.842123 -5.737148 9.868278 -54.216337 19.459823 -6.238909 -1.146124 -5.949915 -15.087720 5.771485 0.745405 -0.071280 -0.000000 0.000000 0.000000 -0.000000 0.000000 0.000000 -0.000000 0.000000 0.000000 -0.000000 0.000000 0.000000 -0.000000 0.000000 0.000000 -0.000000 0.000000 0.000000 -0.000000 0.000000 0.000000 -0.000000 0.000000 0.000000 -0.000000 0.000000 0.000000 -0.000000 0.000000 0.000000 -0.000000 0.000000 0.000000 -0.000000 0.000000 0.000000 -0.000000 0.000000 0.000000 -0.000000 0.000000 0.000000 -0.000000 0.000000 0.000000
25.567493 193.758636 5.993034 142.489837 87.423372 41.137560 9.534220 0.693525 -1.688510 -0.235123 12.590552 11.042673 -11.694509 -8.026835 -4.103899 1.510192 -12.771970 -13.694816 2.287803 -23.787339 1.191048 -2.349661 4.548553 -1.789585 -14.414923 -1.274383 9.174802 16.695785 -2.434182 -12.042072 -3.964913 10.848433 4.832081 -2.653059 -4.337214 -1.325265 0.705777 8.992787 3.890366 -3.507976 18.421501 -4.531409 13.815954 31.950221 -5.174033 -0.000000 0.000000 0.000000 -0.000000 0.000000 0.000000 -0.000000 0.000000 0.000000 24.711933 -1.518327 -13.387465 53.851481 14.987952 18.526798 -10.411270 17.797060 33.511356 -0.147007 6.520822 -1.604033 -0.000000 0.000000 0.000000 -0.000000 0.000000 0.000000 -0.000000 0.000000 0.000000 -0.000000 0.000000 0.000000 -0.000000 0.000000 0.000000 -0.000000 0.000000 0.000000 -0.000000 0.000000 0.000000 -0.000000 0.000000 0.000000 -0.000000 0.000000 0.000000 -0.000000 0.000000 0.000000 -0.000000 0.000000 0.000000 -0.000000 0.000000 0.000000 -0.000000 0.000000 0.000000 -0.000000 0.000000 0.000000 -0.000000 0.000000 0.000000 -28.927400 -5.490541 9.508127 -53.054803 19.534066 -6.577841 -1.324630 -5.504459 -16.522722 5.518529 -0.161914 -0.511623 -0.000000 0.000000 0.000000 -0.000000 0.000000 0.000000 -0.000000 0.000000 0.000000 -0.000000 0.000000 0.000000 -0.000000 0.000000 0.000000 -0.000000 0.000000 0.000000 -0.000000 0.000000 0.000000 -0.000000 0.000000 0.000000 -0.000000 0.000000 0.000000 -0.000000 0.000000 0.000000 -0.000000 0.000000 0.000000 -0.000000 0.000000 0.000000 -0.000000 0.000000 0.000000 -0.000000 0.000000 0.000000 -0.000000 0.000000 0.000000
25.842651 195.882797 5.927741 133.305892 87.774803 49.932225 9.823198 0.010469 -1.266717 -0.203958 15.297565 11.010367 -11.505373 -7.875692 -3.998201 1.572134 -13.596109 -13.642101 2.348711 -24.049560 0.886734 -2.478057 6.165951 -2.103373 -14.518746 -1.489652 8.826298 17.035634 -2.787653 -12.051781 -4.406679 10.314600 4.754797 -2.838503 -4.165154 -1.409419 0.782770 9.023818 3.739002 -3.413005 18.370821 -4.527922 14.265766 31.812060 -5.677139 -0.000000 0.000000 0.000000 -0.000000 0.000000 0.000000 -0.000000 0.000000 0.000000 24.673218 -1.319765 -13.248055 54.281337 15.107218 17.660122 -10.626761 17.842071 32.762611 0.323887 5.977367 -1.535625 -0.000000 0.000000 0.000000 -0.000000 0.000000 0.000000 -0.000000 0.000000 0.000000 -0.000000 0.000000 0.000000 -0.000000 0.000000 0.000000 -0.000000 0.000000 0.000000 -0.000000 0.000000 0.000000 -0.000000 0.000000 0.000000 -0.000000 0.000000 0.000000 -0.000000 0.000000 0.000000 -0.000000 0.000000 0.000000 -0.000000 0.000000 0.000000 -0.000000 0.000000 0.000000 -0.000000 0.000000 0.000000 -0.000000 0.000000 0.000000 -28.884121 -5.277624 9.107793 -51.935784 19.536300 -7.128810 -1.600203 -5.279917 -17.807191 5.327127 -1.117252 -0.888420 -0.000000 0.000000 0.000000 -0.000000 0.000000 0.000000 -0.000000 0.000000 0.000000 -0.000000 0.000000 0.000000 -0.000000 0.000000 0.000000 -0.000000 0.000000 0.000000 -0.000000 0.000000 0.000000 -0.000000 0.000000 0.000000 -0.000000 0.000000 0.000000 -0.000000 0.000000 0.000000 -0.000000 0.000000 0.000000 -0.000000 0.000000 0.000000 -0.000000 0.000000 0.000000 -0.000000 0.000000 0.000000 -0.000000 0.000000 0.000000
26.111231 198.196701 5.966784 119.457017 88.085004 63.403097 9.743791 -1.304979 -0.834140 0.369748 19.181550 10.656108 -10.181945 -6.502308 -3.056754 1.255259 -15.011100 -13.489842 2.265959 -24.108050 0.541978 -2.477713 8.195942 -2.203282 -13.994336 -1.640436 8.594116 16.946951 -3.060916 -11.832506 -4.859200 10.070946 4.612627 -2.933999 -4.096956 -1.452113 0.898743 8.930059 3.533249 -3.378573 18.290180 -4.213608 14.576731 31.575069 -5.873128 -0.000000 0.000000 0.000000 -0.000000 0.000000 0.000000 -0.000000 0.000000 0.000000 24.639421 -1.159454 -13.084166 54.428474 15.197772 16.666572 -11.010933 17.767612 32.547532 0.644844 5.613890 -1.358687 -0.000000 0.000000 0.000000 -0.000000 0.000000 0.000000 -0.000000 0.000000 0.000000 -0.000000 0.000000 0.000000 -0.000000 0.000000 0.000000 -0.000000 0.000000 0.000000 -0.000000 0.000000 0.000000 -0.000000 0.000000 0.000000 -0.000000 0.000000 0.000000 -0.000000 0.000000 0.000000 -0.000000 0.000000 0.000000 -0.000000 0.000000 0.000000 -0.000000 0.000000 0.000000 -0.000000 0.000000 0.000000 -0.000000 0.000000 0.000000 -28.750063 -5.037554 8.675600 -50.971562 19.541548 -7.542326 -1.816108 -5.179551 -19.002450 5.030151 -2.064867 -1.092975 -0.000000 0.000000 0.000000 -0.000000 0.000000 0.000000 -0.000000 0.000000 0.000000 -0.000000 0.000000 0.000000 -0.000000 0.000000 0.000000 -0.000000 0.000000 0.000000 -0.000000 0.000000 0.000000 -0.000000 0.000000 0.000000 -0.000000 0.000000 0.000000 -0.000000 0.000000 0.000000 -0.000000 0.000000 0.000000 -0.000000 0.000000 0.000000 -0.000000 0.000000 0.000000 -0.000000 0.000000 0.000000 -0.000000 0.000000 0.000000
26.371277 200.642105 6.049531 101.625836 88.282796 80.615118 9.234143 -3.390076 -0.354269 1.588249 24.403922 9.780452 -7.838723 -3.658417 -1.501774 0.640478 -17.007346 -13.283374 2.117264 -23.848851 0.322787 -2.394937 10.341390 -2.228912 -12.781991 -1.867605 8.671006 16.646938 -3.377723 -11.583562 -5.375613 10.043502 4.462521 -3.007559 -3.986547 -1.409962 1.035226 8.779280 3.349116 -3.283395 18.076944 -3.710974 14.716227 31.166007 -5.854116 -0.000000 0.000000 0.000000 -0.000000 0.000000 0.000000 -0.000000 0.000000 0.000000 24.554242 -0.976258 -12.933904 54.313698 15.244724 15.829769 -11.191882 17.536023 32.485787 1.000302 5.521076 -1.293250 -0.000000 0.000000 0.000000 -0.000000 0.000000 0.000000 -0.000000 0.000000 0.000000 -0.000000 0.000000 0.000000 -0.000000 0.000000 0.000000 -0.000000 0.000000 0.000000 -0.000000 0.000000 0.000000 -0.000000 0.000000 0.000000 -0.000000 0.000000 0.000000 -0.000000 0.000000 0.000000 -0.000000 0.000000 0.000000 -0.000000 0.000000 0.000000 -0.000000 0.000000 0.000000 -0.000000 0.000000 0.000000 -0.000000 0.000000 0.000000 -28.418890 -4.737223 8.355063 -50.137510 19.258104 -7.762295 -2.002393 -5.139767 -19.962243 4.816396 -2.834697 -1.101775 -0.000000 0.000000 0.000000 -0.000000 0.000000 0.000000 -0.000000 0.000000 0.000000 -0.000000 0.000000 0.000000 -0.000000 0.000000 0.000000 -0.000000 0.000000 0.000000 -0.000000 0.000000 0.000000 -0.000000 0.000000 0.000000 -0.000000 0.000000 0.000000 -0.000000 0.000000 0.000000 -0.000000 0.000000 0.000000 -0.000000 0.000000 0.000000 -0.000000 0.000000 0.000000 -0.000000 0.000000 0.000000 -0.000000 0.000000 0.000000
26.619652 203.128098 6.234695 81.876814 88.355050 99.472992 8.306039 -6.575463 -0.039977 3.437630 31.056480 8.252473 -4.921901 0.632840 0.597453 -0.374141 -19.362740 -13.133987 1.963595 -23.573725 0.337522 -2.369031 12.684464 -2.001673 -11.142085 -2.140028 8.847637 16.134604 -3.738551 -11.267715 -5.876956 10.529857 4.302689 -3.084457 -3.933762 -1.227032 1.081149 8.542742 3.286325 -3.093921 17.629034 -3.227232 14.507788 30.386524 -5.572929 -0.000000 0.000000 0.000000 -0.000000 0.000000 0.000000 -0.000000 0.000000 0.000000 24.395557 -0.764421 -12.524702 53.915300 15.327014 15.212694 -11.158262 17.332274 32.512764 1.216705 5.642966 -1.373971 -0.000000 0.000000 0.000000 -0.000000 0.000000 0.000000 -0.000000 0.000000 0.000000 -0.000000 0.000000 0.000000 -0.000000 0.000000 0.000000 -0.000000 0.000000 0.000000 -0.000000 0.000000 0.000000 -0.000000 0.000000 0.000000 -0.000000 0.000000 0.000000 -0.000000 0.000000 0.000000 -0.000000 0.000000 0.000000 -0.000000 0.000000 0.000000 -0.000000 0.000000 0.000000 -0.000000 0.000000 0.000000 -0.000000 0.000000 0.000000 -27.961342 -4.315928 7.823522 -49.501246 18.808961 -8.061898 -2.341559 -5.235097 -20.769481 4.647580 -3.622358 -0.964380 -0.000000 0.000000 0.000000 -0.000000 0.000000 0.000000 -0.000000 0.000000 0.000000 -0.000000 0.000000 0.000000 -0.000000 0.000000 0.000000 -0.000000 0.000000 0.000000 -0.000000 0.000000 0.000000 -0.000000 0.000000 0.000000 -0.000000 0.000000 0.000000 -0.000000 0.000000 0.000000 -0.000000 0.000000 0.000000 -0.000000 0.000000 0.000000 -0.000000 0.000000 0.000000 -0.000000 0.000000 0.000000 -0.000000 0.000000 0.000000
26.825603 205.525635 6.478290 65.716788 88.368021 114.437471 7.128629 -10.721064 0.543947 5.563760 38.594720 6.327111 -2.207569 5.488849 2.612005 -1.443450 -21.631996 -12.986486 1.810460 -22.781570 0.653592 -2.408768 14.380724 -1.938769 -9.672852 -2.145996 9.085469 15.932791 -4.250180 -10.949753 -6.239144 11.239139 3.983315 -3.148810 -4.006832 -0.861047 0.959215 8.357191 3.411301 -3.010721 16.885587 -2.838900 13.796781 29.499353 -5.110353 -0.000000 0.000000 0.000000 -0.000000 0.000000 0.000000 -0.000000 0.000000 0.000000 24.377429 -0.518457 -11.917513 53.278331 15.028314 14.917500 -10.634914 16.924611 32.244027 1.116231 5.691042 -1.669369 -0.000000 0.000000 0.000000 -0.000000 0.000000 0.000000 -0.000000 0.000000 0.000000 -0.000000 0.000000 0.000000 -0.000000 0.000000 0.000000 -0.000000 0.000000 0.000000 -0.000000 0.000000 0.000000 -0.000000 0.000000 0.000000 -0.000000 0.000000 0.000000 -0.000000 0.000000 0.000000 -0.000000 0.000000 0.000000 -0.000000 0.000000 0.000000 -0.000000 0.000000 0.000000 -0.000000 0.000000 0.000000 -0.000000 0.000000 0.000000 -27.562805 -3.920648 7.201095 -48.687664 18.171217 -8.164713 -2.561014 -5.164360 -21.275631 4.634490 -4.298900 -0.671889 -0.000000 0.000000 0.000000 -0.000000 0.000000 0.000000 -0.000000 0.000000 0.000000 -0.000000 0.000000 0.000000 -0.000000 0.000000 0.000000 -0.000000 0.000000 0.000000 -0.000000 0.000000 0.000000 -0.000000 0.000000 0.000000 -0.000000 0.000000 0.000000 -0.000000 0.000000 0.000000 -0.000000 0.000000 0.000000 -0.000000 0.000000 0.000000 -0.000000 0.000000 0.000000 -0.000000 0.000000 0.000000 -0.000000 0.000000 0.000000
26.903221 210.961823 6.727080 43.849319 87.404698 136.537383 6.876221 -17.766882 1.696549 9.592157 47.876317 2.768217 -1.972676 6.075942 3.228540 -2.453594 -24.447024 -14.221682 2.210002 -25.122273 -0.559015 -3.891514 17.930023 -3.974027 -5.745034 -2.729621 8.870015 14.009312 -3.246674 -9.923281 -7.423679 11.661535 4.376896 -3.279729 -5.540352 -1.148911 1.200274 8.860452 4.531314 -4.543194 17.978249 -1.334681 15.512175 31.727833 -6.672597 -0.000000 0.000000 0.000000 -0.000000 0.000000 0.000000 -0.000000 0.000000 0.000000 25.498917 -0.215671 -14.763232 55.223854 16.245263 14.886948 -12.482673 20.149022 30.664154 1.711686 6.146505 -2.250254 -0.000000 0.000000 0.000000 -0.000000 0.000000 0.000000 -0.000000 0.000000 0.000000 -0.000000 0.000000 0.000000 -0.000000 0.000000 0.000000 -0.000000 0.000000 0.000000 -0.000000 0.000000 0.000000 -0.000000 0.000000 0.000000 -0.000000 0.000000 0.000000 -0.000000 0.000000 0.000000 -0.000000 0.000000 0.000000 -0.000000 0.000000 0.000000 -0.000000 0.000000 0.000000 -0.000000 0.000000 0.000000 -0.000000 0.000000 0.000000 -27.138676 -4.631145 10.270963 -51.382066 19.519038 -7.521814 -2.431220 -4.544884 -19.469042 3.994433 -5.683865 -0.257725 -0.000000 0.000000 0.000000 -0.000000 0.000000 0.000000 -0.000000 0.000000 0.000000 -0.000000 0.000000 0.000000 -0.000000 0.000000 0.000000 -0.000000 0.000000 0.000000 -0.000000 0.000000 0.000000 -0.000000 0.000000 0.000000 -0.000000 0.000000 0.000000 -0.000000 0.000000 0.000000 -0.000000 0.000000 0.000000 -0.000000 0.000000 0.000000 -0.000000 0.000000 0.000000 -0.000000 0.000000 0.000000 -0.000000 0.000000 0.000000
27.111706 213.313797 6.613205 40.617547 87.425438 139.300273 4.827744 -21.621686 1.922136 11.710704 51.169810 -0.094560 -2.015523 5.474739 1.687544 -4.097638 -24.430543 -15.174978 2.870948 -24.609389 0.167087 -4.923071 20.131139 -3.763316 -3.188854 -4.206996 9.017665 11.781130 -2.670074 -8.328174 -7.256559 12.173391 3.671916 -3.353352 -5.794423 -1.197653 1.152135 9.192467 4.482475 -4.811332 17.297281 -1.278702 15.320649 31.095153 -6.182315 -0.000000 0.000000 0.000000 -0.000000 0.000000 0.000000 -0.000000 0.000000 0.000000 25.489293 0.018925 -14.776411 55.084954 16.018632 14.956150 -11.590578 19.414084 28.825728 2.336588 5.230656 -3.089374 -0.000000 0.000000 0.000000 -0.000000 0.000000 0.000000 -0.000000 0.000000 0.000000 -0.000000 0.000000 0.000000 -0.000000 0.000000 0.000000 -0.000000 0.000000 0.000000 -0.000000 0.000000 0.000000 -0.000000 0.000000 0.000000 -0.000000 0.000000 0.000000 -0.000000 0.000000 0.000000 -0.000000 0.000000 0.000000 -0.000000 0.000000 0.000000 -0.000000 0.000000 0.000000 -0.000000 0.000000 0.000000 -0.000000 0.000000 0.000000 -26.827709 -4.466638 10.147903 -50.527937 19.689291 -8.527092 -2.706611 -3.824539 -19.916971 3.209803 -6.875453 0.338186 -0.000000 0.000000 0.000000 -0.000000 0.000000 0.000000 -0.000000 0.000000 0.000000 -0.000000 0.000000 0.000000 -0.000000 0.000000 0.000000 -0.000000 0.000000 0.000000 -0.000000 0.000000 0.000000 -0.000000 0.000000 0.000000 -0.000000 0.000000 0.000000 -0.000000 0.000000 0.000000 -0.000000 0.000000 0.000000 -0.000000 0.000000 0.000000 -0.000000 0.000000 0.000000 -0.000000 0.000000 0.000000 -0.000000 0.000000 0.000000
27.326077 215.573807 6.624044 39.404379 87.459312 140.426914 2.798039 -25.039377 2.098176 12.585812 52.057516 -1.862254 -1.893419 4.873634 -0.061083 -5.869024 -23.908958 -16.152095 3.384896 -24.097650 0.675978 -5.850515 22.245074 -3.849085 -1.236992 -5.955426 8.966607 9.783880 -2.198176 -6.953845 -6.983759 12.704421 2.923498 -3.187666 -5.884815 -1.412033 1.159981 9.435646 4.264130 -5.123007 16.958173 -1.291223 15.086350 30.787150 -5.437320 -0.000000 0.000000 0.000000 -0.000000 0.000000 0.000000 -0.000000 0.000000 0.000000 25.424583 0.020905 -14.819481 54.823651 15.975738 14.687104 -10.526073 18.601286 27.267862 2.895470 4.746445 -3.648520 -0.000000 0.000000 0.000000 -0.000000 0.000000 0.000000 -0.000000 0.000000 0.000000 -0.000000 0.000000 0.000000 -0.000000 0.000000 0.000000 -0.000000 0.000000 0.000000 -0.000000 0.000000 0.000000 -0.000000 0.000000 0.000000 -0.000000 0.000000 0.000000 -0.000000 0.000000 0.000000 -0.000000 0.000000 0.000000 -0.000000 0.000000 0.000000 -0.000000 0.000000 0.000000 -0.000000 0.000000 0.000000 -0.000000 0.000000 0.000000 -26.539351 -4.252368 9.837597 -49.700987 19.943935 -9.667578 -2.971805 -3.262133 -20.350166 2.726345 -7.500269 0.500553 -0.000000 0.000000 0.000000 -0.000000 0.000000 0.000000 -0.000000 0.000000 0.000000 -0.000000 0.000000 0.000000 -0.000000 0.000000 0.000000 -0.000000 0.000000 0.000000 -0.000000 0.000000 0.000000 -0.000000 0.000000 0.000000 -0.000000 0.000000 0.000000 -0.000000 0.000000 0.000000 -0.000000 0.000000 0.000000 -0.000000 0.000000 0.000000 -0.000000 0.000000 0.000000 -0.000000 0.000000 0.000000 -0.000000 0.000000 0.000000
27.570766 217.869186 6.722894 40.374808 87.439749 139.667092 1.001629 -27.487864 2.112956 11.944995 50.028747 -2.244287 -1.374538 5.243137 -1.876317 -7.731218 -23.190868 -16.880822 3.801368 -23.282078 0.963461 -6.345522 23.681187 -4.277978 -0.117254 -7.222166 8.895650 8.402869 -2.008286 -5.923324 -6.594844 13.119393 2.238705 -2.828572 -5.852827 -1.551709 1.181423 9.583707 3.995973 -5.335003 16.783223 -1.275680 14.585548 30.579157 -4.619710 -0.000000 0.000000 0.000000 -0.000000 0.000000 0.000000 -0.000000 0.000000 0.000000 25.178794 0.023275 -14.960160 54.656668 15.817035 14.097309 -9.582784 17.717525 26.258100 3.225453 4.152213 -3.965191 -0.000000 0.000000 0.000000 -0.000000 0.000000 0.000000 -0.000000 0.000000 0.000000 -0.000000 0.000000 0.000000 -0.000000 0.000000 0.000000 -0.000000 0.000000 0.000000 -0.000000 0.000000 0.000000 -0.000000 0.000000 0.000000 -0.000000 0.000000 0.000000 -0.000000 0.000000 0.000000 -0.000000 0.000000 0.000000 -0.000000 0.000000 0.000000 -0.000000 0.000000 0.000000 -0.000000 0.000000 0.000000 -0.000000 0.000000 0.000000 -26.179110 -4.108358 9.444304 -49.129690 20.042281 -10.651016 -3.027587 -2.973422 -20.766087 2.848656 -7.638906 0.807934 -0.000000 0.000000 0.000000 -0.000000 0.000000 0.000000 -0.000000 0.000000 0.000000 -0.000000 0.000000 0.000000 -0.000000 0.000000 0.000000 -0.000000 0.000000 0.000000 -0.000000 0.000000 0.000000 -0.000000 0.000000 0.000000 -0.000000 0.000000 0.000000 -0.000000 0.000000 0.000000 -0.000000 0.000000 0.000000 -0.000000 0.000000 0.000000 -0.000000 0.000000 0.000000 -0.000000 0.000000 0.000000 -0.000000 0.000000 0.000000
27.875317 220.173264 6.881775 42.926804 87.429310 137.540495 -0.545203 -29.153489 2.071769 10.292997 45.680983 -1.699428 -0.543353 6.472859 -3.499514 -9.570383 -22.422362 -17.416175 4.124268 -22.145386 1.219555 -6.461850 24.660151 -4.816574 0.274850 -7.922821 8.789574 7.448624 -2.048791 -5.261121 -6.111733 13.603338 1.538452 -2.317569 -5.836032 -1.663165 1.178929 9.651614 3.702156 -5.403953 16.980382 -1.203604 14.013114 30.598011 -3.698532 -0.000000 0.000000 0.000000 -0.000000 0.000000 0.000000 -0.000000 0.000000 0.000000 24.819187 -0.138068 -15.259012 54.724863 15.581120 13.223117 -8.948169 16.751236 25.519716 3.302812 3.298761 -4.080987 -0.000000 0.000000 0.000000 -0.000000 0.000000 0.000000 -0.000000 0.000000 0.000000 -0.000000 0.000000 0.000000 -0.000000 0.000000 0.000000 -0.000000 0.000000 0.000000 -0.000000 0.000000 0.000000 -0.000000 0.000000 0.000000 -0.000000 0.000000 0.000000 -0.000000 0.000000 0.000000 -0.000000 0.000000 0.000000 -0.000000 0.000000 0.000000 -0.000000 0.000000 0.000000 -0.000000 0.000000 0.000000 -0.000000 0.000000 0.000000 -25.849635 -4.033607 9.001403 -48.889217 20.252445 -11.500519 -3.013776 -3.102277 -21.017858 3.168021 -7.412683 1.114130 -0.000000 0.000000 0.000000 -0.000000 0.000000 0.000000 -0.000000 0.000000 0.000000 -0.000000 0.000000 0.000000 -0.000000 0.000000 0.000000 -0.000000 0.000000 0.000000 -0.000000 0.000000 0.000000 -0.000000 0.000000 0.000000 -0.000000 0.000000 0.000000 -0.000000 0.000000 0.000000 -0.000000 0.000000 0.000000 -0.000000 0.000000 0.000000 -0.000000 0.000000 0.000000 -0.000000 0.000000 0.000000 -0.000000 0.000000 0.000000
28.213764 222.445053 6.989512 46.420076 87.509451 134.489983 -1.963106 -29.686301 1.869149 8.089723 38.877179 -0.674883 0.669449 8.350909 -5.056950 -11.296733 -21.542623 -17.621061 4.364675 -20.654729 1.495806 -6.329541 25.274962 -5.291395 0.241734 -8.320011 8.845433 6.714862 -2.069992 -4.742581 -5.622103 13.991335 0.922142 -1.746363 -5.704866 -1.685004 1.169162 9.686590 3.401074 -5.318188 17.069758 -1.101445 13.279452 30.492273 -2.668314 -0.000000 0.000000 0.000000 -0.000000 0.000000 0.000000 -0.000000 0.000000 0.000000 24.500811 -0.348631 -15.527964 54.825840 15.330153 12.289163 -8.386085 15.575860 24.959681 3.317099 2.444787 -4.031788 -0.000000 0.000000 0.000000 -0.000000 0.000000 0.000000 -0.000000 0.000000 0.000000 -0.000000 0.000000 0.000000 -0.000000 0.000000 0.000000 -0.000000 0.000000 0.000000 -0.000000 0.000000 0.000000 -0.000000 0.000000 0.000000 -0.000000 0.000000 0.000000 -0.000000 0.000000 0.000000 -0.000000 0.000000 0.000000 -0.000000 0.000000 0.000000 -0.000000 0.000000 0.000000 -0.000000 0.000000 0.000000 -0.000000 0.000000 0.000000 -25.490707 -3.953105 8.610795 -48.716001 20.371053 -12.188356 -2.792667 -3.210643 -21.306300 3.865424 -7.078928 1.218906 -0.000000 0.000000 0.000000 -0.000000 0.000000 0.000000 -0.000000 0.000000 0.000000 -0.000000 0.000000 0.000000 -0.000000 0.000000 0.000000 -0.000000 0.000000 0.000000 -0.000000 0.000000 0.000000 -0.000000 0.000000 0.000000 -0.000000 0.000000 0.000000 -0.000000 0.000000 0.000000 -0.000000 0.000000 0.000000 -0.000000 0.000000 0.000000 -0.000000 0.000000 0.000000 -0.000000 0.000000 0.000000 -0.000000 0.000000 0.000000
28.555527 224.719864 7.035497 50.287227 87.737744 131.031720 -3.257242 -29.448997 1.477129 5.873941 30.677555 0.366347 2.311671 11.035919 -6.253848 -12.977214 -20.765940 -17.542169 4.485215 -18.922271 1.907710 -6.017872 25.661590 -5.758888 -0.178677 -8.305337 8.710013 6.259413 -2.177264 -4.467712 -5.213998 14.280742 0.362034 -1.177699 -5.447463 -1.626003 1.093581 9.643156 3.111700 -5.042903 17.289389 -1.192989 12.560171 30.166548 -1.816682 -0.000000 0.000000 0.000000 -0.000000 0.000000 0.000000 -0.000000 0.000000 0.000000 24.075212 -0.493872 -15.694478 55.054071 15.052713 11.307266 -7.885858 14.741502 24.330075 3.370969 1.430715 -4.023465 -0.000000 0.000000 0.000000 -0.000000 0.000000 0.000000 -0.000000 0.000000 0.000000 -0.000000 0.000000 0.000000 -0.000000 0.000000 0.000000 -0.000000 0.000000 0.000000 -0.000000 0.000000 0.000000 -0.000000 0.000000 0.000000 -0.000000 0.000000 0.000000 -0.000000 0.000000 0.000000 -0.000000 0.000000 0.000000 -0.000000 0.000000 0.000000 -0.000000 0.000000 0.000000 -0.000000 0.000000 0.000000 -0.000000 0.000000 0.000000 -25.059385 -3.847411 8.230741 -48.742897 20.470722 -12.626871 -2.625675 -3.376807 -21.462927 4.257026 -6.861093 1.194391 -0.000000 0.000000 0.000000 -0.000000 0.000000 0.000000 -0.000000 0.000000 0.000000 -0.000000 0.000000 0.000000 -0.000000 0.000000 0.000000 -0.000000 0.000000 0.000000 -0.000000 0.000000 0.000000 -0.000000 0.000000 0.000000 -0.000000 0.000000 0.000000 -0.000000 0.000000 0.000000 -0.000000 0.000000 0.000000 -0.000000 0.000000 0.000000 -0.000000 0.000000 0.000000 -0.000000 0.000000 0.000000 -0.000000 0.000000 0.000000
28.967813 227.064758 6.904847 53.410357 88.085762 128.115651 -4.308711 -28.972845 0.974141 4.125405 22.911393 1.262946 4.153375 13.641803 -7.272810 -14.541763 -20.247814 -17.383780 4.595795 -17.388919 2.281641 -5.702321 26.495367 -6.107252 -0.667528 -8.329593 8.560095 5.915813 -2.331591 -4.344494 -4.921535 14.533769 -0.048225 -0.736110 -5.250902 -1.564327 0.972730 9.600522 2.840870 -4.818988 17.539219 -1.480492 11.811834 29.750195 -1.296766 -0.000000 0.000000 0.000000 -0.000000 0.000000 0.000000 -0.000000 0.000000 0.000000 23.783606 -0.729182 -15.651905 55.143643 14.740453 10.574609 -7.322946 13.520447 23.710185 3.118449 0.265857 -4.271891 -0.000000 0.000000 0.000000 -0.000000 0.000000 0.000000 -0.000000 0.000000 0.000000 -0.000000 0.000000 0.000000 -0.000000 0.000000 0.000000 -0.000000 0.000000 0.000000 -0.000000 0.000000 0.000000 -0.000000 0.000000 0.000000 -0.000000 0.000000 0.000000 -0.000000 0.000000 0.000000 -0.000000 0.000000 0.000000 -0.000000 0.000000 0.000000 -0.000000 0.000000 0.000000 -0.000000 0.000000 0.000000 -0.000000 0.000000 0.000000 -24.648301 -3.754901 7.979238 -48.699961 20.546927 -12.832149 -2.326681 -3.178619 -21.847776 4.550177 -6.548058 1.246645 -0.000000 0.000000 0.000000 -0.000000 0.000000 0.000000 -0.000000 0.000000 0.000000 -0.000000 0.000000 0.000000 -0.000000 0.000000 0.000000 -0.000000 0.000000 0.000000 -0.000000 0.000000 0.000000 -0.000000 0.000000 0.000000 -0.000000 0.000000 0.000000 -0.000000 0.000000 0.000000 -0.000000 0.000000 0.000000 -0.000000 0.000000 0.000000 -0.000000 0.000000 0.000000 -0.000000 0.000000 0.000000 -0.000000 0.000000 0.000000
29.488394 232.406311 6.759306 46.392395 87.900111 136.903635 -5.152303 -29.762003 2.133132 1.169543 16.028818 3.688460 7.002492 15.231269 -7.372092 -18.071027 -20.228386 -17.067452 3.219132 -18.005767 0.377315 -3.364670 28.711676 -8.770783 1.374351 -10.942547 8.086488 3.113721 -1.375374 -2.579042 -5.895534 15.128605 0.527456 -0.507488 -5.769378 -1.832097 1.424424 9.547470 2.946262 -4.177667 20.639071 -2.485313 12.148328 31.578611 -2.515053 -0.000000 0.000000 0.000000 -0.000000 0.000000 0.000000 -0.000000 0.000000 0.000000 24.607088 -1.646107 -18.733723 57.660757 15.347458 8.547320 -8.439701 13.658185 23.303917 2.267643 1.144949 -3.051428 -0.000000 0.000000 0.000000 -0.000000 0.000000 0.000000 -0.000000 0.000000 0.000000 -0.000000 0.000000 0.000000 -0.000000 0.000000 0.000000 -0.000000 0.000000 0.000000 -0.000000 0.000000 0.000000 -0.000000 0.000000 0.000000 -0.000000 0.000000 0.000000 -0.000000 0.000000 0.000000 -0.000000 0.000000 0.000000 -0.000000 0.000000 0.000000 -0.000000 0.000000 0.000000 -0.000000 0.000000 0.000000 -0.000000 0.000000 0.000000 -24.889781 -3.589165 10.549624 -53.218284 20.690946 -11.178681 -0.402553 -1.657082 -21.005747 4.649711 -5.792364 -0.127598 -0.000000 0.000000 0.000000 -0.000000 0.000000 0.000000 -0.000000 0.000000 0.000000 -0.000000 0.000000 0.000000 -0.000000 0.000000 0.000000 -0.000000 0.000000 0.000000 -0.000000 0.000000 0.000000 -0.000000 0.000000 0.000000 -0.000000 0.000000 0.000000 -0.000000 0.000000 0.000000 -0.000000 0.000000 0.000000 -0.000000 0.000000 0.000000 -0.000000 0.000000 0.000000 -0.000000 0.000000 0.000000 -0.000000 0.000000 0.000000
30.070568 234.710739 6.471560 33.692226 88.346744 149.787413 -6.195430 -29.132397 1.743724 -0.245219 11.099546 4.379466 8.671258 16.330673 -8.168682 -19.350533 -19.569284 -16.355841 2.550827 -16.456277 -0.019556 -2.579402 29.136210 -9.331295 2.349911 -12.280137 8.156879 1.733683 -0.819664 -1.486221 -5.726504 14.903387 0.498639 -0.533755 -5.258132 -1.533840 1.358958 9.372251 2.720710 -3.698564 20.612850 -3.414184 11.824896 31.070563 -2.355917 -0.000000 0.000000 0.000000 -0.000000 0.000000 0.000000 -0.000000 0.000000 0.000000 24.788091 -1.636380 -18.497524 57.116312 15.189129 8.160647 -7.806721 12.982217 22.725366 2.359702 0.081783 -2.763596 -0.000000 0.000000 0.000000 -0.000000 0.000000 0.000000 -0.000000 0.000000 0.000000 -0.000000 0.000000 0.000000 -0.000000 0.000000 0.000000 -0.000000 0.000000 0.000000 -0.000000 0.000000 0.000000 -0.000000 0.000000 0.000000 -0.000000 0.000000 0.000000 -0.000000 0.000000 0.000000 -0.000000 0.000000 0.000000 -0.000000 0.000000 0.000000 -0.000000 0.000000 0.000000 -0.000000 0.000000 0.000000 -0.000000 0.000000 0.000000 -25.011945 -3.505163 10.399877 -52.546357 20.492289 -11.539053 0.496387 -0.565678 -21.829026 4.109410 -5.592593 -0.166222 -0.000000 0.000000 0.000000 -0.000000 0.000000 0.000000 -0.000000 0.000000 0.000000 -0.000000 0.000000 0.000000 -0.000000 0.000000 0.000000 -0.000000 0.000000 0.000000 -0.000000 0.000000 0.000000 -0.000000 0.000000 0.000000 -0.000000 0.000000 0.000000 -0.000000 0.000000 0.000000 -0.000000 0.000000 0.000000 -0.000000 0.000000 0.000000 -0.000000 0.000000 0.000000 -0.000000 0.000000 0.000000 -0.000000 0.000000 0.000000
30.694073 236.993576 6.230039 8.406479 88.480249 175.434740 -7.337097 -28.898910 1.293644 -1.691478 7.258044 4.861235 10.492696 17.280301 -8.808802 -20.647066 -18.954967 -15.747359 1.826880 -15.474492 -0.559171 -1.870877 30.330832 -10.084112 3.228047 -13.904088 7.966906 0.595703 -0.493821 -0.477875 -5.508160 14.666593 0.549848 -0.549152 -4.898216 -1.302461 1.280388 9.148139 2.527232 -3.366491 20.463124 -4.190551 11.447321 30.300457 -2.003819 -0.000000 0.000000 0.000000 -0.000000 0.000000 0.000000 -0.000000 0.000000 0.000000 25.090499 -1.596719 -18.007732 56.454846 15.346565 7.925373 -7.302845 11.944228 22.437016 2.449234 -0.435048 -2.431257 -0.000000 0.000000 0.000000 -0.000000 0.000000 0.000000 -0.000000 0.000000 0.000000 -0.000000 0.000000 0.000000 -0.000000 0.000000 0.000000 -0.000000 0.000000 0.000000 -0.000000 0.000000 0.000000 -0.000000 0.000000 0.000000 -0.000000 0.000000 0.000000 -0.000000 0.000000 0.000000 -0.000000 0.000000 0.000000 -0.000000 0.000000 0.000000 -0.000000 0.000000 0.000000 -0.000000 0.000000 0.000000 -0.000000 0.000000 0.000000 -25.358357 -3.257950 10.049535 -51.777681 20.452522 -11.732158 1.034267 0.341295 -22.565714 3.415775 -5.389564 -0.544009 -0.000000 0.000000 0.000000 -0.000000 0.000000 0.000000 -0.000000 0.000000 0.000000 -0.000000 0.000000 0.000000 -0.000000 0.000000 0.000000 -0.000000 0.000000 0.000000 -0.000000 0.000000 0.000000 -0.000000 0.000000 0.000000 -0.000000 0.000000 0.000000 -0.000000 0.000000 0.000000 -0.000000 0.000000 0.000000 -0.000000 0.000000 0.000000 -0.000000 0.000000 0.000000 -0.000000 0.000000 0.000000 -0.000000 0.000000 0.000000
31.421583 239.363220 5.961979 -12.010308 88.221766 -163.596750 -8.251178 -28.795341 0.966989 -2.840155 4.504305 5.246267 11.968418 18.130378 -9.314646 -21.682127 -18.521188 -15.235981 1.446572 -14.587388 -0.895071 -1.189354 31.452194 -11.088605 3.839083 -15.267423 7.632998 -0.075679 -0.458055 0.402758 -5.160838 14.246502 0.537474 -0.547605 -4.603959 -1.083517 1.275905 8.933802 2.347976 -3.135080 20.357267 -4.758028 11.030016 29.817674 -1.721369 -0.000000 0.000000 0.000000 -0.000000 0.000000 0.000000 -0.000000 0.000000 0.000000 25.186127 -1.404991 -17.724262 55.789670 15.245707 7.817625 -6.949369 11.248239 22.263604 2.582437 -1.002795 -2.100306 -0.000000 0.000000 0.000000 -0.000000 0.000000 0.000000 -0.000000 0.000000 0.000000 -0.000000 0.000000 0.000000 -0.000000 0.000000 0.000000 -0.000000 0.000000 0.000000 -0.000000 0.000000 0.000000 -0.000000 0.000000 0.000000 -0.000000 0.000000 0.000000 -0.000000 0.000000 0.000000 -0.000000 0.000000 0.000000 -0.000000 0.000000 0.000000 -0.000000 0.000000 0.000000 -0.000000 0.000000 0.000000 -0.000000 0.000000 0.000000 -25.625980 -3.061157 9.801972 -51.352570 20.515529 -11.812763 1.402009 0.881688 -23.100467 2.849422 -5.296036 -0.819145 -0.000000 0.000000 0.000000 -0.000000 0.000000 0.000000 -0.000000 0.000000 0.000000 -0.000000 0.000000 0.000000 -0.000000 0.000000 0.000000 -0.000000 0.000000 0.000000 -0.000000 0.000000 0.000000 -0.000000 0.000000 0.000000 -0.000000 0.000000 0.000000 -0.000000 0.000000 0.000000 -0.000000 0.000000 0.000000 -0.000000 0.000000 0.000000 -0.000000 0.000000 0.000000 -0.000000 0.000000 0.000000 -0.000000 0.000000 0.000000
32.278282 241.778061 5.760012 -21.347219 87.815851 -153.415676 -9.058688 -29.116815 0.649886 -3.518809 3.546933 5.374505 12.900844 18.789885 -9.574427 -22.271635 -18.266265 -14.942838 1.473459 -13.724065 -1.004846 -0.594745 32.558687 -12.164614 3.926409 -16.285923 7.056527 -0.442658 -0.678773 1.085617 -4.615157 13.922082 0.355982 -0.486266 -4.437110 -0.926983 1.301526 8.742143 2.173635 -3.065873 20.400345 -4.958520 10.613902 29.437357 -1.336856 -0.000000 0.000000 0.000000 -0.000000 0.000000 0.000000 -0.000000 0.000000 0.000000 25.227866 -1.222637 -17.484523 55.290682 15.141165 7.791320 -6.923163 10.812587 22.205684 2.790304 -1.501088 -1.965727 -0.000000 0.000000 0.000000 -0.000000 0.000000 0.000000 -0.000000 0.000000 0.000000 -0.000000 0.000000 0.000000 -0.000000 0.000000 0.000000 -0.000000 0.000000 0.000000 -0.000000 0.000000 0.000000 -0.000000 0.000000 0.000000 -0.000000 0.000000 0.000000 -0.000000 0.000000 0.000000 -0.000000 0.000000 0.000000 -0.000000 0.000000 0.000000 -0.000000 0.000000 0.000000 -0.000000 0.000000 0.000000 -0.000000 0.000000 0.000000 -26.000929 -2.901352 9.518241 -51.161283 20.819055 -11.751604 1.505498 1.151026 -23.116591 2.377426 -5.142051 -0.871800 -0.000000 0.000000 0.000000 -0.000000 0.000000 0.000000 -0.000000 0.000000 0.000000 -0.000000 0.000000 0.000000 -0.000000 0.000000 0.000000 -0.000000 0.000000 0.000000 -0.000000 0.000000 0.000000 -0.000000 0.000000 0.000000 -0.000000 0.000000 0.000000 -0.000000 0.000000 0.000000 -0.000000 0.000000 0.000000 -0.000000 0.000000 0.000000 -0.000000 0.000000 0.000000 -0.000000 0.000000 0.000000 -0.000000 0.000000 0.000000
33.250301 244.259048 5.591862 -24.681277 87.459644 -149.015725 -9.414461 -29.031798 0.467222 -3.621753 4.024824 5.335498 13.035129 18.918304 -9.709554 -22.199219 -18.167306 -14.793141 1.877911 -12.675605 -0.992101 0.006423 33.126862 -13.378717 3.556286 -16.586514 6.534007 -0.498018 -1.247326 1.435494 -3.913045 13.470979 0.087988 -0.413861 -4.193108 -0.804008 1.407672 8.533579 2.045952 -3.158839 20.213277 -4.831247 10.041272 28.993336 -0.970319 -0.000000 0.000000 0.000000 -0.000000 0.000000 0.000000 -0.000000 0.000000 0.000000 25.166795 -1.051716 -17.259475 54.932988 14.947068 7.874257 -7.051800 10.572641 22.088046 3.191370 -1.935098 -1.826221 -0.000000 0.000000 0.000000 -0.000000 0.000000 0.000000 -0.000000 0.000000 0.000000 -0.000000 0.000000 0.000000 -0.000000 0.000000 0.000000 -0.000000 0.000000 0.000000 -0.000000 0.000000 0.000000 -0.000000 0.000000 0.000000 -0.000000 0.000000 0.000000 -0.000000 0.000000 0.000000 -0.000000 0.000000 0.000000 -0.000000 0.000000 0.000000 -0.000000 0.000000 0.000000 -0.000000 0.000000 0.000000 -0.000000 0.000000 0.000000 -26.291864 -2.796227 9.375942 -51.215089 21.030001 -11.524412 1.615607 1.062534 -22.973380 2.144083 -5.083250 -0.820133 -0.000000 0.000000 0.000000 -0.000000 0.000000 0.000000 -0.000000 0.000000 0.000000 -0.000000 0.000000 0.000000 -0.000000 0.000000 0.000000 -0.000000 0.000000 0.000000 -0.000000 0.000000 0.000000 -0.000000 0.000000 0.000000 -0.000000 0.000000 0.000000 -0.000000 0.000000 0.000000 -0.000000 0.000000 0.000000 -0.000000 0.000000 0.000000 -0.000000 0.000000 0.000000 -0.000000 0.000000 0.000000 -0.000000 0.000000 0.000000
34.363205 246.816681 5.563385 -22.068388 87.190645 -150.410692 -9.380871 -29.103157 0.403775 -3.116755 6.232952 5.034840 12.546527 18.921300 -9.656597 -21.467510 -18.166515 -14.919856 2.785950 -11.735482 -0.678593 0.710336 33.640539 -14.477841 2.582716 -16.011959 5.987224 -0.049662 -2.137988 1.257601 -3.125777 13.061777 -0.291751 -0.281048 -3.988226 -0.774629 1.561001 8.374963 1.959936 -3.282298 20.085887 -4.650310 9.643330 28.255264 -0.891632 -0.000000 0.000000 0.000000 -0.000000 0.000000 0.000000 -0.000000 0.000000 0.000000 24.982120 -0.792286 -17.049176 54.752679 14.761130 8.058091 -7.252500 10.653613 22.090876 3.492563 -2.515878 -1.759706 -0.000000 0.000000 0.000000 -0.000000 0.000000 0.000000 -0.000000 0.000000 0.000000 -0.000000 0.000000 0.000000 -0.000000 0.000000 0.000000 -0.000000 0.000000 0.000000 -0.000000 0.000000 0.000000 -0.000000 0.000000 0.000000 -0.000000 0.000000 0.000000 -0.000000 0.000000 0.000000 -0.000000 0.000000 0.000000 -0.000000 0.000000 0.000000 -0.000000 0.000000 0.000000 -0.000000 0.000000 0.000000 -0.000000 0.000000 0.000000 -26.518677 -2.684211 9.429948 -51.606092 21.189675 -11.135800 1.416258 0.514605 -22.623954 1.789214 -5.137479 -0.509297 -0.000000 0.000000 0.000000 -0.000000 0.000000 0.000000 -0.000000 0.000000 0.000000 -0.000000 0.000000 0.000000 -0.000000 0.000000 0.000000 -0.000000 0.000000 0.000000 -0.000000 0.000000 0.000000 -0.000000 0.000000 0.000000 -0.000000 0.000000 0.000000 -0.000000 0.000000 0.000000 -0.000000 0.000000 0.000000 -0.000000 0.000000 0.000000 -0.000000 0.000000 0.000000 -0.000000 0.000000 0.000000 -0.000000 0.000000 0.000000
35.629253 249.466064 5.687931 -17.684893 87.078704 -153.614785 -8.803272 -29.025880 0.686016 -2.185972 9.247540 4.875999 11.457985 18.358867 -9.425098 -20.001604 -18.203055 -15.147298 3.910965 -10.929573 -0.427120 1.663287 34.284668 -15.668078 1.085473 -14.411260 5.657183 0.854539 -3.273985 0.504106 -2.305324 12.746993 -0.727535 -0.115693 -3.894827 -0.941289 1.750351 8.305492 1.916546 -3.475978 19.982753 -4.585179 9.365381 27.321582 -1.348004 -0.000000 0.000000 0.000000 -0.000000 0.000000 0.000000 -0.000000 0.000000 0.000000 24.902731 -0.825390 -16.921191 54.498274 14.493651 8.647090 -7.605467 10.653447 22.005102 3.214367 -2.833655 -2.047174 -0.000000 0.000000 0.000000 -0.000000 0.000000 0.000000 -0.000000 0.000000 0.000000 -0.000000 0.000000 0.000000 -0.000000 0.000000 0.000000 -0.000000 0.000000 0.000000 -0.000000 0.000000 0.000000 -0.000000 0.000000 0.000000 -0.000000 0.000000 0.000000 -0.000000 0.000000 0.000000 -0.000000 0.000000 0.000000 -0.000000 0.000000 0.000000 -0.000000 0.000000 0.000000 -0.000000 0.000000 0.000000 -0.000000 0.000000 0.000000 -26.694364 -2.847224 9.787839 -52.158151 21.368774 -10.652001 1.247692 -0.320964 -21.944692 1.709452 -4.897658 0.476345 -0.000000 0.000000 0.000000 -0.000000 0.000000 0.000000 -0.000000 0.000000 0.000000 -0.000000 0.000000 0.000000 -0.000000 0.000000 0.000000 -0.000000 0.000000 0.000000 -0.000000 0.000000 0.000000 -0.000000 0.000000 0.000000 -0.000000 0.000000 0.000000 -0.000000 0.000000 0.000000 -0.000000 0.000000 0.000000 -0.000000 0.000000 0.000000 -0.000000 0.000000 0.000000 -0.000000 0.000000 0.000000 -0.000000 0.000000 0.000000
36.882275 255.105408 6.320517 -4.137015 86.510400 -164.018338 -9.189584 -29.820784 1.506730 -1.940914 11.984850 7.293647 8.532686 15.920500 -7.212422 -19.251751 -18.257146 -16.712156 4.837790 -12.549890 -2.016725 3.516593 36.522708 -19.665720 -3.565412 -11.052856 3.122787 2.825457 -4.838581 -1.143534 -2.863413 12.713705 -0.373668 0.088562 -4.670472 -1.415253 2.999644 8.743501 1.870418 -3.593070 23.789822 -5.075004 11.507065 32.271064 -1.984272 -0.000000 0.000000 0.000000 -0.000000 0.000000 0.000000 -0.000000 0.000000 0.000000 26.103799 -2.792566 -20.130250 55.829875 15.384409 8.626752 -9.534018 15.060521 23.281117 1.938848 2.374767 -1.205430 -0.000000 0.000000 0.000000 -0.000000 0.000000 0.000000 -0.000000 0.000000 0.000000 -0.000000 0.000000 0.000000 -0.000000 0.000000 0.000000 -0.000000 0.000000 0.000000 -0.000000 0.000000 0.000000 -0.000000 0.000000 0.000000 -0.000000 0.000000 0.000000 -0.000000 0.000000 0.000000 -0.000000 0.000000 0.000000 -0.000000 0.000000 0.000000 -0.000000 0.000000 0.000000 -0.000000 0.000000 0.000000 -0.000000 0.000000 0.000000 -27.677442 -3.820811 12.667600 -55.880127 22.467883 -9.208913 1.141580 -1.125574 -20.088850 4.758450 -5.272333 -1.114572 -0.000000 0.000000 0.000000 -0.000000 0.000000 0.000000 -0.000000 0.000000 0.000000 -0.000000 0.000000 0.000000 -0.000000 0.000000 0.000000 -0.000000 0.000000 0.000000 -0.000000 0.000000 0.000000 -0.000000 0.000000 0.000000 -0.000000 0.000000 0.000000 -0.000000 0.000000 0.000000 -0.000000 0.000000 0.000000 -0.000000 0.000000 0.000000 -0.000000 0.000000 0.000000 -0.000000 0.000000 0.000000 -0.000000 0.000000 0.000000
38.310139 257.582306 6.818692 -4.169458 86.559958 -163.082717 -8.060127 -28.635096 1.925184 -1.275102 13.206991 7.573812 6.342019 14.125001 -6.677891 -17.267256 -18.140853 -16.321790 5.825682 -14.076855 -2.115652 3.789405 38.482895 -19.331440 -6.041840 -7.629772 3.240099 4.383014 -5.701959 -2.287505 -2.639966 12.723552 -0.183505 0.025710 -4.552319 -1.639812 3.315137 8.722627 1.754625 -3.598968 23.450463 -4.599156 12.149033 32.772698 -2.089915 -0.000000 0.000000 0.000000 -0.000000 0.000000 0.000000 -0.000000 0.000000 0.000000 26.249316 -2.893017 -19.869025 54.775838 15.315589 9.188456 -10.215778 15.429201 24.681722 1.011500 3.051893 -0.643432 -0.000000 0.000000 0.000000 -0.000000 0.000000 0.000000 -0.000000 0.000000 0.000000 -0.000000 0.000000 0.000000 -0.000000 0.000000 0.000000 -0.000000 0.000000 0.000000 -0.000000 0.000000 0.000000 -0.000000 0.000000 0.000000 -0.000000 0.000000 0.000000 -0.000000 0.000000 0.000000 -0.000000 0.000000 0.000000 -0.000000 0.000000 0.000000 -0.000000 0.000000 0.000000 -0.000000 0.000000 0.000000 -0.000000 0.000000 0.000000 -28.091615 -3.910403 12.532644 -55.166259 22.476775 -8.964039 1.229963 -1.659882 -21.162429 5.807819 -4.587174 -1.399059 -0.000000 0.000000 0.000000 -0.000000 0.000000 0.000000 -0.000000 0.000000 0.000000 -0.000000 0.000000 0.000000 -0.000000 0.000000 0.000000 -0.000000 0.000000 0.000000 -0.000000 0.000000 0.000000 -0.000000 0.000000 0.000000 -0.000000 0.000000 0.000000 -0.000000 0.000000 0.000000 -0.000000 0.000000 0.000000 -0.000000 0.000000 0.000000 -0.000000 0.000000 0.000000 -0.000000 0.000000 0.000000 -0.000000 0.000000 0.000000
39.709236 259.808472 7.322111 -7.088922 86.640535 -159.446881 -7.100418 -27.330909 2.023510 -0.587941 14.225899 7.875557 4.339204 11.673657 -6.058010 -15.261109 -17.857911 -16.083751 6.410735 -16.389428 -2.156902 3.841579 41.271872 -18.379612 -7.628180 -5.399225 3.728696 5.526430 -6.307856 -3.395244 -2.573252 13.081477 0.184007 -0.069408 -4.516054 -1.995602 3.485922 8.673555 1.705808 -3.533899 22.753713 -4.219046 12.654581 32.921175 -1.889360 -0.000000 0.000000 0.000000 -0.000000 0.000000 0.000000 -0.000000 0.000000 0.000000 26.393034 -3.051949 -19.186246 53.672041 15.266824 9.994241 -10.842844 15.102061 26.539875 0.126655 4.006586 -0.162791 -0.000000 0.000000 0.000000 -0.000000 0.000000 0.000000 -0.000000 0.000000 0.000000 -0.000000 0.000000 0.000000 -0.000000 0.000000 0.000000 -0.000000 0.000000 0.000000 -0.000000 0.000000 0.000000 -0.000000 0.000000 0.000000 -0.000000 0.000000 0.000000 -0.000000 0.000000 0.000000 -0.000000 0.000000 0.000000 -0.000000 0.000000 0.000000 -0.000000 0.000000 0.000000 -0.000000 0.000000 0.000000 -0.000000 0.000000 0.000000 -28.641840 -4.004567 11.904590 -54.576883 22.390584 -8.620119 1.147873 -2.226580 -21.939173 6.254013 -3.988354 -1.763009 -0.000000 0.000000 0.000000 -0.000000 0.000000 0.000000 -0.000000 0.000000 0.000000 -0.000000 0.000000 0.000000 -0.000000 0.000000 0.000000 -0.000000 0.000000 0.000000 -0.000000 0.000000 0.000000 -0.000000 0.000000 0.000000 -0.000000 0.000000 0.000000 -0.000000 0.000000 0.000000 -0.000000 0.000000 0.000000 -0.000000 0.000000 0.000000 -0.000000 0.000000 0.000000 -0.000000 0.000000 0.000000 -0.000000 0.000000 0.000000
40.972775 261.805511 7.720922 -12.757810 86.671217 -153.325146 -6.505668 -26.018315 1.876242 -0.067309 14.698550 8.340500 2.661233 9.330547 -5.640943 -13.559087 -17.595689 -15.809373 6.407603 -19.024662 -2.176047 3.447746 43.745236 -16.735745 -7.948694 -5.056036 4.517892 6.153168 -6.343818 -4.257045 -2.609119 13.699699 0.731544 -0.189675 -4.660620 -2.252278 3.504377 8.655709 1.747786 -3.481009 22.147623 -4.083563 12.958412 33.165728 -1.821654 -0.000000 0.000000 0.000000 -0.000000 0.000000 0.000000 -0.000000 0.000000 0.000000 26.439171 -3.159438 -18.513590 52.727135 14.929906 10.898792 -11.443462 14.477957 28.535583 -0.851896 4.678882 -0.034905 -0.000000 0.000000 0.000000 -0.000000 0.000000 0.000000 -0.000000 0.000000 0.000000 -0.000000 0.000000 0.000000 -0.000000 0.000000 0.000000 -0.000000 0.000000 0.000000 -0.000000 0.000000 0.000000 -0.000000 0.000000 0.000000 -0.000000 0.000000 0.000000 -0.000000 0.000000 0.000000 -0.000000 0.000000 0.000000 -0.000000 0.000000 0.000000 -0.000000 0.000000 0.000000 -0.000000 0.000000 0.000000 -0.000000 0.000000 0.000000 -28.954670 -4.173073 11.351479 -54.246076 22.192417 -8.142458 1.151782 -2.371724 -22.351034 6.370610 -3.764361 -1.917580 -0.000000 0.000000 0.000000 -0.000000 0.000000 0.000000 -0.000000 0.000000 0.000000 -0.000000 0.000000 0.000000 -0.000000 0.000000 0.000000 -0.000000 0.000000 0.000000 -0.000000 0.000000 0.000000 -0.000000 0.000000 0.000000 -0.000000 0.000000 0.000000 -0.000000 0.000000 0.000000 -0.000000 0.000000 0.000000 -0.000000 0.000000 0.000000 -0.000000 0.000000 0.000000 -0.000000 0.000000 0.000000 -0.000000 0.000000 0.000000
42.114594 263.631500 8.059219 -18.759791 86.580312 -147.046132 -6.058078 -24.788534 1.745663 0.375946 14.861242 8.602257 1.302819 7.176436 -5.369498 -11.972693 -17.183476 -15.440760 5.932377 -21.641945 -2.118633 2.370208 45.172793 -14.305179 -7.391907 -5.994152 5.464907 6.209700 -5.715359 -4.761207 -2.591420 14.441241 1.313760 -0.403476 -4.883475 -2.405318 3.321104 8.650158 1.914745 -3.533361 21.598456 -3.943201 12.954605 33.173679 -1.534552 -0.000000 0.000000 0.000000 -0.000000 0.000000 0.000000 -0.000000 0.000000 0.000000 26.449951 -3.179237 -17.731058 51.920364 14.520059 11.855820 -12.028067 13.688124 30.979765 -1.903058 4.844392 0.098417 -0.000000 0.000000 0.000000 -0.000000 0.000000 0.000000 -0.000000 0.000000 0.000000 -0.000000 0.000000 0.000000 -0.000000 0.000000 0.000000 -0.000000 0.000000 0.000000 -0.000000 0.000000 0.000000 -0.000000 0.000000 0.000000 -0.000000 0.000000 0.000000 -0.000000 0.000000 0.000000 -0.000000 0.000000 0.000000 -0.000000 0.000000 0.000000 -0.000000 0.000000 0.000000 -0.000000 0.000000 0.000000 -0.000000 0.000000 0.000000 -29.245051 -4.305664 10.820404 -53.867081 22.043781 -7.653763 1.235267 -2.223547 -22.692586 6.137326 -3.648884 -1.980821 -0.000000 0.000000 0.000000 -0.000000 0.000000 0.000000 -0.000000 0.000000 0.000000 -0.000000 0.000000 0.000000 -0.000000 0.000000 0.000000 -0.000000 0.000000 0.000000 -0.000000 0.000000 0.000000 -0.000000 0.000000 0.000000 -0.000000 0.000000 0.000000 -0.000000 0.000000 0.000000 -0.000000 0.000000 0.000000 -0.000000 0.000000 0.000000 -0.000000 0.000000 0.000000 -0.000000 0.000000 0.000000 -0.000000 0.000000 0.000000
43.101273 265.286774 8.366620 -23.708754 86.374656 -142.014902 -5.558660 -23.366855 1.473651 0.787629 14.563670 8.648480 0.256214 5.256830 -5.258531 -10.443501 -16.552486 -14.905396 4.998966 -23.922844 -2.135358 0.654600 44.713145 -11.328097 -6.418289 -7.320823 6.446511 5.992237 -4.723310 -5.004535 -2.600740 15.251766 1.979275 -0.643527 -5.154702 -2.456583 3.028833 8.688747 2.146315 -3.643930 20.758987 -3.724777 12.582787 32.988862 -0.969383 -0.000000 0.000000 0.000000 -0.000000 0.000000 0.000000 -0.000000 0.000000 0.000000 26.400301 -3.077019 -16.859789 50.861394 14.301825 12.975805 -12.517462 12.876172 33.338883 -2.913888 4.810876 0.402193 -0.000000 0.000000 0.000000 -0.000000 0.000000 0.000000 -0.000000 0.000000 0.000000 -0.000000 0.000000 0.000000 -0.000000 0.000000 0.000000 -0.000000 0.000000 0.000000 -0.000000 0.000000 0.000000 -0.000000 0.000000 0.000000 -0.000000 0.000000 0.000000 -0.000000 0.000000 0.000000 -0.000000 0.000000 0.000000 -0.000000 0.000000 0.000000 -0.000000 0.000000 0.000000 -0.000000 0.000000 0.000000 -0.000000 0.000000 0.000000 -29.336494 -4.443719 10.362910 -53.373956 21.753917 -7.128814 1.442251 -1.976699 -22.992229 5.984615 -3.999546 -1.970620 -0.000000 0.000000 0.000000 -0.000000 0.000000 0.000000 -0.000000 0.000000 0.000000 -0.000000 0.000000 0.000000 -0.000000 0.000000 0.000000 -0.000000 0.000000 0.000000 -0.000000 0.000000 0.000000 -0.000000 0.000000 0.000000 -0.000000 0.000000 0.000000 -0.000000 0.000000 0.000000 -0.000000 0.000000 0.000000 -0.000000 0.000000 0.000000 -0.000000 0.000000 0.000000 -0.000000 0.000000 0.000000 -0.000000 0.000000 0.000000
43.924889 266.737762 8.712180 -25.570757 86.006230 -140.174868 -5.181645 -22.338451 1.174418 1.110256 14.183541 8.478080 -0.215240 3.975399 -5.185373 -9.396135 -15.991775 -14.483956 3.776549 -26.012749 -2.236813 -1.072511 42.776986 -8.455983 -5.591489 -8.195294 7.199917 5.809648 -3.644925 -5.217081 -2.581177 16.117562 2.594490 -0.871710 -5.469623 -2.406815 2.635929 8.737902 2.423488 -3.689304 19.830162 -3.705468 12.028644 32.505656 -0.362407 -0.000000 0.000000 0.000000 -0.000000 0.000000 0.000000 -0.000000 0.000000 0.000000 26.195407 -2.859861 -15.953789 49.854758 14.201243 14.082411 -12.772183 12.080502 35.669043 -3.493305 4.601084 0.746116 -0.000000 0.000000 0.000000 -0.000000 0.000000 0.000000 -0.000000 0.000000 0.000000 -0.000000 0.000000 0.000000 -0.000000 0.000000 0.000000 -0.000000 0.000000 0.000000 -0.000000 0.000000 0.000000 -0.000000 0.000000 0.000000 -0.000000 0.000000 0.000000 -0.000000 0.000000 0.000000 -0.000000 0.000000 0.000000 -0.000000 0.000000 0.000000 -0.000000 0.000000 0.000000 -0.000000 0.000000 0.000000 -0.000000 0.000000 0.000000 -29.304667 -4.473058 9.916681 -52.954511 21.610906 -6.688895 1.537132 -1.839484 -23.290110 5.749680 -4.447714 -1.842551 -0.000000 0.000000 0.000000 -0.000000 0.000000 0.000000 -0.000000 0.000000 0.000000 -0.000000 0.000000 0.000000 -0.000000 0.000000 0.000000 -0.000000 0.000000 0.000000 -0.000000 0.000000 0.000000 -0.000000 0.000000 0.000000 -0.000000 0.000000 0.000000 -0.000000 0.000000 0.000000 -0.000000 0.000000 0.000000 -0.000000 0.000000 0.000000 -0.000000 0.000000 0.000000 -0.000000 0.000000 0.000000 -0.000000 0.000000 0.000000
44.581627 268.057098 9.071790 -25.468033 85.535873 -140.348414 -4.843586 -21.357419 0.957213 1.309956 13.504126 8.295031 -0.178016 3.274669 -5.129646 -8.815088 -15.509540 -14.065385 2.314936 -27.378502 -2.581815 -2.302508 38.720767 -6.516824 -5.502525 -8.370063 7.541779 6.084490 -2.781155 -5.510317 -2.554667 16.806669 3.113528 -1.038868 -5.787784 -2.268811 2.286994 8.757574 2.674921 -3.710302 18.912143 -4.144656 11.384435 31.953962 0.128280 -0.000000 0.000000 0.000000 -0.000000 0.000000 0.000000 -0.000000 0.000000 0.000000 25.910751 -2.639886 -15.200077 48.838414 14.294433 14.989521 -12.996880 11.312304 37.452257 -4.059712 4.621306 0.894670 -0.000000 0.000000 0.000000 -0.000000 0.000000 0.000000 -0.000000 0.000000 0.000000 -0.000000 0.000000 0.000000 -0.000000 0.000000 0.000000 -0.000000 0.000000 0.000000 -0.000000 0.000000 0.000000 -0.000000 0.000000 0.000000 -0.000000 0.000000 0.000000 -0.000000 0.000000 0.000000 -0.000000 0.000000 0.000000 -0.000000 0.000000 0.000000 -0.000000 0.000000 0.000000 -0.000000 0.000000 0.000000 -0.000000 0.000000 0.000000 -29.118512 -4.426801 9.638518 -52.701444 21.651872 -6.252637 1.621978 -1.446715 -23.313320 5.792273 -4.656040 -1.510472 -0.000000 0.000000 0.000000 -0.000000 0.000000 0.000000 -0.000000 0.000000 0.000000 -0.000000 0.000000 0.000000 -0.000000 0.000000 0.000000 -0.000000 0.000000 0.000000 -0.000000 0.000000 0.000000 -0.000000 0.000000 0.000000 -0.000000 0.000000 0.000000 -0.000000 0.000000 0.000000 -0.000000 0.000000 0.000000 -0.000000 0.000000 0.000000 -0.000000 0.000000 0.000000 -0.000000 0.000000 0.000000 -0.000000 0.000000 0.000000
44.656693 272.254456 9.663185 -17.273470 84.525551 -146.734325 -4.494287 -21.930026 1.910746 1.245213 13.182327 9.034080 -1.870876 1.613857 -4.834967 -7.521360 -14.982577 -13.994276 0.249353 -32.613166 -4.663241 -4.295884 37.492441 -5.706185 -7.486167 -7.430646 4.645587 6.491099 -1.487738 -5.718518 -3.263839 17.704306 4.395653 -1.327715 -6.548473 -2.301725 2.258237 8.727011 3.096612 -3.844454 21.968241 -4.465210 11.652592 33.871962 -1.316486 -0.000000 0.000000 0.000000 -0.000000 0.000000 0.000000 -0.000000 0.000000 0.000000 26.521921 -2.922087 -17.347066 51.194779 14.936530 13.812248 -14.110642 12.368001 40.253217 -4.234047 7.010212 1.139985 -0.000000 0.000000 0.000000 -0.000000 0.000000 0.000000 -0.000000 0.000000 0.000000 -0.000000 0.000000 0.000000 -0.000000 0.000000 0.000000 -0.000000 0.000000 0.000000 -0.000000 0.000000 0.000000 -0.000000 0.000000 0.000000 -0.000000 0.000000 0.000000 -0.000000 0.000000 0.000000 -0.000000 0.000000 0.000000 -0.000000 0.000000 0.000000 -0.000000 0.000000 0.000000 -0.000000 0.000000 0.000000 -0.000000 0.000000 0.000000 -29.199789 -4.620361 12.091353 -55.017136 21.691780 -6.428043 1.772874 -1.727962 -21.117361 5.854231 -4.305989 -1.814520 -0.000000 0.000000 0.000000 -0.000000 0.000000 0.000000 -0.000000 0.000000 0.000000 -0.000000 0.000000 0.000000 -0.000000 0.000000 0.000000 -0.000000 0.000000 0.000000 -0.000000 0.000000 0.000000 -0.000000 0.000000 0.000000 -0.000000 0.000000 0.000000 -0.000000 0.000000 0.000000 -0.000000 0.000000 0.000000 -0.000000 0.000000 0.000000 -0.000000 0.000000 0.000000 -0.000000 0.000000 0.000000 -0.000000 0.000000 0.000000
45.332302 273.489105 9.908426 -17.542648 84.155805 -146.787483 -3.790273 -21.089190 1.889340 1.523660 12.670674 8.353259 -2.370973 1.457992 -4.916080 -6.636520 -14.211362 -13.156010 -1.156862 -33.456073 -5.085539 -5.918947 33.006213 -3.893174 -8.247673 -6.105293 3.938000 6.644894 -0.491725 -5.738516 -3.263551 17.840923 4.552006 -1.731293 -6.241114 -1.906096 1.883326 8.504474 3.144117 -3.582404 21.537402 -5.076924 11.185678 33.029511 -1.483799 -0.000000 0.000000 0.000000 -0.000000 0.000000 0.000000 -0.000000 0.000000 0.000000 26.297297 -2.448037 -16.028648 50.773151 14.884344 13.865660 -13.677009 11.765419 39.851934 -4.031785 6.818590 1.076008 -0.000000 0.000000 0.000000 -0.000000 0.000000 0.000000 -0.000000 0.000000 0.000000 -0.000000 0.000000 0.000000 -0.000000 0.000000 0.000000 -0.000000 0.000000 0.000000 -0.000000 0.000000 0.000000 -0.000000 0.000000 0.000000 -0.000000 0.000000 0.000000 -0.000000 0.000000 0.000000 -0.000000 0.000000 0.000000 -0.000000 0.000000 0.000000 -0.000000 0.000000 0.000000 -0.000000 0.000000 0.000000 -0.000000 0.000000 0.000000 -29.177819 -4.082573 11.139701 -53.826518 21.447116 -6.755782 1.839485 -1.336062 -21.775365 5.376797 -4.077949 -1.569637 -0.000000 0.000000 0.000000 -0.000000 0.000000 0.000000 -0.000000 0.000000 0.000000 -0.000000 0.000000 0.000000 -0.000000 0.000000 0.000000 -0.000000 0.000000 0.000000 -0.000000 0.000000 0.000000 -0.000000 0.000000 0.000000 -0.000000 0.000000 0.000000 -0.000000 0.000000 0.000000 -0.000000 0.000000 0.000000 -0.000000 0.000000 0.000000 -0.000000 0.000000 0.000000 -0.000000 0.000000 0.000000 -0.000000 0.000000 0.000000
46.000835 274.657227 10.126276 -17.732021 83.865908 -146.989358 -3.101749 -20.436417 1.857886 1.783894 12.420495 7.865536 -2.731169 1.351833 -4.774628 -5.692271 -13.567000 -12.470392 -2.541781 -34.094234 -5.514995 -7.267944 29.216290 -2.438768 -8.772736 -5.033618 3.279154 6.823395 0.393851 -5.838001 -3.348270 18.116123 4.584986 -2.119034 -6.036573 -1.695357 1.503336 8.215073 3.140933 -3.365505 21.211928 -5.334523 10.690568 32.094494 -1.429600 -0.000000 0.000000 0.000000 -0.000000 0.000000 0.000000 -0.000000 0.000000 0.000000 26.126829 -2.024967 -14.642349 50.440082 14.918716 13.843753 -13.164737 11.104618 39.299153 -3.569064 6.803676 0.834374 -0.000000 0.000000 0.000000 -0.000000 0.000000 0.000000 -0.000000 0.000000 0.000000 -0.000000 0.000000 0.000000 -0.000000 0.000000 0.000000 -0.000000 0.000000 0.000000 -0.000000 0.000000 0.000000 -0.000000 0.000000 0.000000 -0.000000 0.000000 0.000000 -0.000000 0.000000 0.000000 -0.000000 0.000000 0.000000 -0.000000 0.000000 0.000000 -0.000000 0.000000 0.000000 -0.000000 0.000000 0.000000 -0.000000 0.000000 0.000000 -29.167929 -3.568561 10.147386 -52.752933 21.277398 -6.869421 1.939474 -0.939669 -22.480132 4.928296 -3.581028 -1.540991 -0.000000 0.000000 0.000000 -0.000000 0.000000 0.000000 -0.000000 0.000000 0.000000 -0.000000 0.000000 0.000000 -0.000000 0.000000 0.000000 -0.000000 0.000000 0.000000 -0.000000 0.000000 0.000000 -0.000000 0.000000 0.000000 -0.000000 0.000000 0.000000 -0.000000 0.000000 0.000000 -0.000000 0.000000 0.000000 -0.000000 0.000000 0.000000 -0.000000 0.000000 0.000000 -0.000000 0.000000 0.000000 -0.000000 0.000000 0.000000
46.621002 275.815002 10.287235 -17.763327 83.647918 -147.578162 -2.397267 -19.905471 1.830268 2.103508 12.378294 7.456125 -2.872746 1.449072 -4.544762 -4.903652 -13.087083 -11.877777 -3.868031 -34.149435 -5.917017 -8.146671 25.742859 -1.337301 -8.883261 -4.174867 2.938610 7.001546 1.193311 -5.955386 -3.492797 18.242689 4.627711 -2.415873 -5.865494 -1.411277 1.177981 7.902140 3.141613 -3.094543 21.069439 -5.444587 10.140269 31.150722 -1.359352 -0.000000 0.000000 0.000000 -0.000000 0.000000 0.000000 -0.000000 0.000000 0.000000 25.925622 -1.546761 -13.443217 50.285211 14.799016 13.727435 -12.780100 10.563566 38.745517 -3.234483 6.797960 0.504314 -0.000000 0.000000 0.000000 -0.000000 0.000000 0.000000 -0.000000 0.000000 0.000000 -0.000000 0.000000 0.000000 -0.000000 0.000000 0.000000 -0.000000 0.000000 0.000000 -0.000000 0.000000 0.000000 -0.000000 0.000000 0.000000 -0.000000 0.000000 0.000000 -0.000000 0.000000 0.000000 -0.000000 0.000000 0.000000 -0.000000 0.000000 0.000000 -0.000000 0.000000 0.000000 -0.000000 0.000000 0.000000 -0.000000 0.000000 0.000000 -28.986116 -3.124157 9.322616 -52.043954 20.986506 -6.749555 2.131661 -0.400333 -23.053674 4.718955 -3.205588 -1.454636 -0.000000 0.000000 0.000000 -0.000000 0.000000 0.000000 -0.000000 0.000000 0.000000 -0.000000 0.000000 0.000000 -0.000000 0.000000 0.000000 -0.000000 0.000000 0.000000 -0.000000 0.000000 0.000000 -0.000000 0.000000 0.000000 -0.000000 0.000000 0.000000 -0.000000 0.000000 0.000000 -0.000000 0.000000 0.000000 -0.000000 0.000000 0.000000 -0.000000 0.000000 0.000000 -0.000000 0.000000 0.000000 -0.000000 0.000000 0.000000
47.194763 276.963470 10.394777 -17.761142 83.546771 -148.417547 -1.720749 -19.680675 1.892852 2.476503 12.813010 7.146810 -2.880515 1.735104 -4.163182 -4.210576 -12.916880 -11.491744 -5.035573 -33.811275 -6.208540 -8.676964 23.161132 -0.605621 -8.609385 -3.611863 2.879023 7.013170 1.777336 -6.082767 -3.647211 18.419625 4.637025 -2.658819 -5.777033 -1.108972 0.907722 7.580312 3.182988 -2.839252 21.092364 -5.126559 9.666534 30.370353 -1.154622 -0.000000 0.000000 0.000000 -0.000000 0.000000 0.000000 -0.000000 0.000000 0.000000 25.827967 -1.127845 -12.407566 50.133614 14.690458 13.774761 -12.489492 9.806967 38.311325 -2.928891 6.783155 0.098196 -0.000000 0.000000 0.000000 -0.000000 0.000000 0.000000 -0.000000 0.000000 0.000000 -0.000000 0.000000 0.000000 -0.000000 0.000000 0.000000 -0.000000 0.000000 0.000000 -0.000000 0.000000 0.000000 -0.000000 0.000000 0.000000 -0.000000 0.000000 0.000000 -0.000000 0.000000 0.000000 -0.000000 0.000000 0.000000 -0.000000 0.000000 0.000000 -0.000000 0.000000 0.000000 -0.000000 0.000000 0.000000 -0.000000 0.000000 0.000000 -28.887609 -2.723552 8.581600 -51.551074 20.891605 -6.498491 2.361562 -0.000391 -23.835759 4.388569 -2.916412 -1.427027 -0.000000 0.000000 0.000000 -0.000000 0.000000 0.000000 -0.000000 0.000000 0.000000 -0.000000 0.000000 0.000000 -0.000000 0.000000 0.000000 -0.000000 0.000000 0.000000 -0.000000 0.000000 0.000000 -0.000000 0.000000 0.000000 -0.000000 0.000000 0.000000 -0.000000 0.000000 0.000000 -0.000000 0.000000 0.000000 -0.000000 0.000000 0.000000 -0.000000 0.000000 0.000000 -0.000000 0.000000 0.000000 -0.000000 0.000000 0.000000
47.680943 278.152039 10.360654 -18.237611 83.542632 -149.031940 -1.093032 -19.300902 1.981589 2.877282 13.314705 6.909572 -2.797098 2.025132 -3.845125 -3.524149 -12.770420 -11.221671 -5.950022 -32.763736 -6.190705 -8.964713 21.023380 0.028113 -7.858188 -3.436068 3.151177 6.787260 2.282086 -6.119179 -3.839002 18.446767 4.627917 -2.860565 -5.633967 -0.786200 0.689967 7.301833 3.247508 -2.594613 21.033704 -4.493600 9.222931 29.519827 -0.860156 -0.000000 0.000000 0.000000 -0.000000 0.000000 0.000000 -0.000000 0.000000 0.000000 25.759289 -0.736534 -11.456743 49.985466 14.603369 13.921719 -12.221804 8.957958 37.780060 -2.553056 6.715445 -0.311307 -0.000000 0.000000 0.000000 -0.000000 0.000000 0.000000 -0.000000 0.000000 0.000000 -0.000000 0.000000 0.000000 -0.000000 0.000000 0.000000 -0.000000 0.000000 0.000000 -0.000000 0.000000 0.000000 -0.000000 0.000000 0.000000 -0.000000 0.000000 0.000000 -0.000000 0.000000 0.000000 -0.000000 0.000000 0.000000 -0.000000 0.000000 0.000000 -0.000000 0.000000 0.000000 -0.000000 0.000000 0.000000 -0.000000 0.000000 0.000000 -28.724019 -2.358388 7.970133 -51.168902 20.586544 -6.108944 2.667918 0.372266 -24.525530 4.004526 -2.935380 -1.393835 -0.000000 0.000000 0.000000 -0.000000 0.000000 0.000000 -0.000000 0.000000 0.000000 -0.000000 0.000000 0.000000 -0.000000 0.000000 0.000000 -0.000000 0.000000 0.000000 -0.000000 0.000000 0.000000 -0.000000 0.000000 0.000000 -0.000000 0.000000 0.000000 -0.000000 0.000000 0.000000 -0.000000 0.000000 0.000000 -0.000000 0.000000 0.000000 -0.000000 0.000000 0.000000 -0.000000 0.000000 0.000000 -0.000000 0.000000 0.000000
48.094357 279.316772 10.296187 -18.767160 83.561004 -149.730205 -0.671850 -19.440563 2.120220 3.247857 14.425584 6.930039 -2.481115 2.422902 -3.356906 -3.169340 -12.836814 -11.102160 -6.648329 -31.720044 -6.071085 -9.028008 19.994174 0.531768 -6.795450 -3.653880 3.678446 6.559902 2.586479 -6.178996 -4.055021 18.522003 4.588208 -3.046085 -5.480246 -0.472137 0.489008 7.050016 3.332904 -2.385484 20.933047 -3.838419 8.897588 28.684100 -0.526935 -0.000000 0.000000 0.000000 -0.000000 0.000000 0.000000 -0.000000 0.000000 0.000000 25.815585 -0.453862 -10.663553 49.844469 14.496459 14.038952 -11.935338 8.343776 37.362074 -2.089609 6.446538 -0.763448 -0.000000 0.000000 0.000000 -0.000000 0.000000 0.000000 -0.000000 0.000000 0.000000 -0.000000 0.000000 0.000000 -0.000000 0.000000 0.000000 -0.000000 0.000000 0.000000 -0.000000 0.000000 0.000000 -0.000000 0.000000 0.000000 -0.000000 0.000000 0.000000 -0.000000 0.000000 0.000000 -0.000000 0.000000 0.000000 -0.000000 0.000000 0.000000 -0.000000 0.000000 0.000000 -0.000000 0.000000 0.000000 -0.000000 0.000000 0.000000 -28.659931 -2.030641 7.364201 -50.937277 20.331026 -5.736552 2.711861 0.691049 -24.989252 3.529226 -3.047922 -1.365331 -0.000000 0.000000 0.000000 -0.000000 0.000000 0.000000 -0.000000 0.000000 0.000000 -0.000000 0.000000 0.000000 -0.000000 0.000000 0.000000 -0.000000 0.000000 0.000000 -0.000000 0.000000 0.000000 -0.000000 0.000000 0.000000 -0.000000 0.000000 0.000000 -0.000000 0.000000 0.000000 -0.000000 0.000000 0.000000 -0.000000 0.000000 0.000000 -0.000000 0.000000 0.000000 -0.000000 0.000000 0.000000 -0.000000 0.000000 0.000000
48.436169 280.462402 10.231683 -19.500493 83.608137 -150.297676 -0.397120 -19.820406 2.445684 3.568754 16.034352 7.137450 -2.087361 2.649391 -2.848591 -3.009960 -13.079214 -11.018300 -7.031256 -30.289839 -5.685728 -8.843525 19.267040 0.804083 -5.679218 -4.020495 4.328074 6.420906 2.671014 -6.198096 -4.267148 18.570012 4.430389 -3.187251 -5.357053 -0.159529 0.346192 6.859069 3.423293 -2.322699 20.582412 -3.394794 8.574311 28.077735 -0.334060 -0.000000 0.000000 0.000000 -0.000000 0.000000 0.000000 -0.000000 0.000000 0.000000 25.961654 -0.295887 -9.943810 49.629444 14.381152 14.165466 -11.687679 7.971852 36.695377 -1.947873 6.422496 -1.178048 -0.000000 0.000000 0.000000 -0.000000 0.000000 0.000000 -0.000000 0.000000 0.000000 -0.000000 0.000000 0.000000 -0.000000 0.000000 0.000000 -0.000000 0.000000 0.000000 -0.000000 0.000000 0.000000 -0.000000 0.000000 0.000000 -0.000000 0.000000 0.000000 -0.000000 0.000000 0.000000 -0.000000 0.000000 0.000000 -0.000000 0.000000 0.000000 -0.000000 0.000000 0.000000 -0.000000 0.000000 0.000000 -0.000000 0.000000 0.000000 -28.612285 -1.806464 6.843295 -50.824524 20.144867 -5.335608 2.741999 1.154773 -25.122136 3.193815 -3.145074 -1.302766 -0.000000 0.000000 0.000000 -0.000000 0.000000 0.000000 -0.000000 0.000000 0.000000 -0.000000 0.000000 0.000000 -0.000000 0.000000 0.000000 -0.000000 0.000000 0.000000 -0.000000 0.000000 0.000000 -0.000000 0.000000 0.000000 -0.000000 0.000000 0.000000 -0.000000 0.000000 0.000000 -0.000000 0.000000 0.000000 -0.000000 0.000000 0.000000 -0.000000 0.000000 0.000000 -0.000000 0.000000 0.000000 -0.000000 0.000000 0.000000
48.180069 284.309326 10.401974 -16.215376 83.059489 -153.252333 1.067232 -21.780944 3.757668 2.897697 17.670833 8.284256 -4.861724 -0.577023 -2.645869 -1.201296 -13.175762 -11.965630 -9.208253 -31.918221 -8.290480 -7.897693 21.462417 0.451882 -3.712822 -4.986612 5.174838 5.227703 4.062531 -6.341376 -5.708037 18.900770 5.427168 -3.385486 -6.164436 -0.614354 0.494969 7.162991 4.038687 -3.627868 23.612005 -2.671764 9.918576 31.438085 -2.198703 -0.000000 0.000000 0.000000 -0.000000 0.000000 0.000000 -0.000000 0.000000 0.000000 27.784108 -0.626413 -12.964156 51.741226 14.884140 13.694568 -13.450319 11.263794 38.203524 -0.515447 6.818337 -0.553013 -0.000000 0.000000 0.000000 -0.000000 0.000000 0.000000 -0.000000 0.000000 0.000000 -0.000000 0.000000 0.000000 -0.000000 0.000000 0.000000 -0.000000 0.000000 0.000000 -0.000000 0.000000 0.000000 -0.000000 0.000000 0.000000 -0.000000 0.000000 0.000000 -0.000000 0.000000 0.000000 -0.000000 0.000000 0.000000 -0.000000 0.000000 0.000000 -0.000000 0.000000 0.000000 -0.000000 0.000000 0.000000 -0.000000 0.000000 0.000000 -28.456128 -2.773278 9.981040 -52.969898 20.417579 -5.488934 2.741682 1.562132 -23.374593 3.822190 -4.427743 -2.041094 -0.000000 0.000000 0.000000 -0.000000 0.000000 0.000000 -0.000000 0.000000 0.000000 -0.000000 0.000000 0.000000 -0.000000 0.000000 0.000000 -0.000000 0.000000 0.000000 -0.000000 0.000000 0.000000 -0.000000 0.000000 0.000000 -0.000000 0.000000 0.000000 -0.000000 0.000000 0.000000 -0.000000 0.000000 0.000000 -0.000000 0.000000 0.000000 -0.000000 0.000000 0.000000 -0.000000 0.000000 0.000000 -0.000000 0.000000 0.000000
48.445187 285.340607 10.408066 -16.595461 83.472368 -153.692836 1.751899 -22.233977 4.006282 3.112134 20.545893 7.841283 -5.866205 -1.438868 -2.707537 -0.517255 -13.194595 -12.213053 -8.623807 -30.743056 -7.382891 -7.690690 21.556391 0.712571 -2.681597 -5.675011 5.980293 4.563299 4.249302 -6.228975 -5.583660 18.744609 5.148263 -3.463507 -6.019788 -0.445956 0.443805 7.118601 4.000874 -3.939429 23.098834 -2.434011 10.111346 31.145006 -2.439533 -0.000000 0.000000 0.000000 -0.000000 0.000000 0.000000 -0.000000 0.000000 0.000000 27.894045 -0.356720 -12.562665 51.305998 14.668826 13.697447 -13.142244 11.855903 37.930532 0.535210 5.855809 -0.649943 -0.000000 0.000000 0.000000 -0.000000 0.000000 0.000000 -0.000000 0.000000 0.000000 -0.000000 0.000000 0.000000 -0.000000 0.000000 0.000000 -0.000000 0.000000 0.000000 -0.000000 0.000000 0.000000 -0.000000 0.000000 0.000000 -0.000000 0.000000 0.000000 -0.000000 0.000000 0.000000 -0.000000 0.000000 0.000000 -0.000000 0.000000 0.000000 -0.000000 0.000000 0.000000 -0.000000 0.000000 0.000000 -0.000000 0.000000 0.000000 -28.699196 -2.572407 9.275110 -52.001990 20.404656 -5.956295 2.351701 1.873914 -23.487821 3.624979 -3.870514 -1.928600 -0.000000 0.000000 0.000000 -0.000000 0.000000 0.000000 -0.000000 0.000000 0.000000 -0.000000 0.000000 0.000000 -0.000000 0.000000 0.000000 -0.000000 0.000000 0.000000 -0.000000 0.000000 0.000000 -0.000000 0.000000 0.000000 -0.000000 0.000000 0.000000 -0.000000 0.000000 0.000000 -0.000000 0.000000 0.000000 -0.000000 0.000000 0.000000 -0.000000 0.000000 0.000000 -0.000000 0.000000 0.000000 -0.000000 0.000000 0.000000
48.712002 286.355530 10.545701 -16.210377 83.991816 -154.395776 2.231546 -23.243100 4.315464 3.727589 24.631397 7.542318 -6.100520 -1.692412 -2.009778 0.001552 -13.663448 -12.515525 -8.087208 -29.829465 -6.631418 -7.505258 22.162905 0.866984 -1.843576 -6.310821 6.393434 4.128489 4.232653 -6.301524 -5.383709 18.750439 4.695168 -3.476290 -5.897874 -0.434886 0.451854 7.085248 3.889784 -4.285093 22.703410 -2.127475 10.310100 31.048644 -2.627084 -0.000000 0.000000 0.000000 -0.000000 0.000000 0.000000 -0.000000 0.000000 0.000000 28.040774 -0.193114 -12.001651 50.886279 14.606958 13.572996 -12.701040 12.103805 37.703934 1.103261 5.249898 -0.820598 -0.000000 0.000000 0.000000 -0.000000 0.000000 0.000000 -0.000000 0.000000 0.000000 -0.000000 0.000000 0.000000 -0.000000 0.000000 0.000000 -0.000000 0.000000 0.000000 -0.000000 0.000000 0.000000 -0.000000 0.000000 0.000000 -0.000000 0.000000 0.000000 -0.000000 0.000000 0.000000 -0.000000 0.000000 0.000000 -0.000000 0.000000 0.000000 -0.000000 0.000000 0.000000 -0.000000 0.000000 0.000000 -0.000000 0.000000 0.000000 -28.924466 -2.394273 8.378023 -51.102117 20.506416 -6.526050 1.813200 2.065780 -23.879236 3.358457 -3.569355 -1.795985 -0.000000 0.000000 0.000000 -0.000000 0.000000 0.000000 -0.000000 0.000000 0.000000 -0.000000 0.000000 0.000000 -0.000000 0.000000 0.000000 -0.000000 0.000000 0.000000 -0.000000 0.000000 0.000000 -0.000000 0.000000 0.000000 -0.000000 0.000000 0.000000 -0.000000 0.000000 0.000000 -0.000000 0.000000 0.000000 -0.000000 0.000000 0.000000 -0.000000 0.000000 0.000000 -0.000000 0.000000 0.000000 -0.000000 0.000000 0.000000
48.931774 287.385956 10.764923 -14.954542 84.566397 -155.678182 2.479387 -24.641376 4.471134 4.958507 29.360570 7.201740 -5.336407 -0.817468 -0.485276 0.211775 -14.605380 -12.747652 -7.338034 -28.653825 -5.830664 -7.260361 22.539848 0.610572 -1.296798 -6.570597 6.478875 4.148454 3.951073 -6.501562 -5.042412 18.558456 4.077378 -3.415517 -5.640931 -0.424788 0.513098 6.977942 3.687609 -4.674651 22.355132 -1.882106 10.262593 30.923315 -2.472104 -0.000000 0.000000 0.000000 -0.000000 0.000000 0.000000 -0.000000 0.000000 0.000000 28.039848 -0.043113 -11.521888 50.537770 14.672777 13.179889 -12.296496 12.342856 37.551863 1.360598 4.785936 -1.019395 -0.000000 0.000000 0.000000 -0.000000 0.000000 0.000000 -0.000000 0.000000 0.000000 -0.000000 0.000000 0.000000 -0.000000 0.000000 0.000000 -0.000000 0.000000 0.000000 -0.000000 0.000000 0.000000 -0.000000 0.000000 0.000000 -0.000000 0.000000 0.000000 -0.000000 0.000000 0.000000 -0.000000 0.000000 0.000000 -0.000000 0.000000 0.000000 -0.000000 0.000000 0.000000 -0.000000 0.000000 0.000000 -0.000000 0.000000 0.000000 -28.933684 -2.212994 7.569960 -50.472434 20.543276 -7.015081 1.208490 2.158352 -23.971113 2.732196 -3.388052 -1.483873 -0.000000 0.000000 0.000000 -0.000000 0.000000 0.000000 -0.000000 0.000000 0.000000 -0.000000 0.000000 0.000000 -0.000000 0.000000 0.000000 -0.000000 0.000000 0.000000 -0.000000 0.000000 0.000000 -0.000000 0.000000 0.000000 -0.000000 0.000000 0.000000 -0.000000 0.000000 0.000000 -0.000000 0.000000 0.000000 -0.000000 0.000000 0.000000 -0.000000 0.000000 0.000000 -0.000000 0.000000 0.000000 -0.000000 0.000000 0.000000
49.121639 288.446136 11.054440 -11.725402 85.187805 -158.566830 2.434360 -26.572797 4.512780 6.922387 34.529003 6.577178 -3.681356 1.165173 2.011001 0.068762 -16.080574 -12.932778 -6.394508 -27.241577 -4.852485 -6.962767 22.725085 0.066834 -1.213529 -6.372319 6.165069 4.464664 3.323803 -6.853172 -4.552345 18.423415 3.269704 -3.308078 -5.406854 -0.387353 0.604081 6.796270 3.418043 -4.983490 22.067268 -1.548101 10.097841 30.927333 -2.008711 -0.000000 0.000000 0.000000 -0.000000 0.000000 0.000000 -0.000000 0.000000 0.000000 27.957959 0.143086 -11.125324 50.223446 14.910192 12.677860 -12.064952 12.400083 37.529954 1.355497 4.359803 -1.108170 -0.000000 0.000000 0.000000 -0.000000 0.000000 0.000000 -0.000000 0.000000 0.000000 -0.000000 0.000000 0.000000 -0.000000 0.000000 0.000000 -0.000000 0.000000 0.000000 -0.000000 0.000000 0.000000 -0.000000 0.000000 0.000000 -0.000000 0.000000 0.000000 -0.000000 0.000000 0.000000 -0.000000 0.000000 0.000000 -0.000000 0.000000 0.000000 -0.000000 0.000000 0.000000 -0.000000 0.000000 0.000000 -0.000000 0.000000 0.000000 -28.886621 -1.971751 6.702081 -49.971753 20.570054 -7.347298 0.756378 2.268353 -23.936625 1.641904 -3.094022 -0.933490 -0.000000 0.000000 0.000000 -0.000000 0.000000 0.000000 -0.000000 0.000000 0.000000 -0.000000 0.000000 0.000000 -0.000000 0.000000 0.000000 -0.000000 0.000000 0.000000 -0.000000 0.000000 0.000000 -0.000000 0.000000 0.000000 -0.000000 0.000000 0.000000 -0.000000 0.000000 0.000000 -0.000000 0.000000 0.000000 -0.000000 0.000000 0.000000 -0.000000 0.000000 0.000000 -0.000000 0.000000 0.000000 -0.000000 0.000000 0.000000
49.264168 289.470703 11.363630 -6.533706 85.830699 -163.255548 2.075058 -28.794078 4.344976 9.484591 39.509348 5.561129 -1.176358 4.618370 5.137107 -0.469331 -17.820712 -13.141921 -5.209261 -25.462828 -3.579481 -6.633823 22.379472 -0.724377 -1.337994 -5.734812 5.746574 4.978399 2.403363 -7.176756 -4.000863 18.249265 2.330648 -3.109936 -5.175786 -0.312932 0.725441 6.623080 3.099651 -5.090668 21.817802 -1.141116 9.781204 30.834210 -1.397243 -0.000000 0.000000 0.000000 -0.000000 0.000000 0.000000 -0.000000 0.000000 0.000000 27.706230 0.362238 -10.811605 50.076846 15.213523 12.049449 -11.751674 12.134530 37.290997 1.377950 4.068947 -1.128199 -0.000000 0.000000 0.000000 -0.000000 0.000000 0.000000 -0.000000 0.000000 0.000000 -0.000000 0.000000 0.000000 -0.000000 0.000000 0.000000 -0.000000 0.000000 0.000000 -0.000000 0.000000 0.000000 -0.000000 0.000000 0.000000 -0.000000 0.000000 0.000000 -0.000000 0.000000 0.000000 -0.000000 0.000000 0.000000 -0.000000 0.000000 0.000000 -0.000000 0.000000 0.000000 -0.000000 0.000000 0.000000 -0.000000 0.000000 0.000000 -28.690688 -1.726503 5.862651 -49.629074 20.482909 -7.490764 0.479492 2.470864 -23.785813 0.333975 -2.944111 -0.204139 -0.000000 0.000000 0.000000 -0.000000 0.000000 0.000000 -0.000000 0.000000 0.000000 -0.000000 0.000000 0.000000 -0.000000 0.000000 0.000000 -0.000000 0.000000 0.000000 -0.000000 0.000000 0.000000 -0.000000 0.000000 0.000000 -0.000000 0.000000 0.000000 -0.000000 0.000000 0.000000 -0.000000 0.000000 0.000000 -0.000000 0.000000 0.000000 -0.000000 0.000000 0.000000 -0.000000 0.000000 0.000000 -0.000000 0.000000 0.000000
49.367714 290.387512 11.768183 1.083814 86.409527 -170.200350 1.243594 -31.537954 3.912568 12.530125 44.329809 3.878036 1.615454 9.396911 8.192340 -1.438822 -19.630755 -13.261897 -4.008948 -23.756509 -2.282988 -6.317537 22.156438 -1.609324 -1.705214 -4.874834 5.011850 5.535855 1.286168 -7.412954 -3.454315 18.319319 1.324218 -2.897556 -4.972738 -0.307638 0.839085 6.428645 2.770800 -5.057100 21.426017 -1.056682 9.372158 30.548754 -0.929996 -0.000000 0.000000 0.000000 -0.000000 0.000000 0.000000 -0.000000 0.000000 0.000000 27.301999 0.476648 -10.553287 50.053460 15.527723 11.299494 -11.344717 11.735180 37.253974 1.235055 3.493048 -1.282769 -0.000000 0.000000 0.000000 -0.000000 0.000000 0.000000 -0.000000 0.000000 0.000000 -0.000000 0.000000 0.000000 -0.000000 0.000000 0.000000 -0.000000 0.000000 0.000000 -0.000000 0.000000 0.000000 -0.000000 0.000000 0.000000 -0.000000 0.000000 0.000000 -0.000000 0.000000 0.000000 -0.000000 0.000000 0.000000 -0.000000 0.000000 0.000000 -0.000000 0.000000 0.000000 -0.000000 0.000000 0.000000 -0.000000 0.000000 0.000000 -28.385583 -1.444126 5.087157 -49.254533 20.431246 -7.810908 0.303711 2.670333 -23.824866 -0.858738 -3.087380 0.553536 -0.000000 0.000000 0.000000 -0.000000 0.000000 0.000000 -0.000000 0.000000 0.000000 -0.000000 0.000000 0.000000 -0.000000 0.000000 0.000000 -0.000000 0.000000 0.000000 -0.000000 0.000000 0.000000 -0.000000 0.000000 0.000000 -0.000000 0.000000 0.000000 -0.000000 0.000000 0.000000 -0.000000 0.000000 0.000000 -0.000000 0.000000 0.000000 -0.000000 0.000000 0.000000 -0.000000 0.000000 0.000000 -0.000000 0.000000 0.000000
49.445675 291.228271 12.210517 9.898378 86.853698 -178.263955 0.121370 -34.261295 3.562276 15.152699 48.426347 2.010592 3.846481 13.561600 9.915205 -2.491905 -20.926058 -13.256206 -2.979498 -21.958091 -1.229901 -5.810872 21.450985 -2.879313 -2.092883 -3.864623 4.543872 6.208939 0.271902 -7.486362 -2.907754 18.488439 0.355431 -2.623838 -4.846343 -0.292762 0.896796 6.314855 2.529084 -5.096789 20.874530 -0.897207 8.730300 30.285677 -0.588561 -0.000000 0.000000 0.000000 -0.000000 0.000000 0.000000 -0.000000 0.000000 0.000000 26.988856 0.405840 -10.355517 49.892535 15.403530 10.619020 -10.558332 11.381648 36.966639 1.062322 2.764041 -1.660681 -0.000000 0.000000 0.000000 -0.000000 0.000000 0.000000 -0.000000 0.000000 0.000000 -0.000000 0.000000 0.000000 -0.000000 0.000000 0.000000 -0.000000 0.000000 0.000000 -0.000000 0.000000 0.000000 -0.000000 0.000000 0.000000 -0.000000 0.000000 0.000000 -0.000000 0.000000 0.000000 -0.000000 0.000000 0.000000 -0.000000 0.000000 0.000000 -0.000000 0.000000 0.000000 -0.000000 0.000000 0.000000 -0.000000 0.000000 0.000000 -28.028259 -1.186980 4.361456 -48.829942 20.506765 -8.137938 0.300954 2.860022 -24.464780 -1.545461 -3.344048 1.296708 -0.000000 0.000000 0.000000 -0.000000 0.000000 0.000000 -0.000000 0.000000 0.000000 -0.000000 0.000000 0.000000 -0.000000 0.000000 0.000000 -0.000000 0.000000 0.000000 -0.000000 0.000000 0.000000 -0.000000 0.000000 0.000000 -0.000000 0.000000 0.000000 -0.000000 0.000000 0.000000 -0.000000 0.000000 0.000000 -0.000000 0.000000 0.000000 -0.000000 0.000000 0.000000 -0.000000 0.000000 0.000000 -0.000000 0.000000 0.000000
49.215919 294.990845 12.811653 22.690454 86.405864 171.730118 0.283430 -38.961969 5.381108 17.932537 52.512028 -2.272548 0.633327 9.974071 8.157876 -1.496883 -22.162452 -14.418241 -2.511963 -23.128479 -2.576251 -6.110290 23.520574 -5.402104 1.514921 -6.148933 3.108838 3.601810 1.690497 -5.371173 -3.761136 18.941708 0.189881 -2.278412 -6.276030 -1.302607 1.484578 7.265836 2.871781 -7.142404 23.485445 0.177260 10.712284 33.643535 -2.033308 -0.000000 0.000000 0.000000 -0.000000 0.000000 0.000000 -0.000000 0.000000 0.000000 27.706823 0.196149 -14.327475 52.322412 15.954476 10.735016 -13.157436 14.799752 36.183899 0.577976 -0.004203 -1.376434 -0.000000 0.000000 0.000000 -0.000000 0.000000 0.000000 -0.000000 0.000000 0.000000 -0.000000 0.000000 0.000000 -0.000000 0.000000 0.000000 -0.000000 0.000000 0.000000 -0.000000 0.000000 0.000000 -0.000000 0.000000 0.000000 -0.000000 0.000000 0.000000 -0.000000 0.000000 0.000000 -0.000000 0.000000 0.000000 -0.000000 0.000000 0.000000 -0.000000 0.000000 0.000000 -0.000000 0.000000 0.000000 -0.000000 0.000000 0.000000 -28.120415 -1.569759 8.348097 -52.075300 21.434039 -8.521153 0.792117 2.142747 -23.549453 -1.067878 -5.629355 0.115637 -0.000000 0.000000 0.000000 -0.000000 0.000000 0.000000 -0.000000 0.000000 0.000000 -0.000000 0.000000 0.000000 -0.000000 0.000000 0.000000 -0.000000 0.000000 0.000000 -0.000000 0.000000 0.000000 -0.000000 0.000000 0.000000 -0.000000 0.000000 0.000000 -0.000000 0.000000 0.000000 -0.000000 0.000000 0.000000 -0.000000 0.000000 0.000000 -0.000000 0.000000 0.000000 -0.000000 0.000000 0.000000 -0.000000 0.000000 0.000000
49.741436 296.082794 13.031233 29.117440 86.377867 166.408966 -1.827212 -38.904620 4.682017 15.832649 50.445645 -1.416538 -1.174951 7.834568 5.188782 -2.042043 -21.174885 -14.789221 -1.354788 -22.472420 -2.334424 -6.225681 23.899423 -5.893463 2.912931 -7.323286 3.647914 1.766151 2.397851 -3.852206 -3.487772 18.371511 -0.146684 -2.063477 -6.274378 -1.647640 1.629123 7.726813 2.623405 -7.388796 23.488014 0.042943 11.062232 33.887470 -1.964004 -0.000000 0.000000 0.000000 -0.000000 0.000000 0.000000 -0.000000 0.000000 0.000000 27.540613 0.243374 -15.111461 52.880563 15.988095 10.828161 -12.537287 14.248728 33.963027 0.959702 -2.544299 -1.665827 -0.000000 0.000000 0.000000 -0.000000 0.000000 0.000000 -0.000000 0.000000 0.000000 -0.000000 0.000000 0.000000 -0.000000 0.000000 0.000000 -0.000000 0.000000 0.000000 -0.000000 0.000000 0.000000 -0.000000 0.000000 0.000000 -0.000000 0.000000 0.000000 -0.000000 0.000000 0.000000 -0.000000 0.000000 0.000000 -0.000000 0.000000 0.000000 -0.000000 0.000000 0.000000 -0.000000 0.000000 0.000000 -0.000000 0.000000 0.000000 -27.958552 -1.443867 8.752549 -51.760784 21.452039 -9.455828 0.941708 2.008576 -23.610220 -0.863670 -7.201771 -0.176518 -0.000000 0.000000 0.000000 -0.000000 0.000000 0.000000 -0.000000 0.000000 0.000000 -0.000000 0.000000 0.000000 -0.000000 0.000000 0.000000 -0.000000 0.000000 0.000000 -0.000000 0.000000 0.000000 -0.000000 0.000000 0.000000 -0.000000 0.000000 0.000000 -0.000000 0.000000 0.000000 -0.000000 0.000000 0.000000 -0.000000 0.000000 0.000000 -0.000000 0.000000 0.000000 -0.000000 0.000000 0.000000 -0.000000 0.000000 0.000000
50.340431 297.193817 13.299211 33.216152 86.199987 163.608317 -4.134587 -37.973982 3.782124 12.264043 46.041813 0.846917 -1.940570 7.039336 2.492061 -3.128078 -20.333837 -15.140759 -0.273346 -22.268352 -2.330175 -6.277134 24.496023 -6.503017 3.688971 -8.604372 3.950344 0.424611 2.766606 -2.608375 -3.284546 17.724169 -0.350168 -1.709336 -6.104765 -2.077423 1.700649 8.035169 2.335563 -7.425996 23.539159 -0.193715 11.091059 33.722207 -1.470207 -0.000000 0.000000 0.000000 -0.000000 0.000000 0.000000 -0.000000 0.000000 0.000000 27.369859 0.116424 -15.553872 53.489154 16.238501 10.733640 -11.954345 13.656658 31.899231 1.227685 -3.982776 -1.998157 -0.000000 0.000000 0.000000 -0.000000 0.000000 0.000000 -0.000000 0.000000 0.000000 -0.000000 0.000000 0.000000 -0.000000 0.000000 0.000000 -0.000000 0.000000 0.000000 -0.000000 0.000000 0.000000 -0.000000 0.000000 0.000000 -0.000000 0.000000 0.000000 -0.000000 0.000000 0.000000 -0.000000 0.000000 0.000000 -0.000000 0.000000 0.000000 -0.000000 0.000000 0.000000 -0.000000 0.000000 0.000000 -0.000000 0.000000 0.000000 -27.783517 -1.193883 8.946047 -51.673603 21.331987 -10.060818 1.022597 1.557643 -23.636078 -0.257532 -8.232489 -0.602079 -0.000000 0.000000 0.000000 -0.000000 0.000000 0.000000 -0.000000 0.000000 0.000000 -0.000000 0.000000 0.000000 -0.000000 0.000000 0.000000 -0.000000 0.000000 0.000000 -0.000000 0.000000 0.000000 -0.000000 0.000000 0.000000 -0.000000 0.000000 0.000000 -0.000000 0.000000 0.000000 -0.000000 0.000000 0.000000 -0.000000 0.000000 0.000000 -0.000000 0.000000 0.000000 -0.000000 0.000000 0.000000 -0.000000 0.000000 0.000000
51.011902 298.349640 13.587424 36.159426 85.972376 162.003330 -6.343867 -36.131162 2.979682 8.510174 39.537960 3.605672 -1.312866 8.070638 0.373512 -4.680322 -19.744576 -15.292899 0.710246 -21.891610 -2.308863 -6.129633 24.652288 -7.300603 3.925081 -9.529622 4.054959 -0.446355 2.939122 -1.566284 -3.087275 16.955707 -0.436084 -1.229745 -5.761224 -2.442433 1.709245 8.113671 2.044952 -7.285346 23.506563 -0.447548 10.798974 33.377291 -0.957171 -0.000000 0.000000 0.000000 -0.000000 0.000000 0.000000 -0.000000 0.000000 0.000000 27.121597 -0.035803 -15.921671 54.173788 16.279840 10.392772 -11.510339 13.002484 30.315725 1.414787 -4.986360 -2.214368 -0.000000 0.000000 0.000000 -0.000000 0.000000 0.000000 -0.000000 0.000000 0.000000 -0.000000 0.000000 0.000000 -0.000000 0.000000 0.000000 -0.000000 0.000000 0.000000 -0.000000 0.000000 0.000000 -0.000000 0.000000 0.000000 -0.000000 0.000000 0.000000 -0.000000 0.000000 0.000000 -0.000000 0.000000 0.000000 -0.000000 0.000000 0.000000 -0.000000 0.000000 0.000000 -0.000000 0.000000 0.000000 -0.000000 0.000000 0.000000 -27.532775 -1.013342 9.007762 -51.705356 21.021147 -10.383383 1.099315 1.202659 -23.665219 0.384925 -8.476347 -0.830421 -0.000000 0.000000 0.000000 -0.000000 0.000000 0.000000 -0.000000 0.000000 0.000000 -0.000000 0.000000 0.000000 -0.000000 0.000000 0.000000 -0.000000 0.000000 0.000000 -0.000000 0.000000 0.000000 -0.000000 0.000000 0.000000 -0.000000 0.000000 0.000000 -0.000000 0.000000 0.000000 -0.000000 0.000000 0.000000 -0.000000 0.000000 0.000000 -0.000000 0.000000 0.000000 -0.000000 0.000000 0.000000 -0.000000 0.000000 0.000000
51.754425 299.587738 13.827661 37.701408 85.774166 161.830189 -8.414619 -33.813336 2.257843 5.382894 32.050105 6.058578 0.227340 10.255730 -1.124426 -6.367287 -19.456401 -15.313507 1.566144 -21.418315 -2.171858 -5.745492 24.616762 -8.089800 3.605926 -10.017243 3.964617 -1.105760 2.959106 -0.738186 -2.914211 16.376216 -0.463964 -0.699637 -5.509492 -2.750234 1.637575 8.027766 1.779114 -6.978716 23.572477 -0.561576 10.297033 32.900988 -0.214624 -0.000000 0.000000 0.000000 -0.000000 0.000000 0.000000 -0.000000 0.000000 0.000000 26.921887 -0.260693 -16.264154 54.904681 16.268508 9.901390 -11.246026 12.253772 29.170427 1.457017 -5.794706 -2.475590 -0.000000 0.000000 0.000000 -0.000000 0.000000 0.000000 -0.000000 0.000000 0.000000 -0.000000 0.000000 0.000000 -0.000000 0.000000 0.000000 -0.000000 0.000000 0.000000 -0.000000 0.000000 0.000000 -0.000000 0.000000 0.000000 -0.000000 0.000000 0.000000 -0.000000 0.000000 0.000000 -0.000000 0.000000 0.000000 -0.000000 0.000000 0.000000 -0.000000 0.000000 0.000000 -0.000000 0.000000 0.000000 -0.000000 0.000000 0.000000 -27.333285 -0.850615 8.843084 -51.780235 20.792392 -10.498424 1.287776 0.769037 -23.515667 0.722473 -8.170858 -0.821513 -0.000000 0.000000 0.000000 -0.000000 0.000000 0.000000 -0.000000 0.000000 0.000000 -0.000000 0.000000 0.000000 -0.000000 0.000000 0.000000 -0.000000 0.000000 0.000000 -0.000000 0.000000 0.000000 -0.000000 0.000000 0.000000 -0.000000 0.000000 0.000000 -0.000000 0.000000 0.000000 -0.000000 0.000000 0.000000 -0.000000 0.000000 0.000000 -0.000000 0.000000 0.000000 -0.000000 0.000000 0.000000 -0.000000 0.000000 0.000000
52.554871 300.907135 13.900137 38.430407 85.764763 162.340804 -10.317884 -30.828041 1.558165 3.090122 24.184126 7.798819 2.211891 12.891534 -2.446891 -8.029463 -19.178340 -15.153547 2.415654 -20.690118 -1.966148 -5.308614 24.663926 -8.839715 3.248052 -10.327302 3.945351 -1.717747 2.909681 0.048389 -2.775080 15.818633 -0.356260 -0.239096 -5.207119 -2.993082 1.558910 7.905888 1.548140 -6.639252 23.445492 -0.592877 9.649100 32.292003 0.389726 -0.000000 0.000000 0.000000 -0.000000 0.000000 0.000000 -0.000000 0.000000 0.000000 26.738779 -0.458772 -16.480281 55.568495 16.127370 9.444863 -10.983323 11.415818 28.294159 1.485934 -6.589500 -2.534836 -0.000000 0.000000 0.000000 -0.000000 0.000000 0.000000 -0.000000 0.000000 0.000000 -0.000000 0.000000 0.000000 -0.000000 0.000000 0.000000 -0.000000 0.000000 0.000000 -0.000000 0.000000 0.000000 -0.000000 0.000000 0.000000 -0.000000 0.000000 0.000000 -0.000000 0.000000 0.000000 -0.000000 0.000000 0.000000 -0.000000 0.000000 0.000000 -0.000000 0.000000 0.000000 -0.000000 0.000000 0.000000 -0.000000 0.000000 0.000000 -27.061760 -0.678777 8.719846 -51.721471 20.446512 -10.518591 1.624946 0.299063 -23.442151 0.988814 -7.825432 -0.813596 -0.000000 0.000000 0.000000 -0.000000 0.000000 0.000000 -0.000000 0.000000 0.000000 -0.000000 0.000000 0.000000 -0.000000 0.000000 0.000000 -0.000000 0.000000 0.000000 -0.000000 0.000000 0.000000 -0.000000 0.000000 0.000000 -0.000000 0.000000 0.000000 -0.000000 0.000000 0.000000 -0.000000 0.000000 0.000000 -0.000000 0.000000 0.000000 -0.000000 0.000000 0.000000 -0.000000 0.000000 0.000000 -0.000000 0.000000 0.000000
53.387325 302.296478 13.853330 37.961338 85.904134 163.922964 -12.246326 -28.197012 0.704467 1.500943 17.780049 9.154702 4.509570 15.850114 -3.417176 -9.644983 -19.123762 -14.888709 3.225447 -19.890654 -1.575637 -4.798459 24.926689 -9.650815 2.901043 -10.453442 3.798917 -2.185681 2.758214 0.694218 -2.718306 15.444065 -0.181643 0.146000 -4.855951 -3.070724 1.445186 7.727461 1.396993 -6.255825 23.553463 -0.741466 9.061899 31.578504 0.768552 -0.000000 0.000000 0.000000 -0.000000 0.000000 0.000000 -0.000000 0.000000 0.000000 26.521750 -0.514039 -16.655967 56.114351 15.925346 8.992097 -10.795201 11.142911 27.668560 1.621464 -7.371325 -2.558627 -0.000000 0.000000 0.000000 -0.000000 0.000000 0.000000 -0.000000 0.000000 0.000000 -0.000000 0.000000 0.000000 -0.000000 0.000000 0.000000 -0.000000 0.000000 0.000000 -0.000000 0.000000 0.000000 -0.000000 0.000000 0.000000 -0.000000 0.000000 0.000000 -0.000000 0.000000 0.000000 -0.000000 0.000000 0.000000 -0.000000 0.000000 0.000000 -0.000000 0.000000 0.000000 -0.000000 0.000000 0.000000 -0.000000 0.000000 0.000000 -26.719662 -0.456565 8.567833 -51.708550 20.028330 -10.450158 1.824757 0.042847 -23.233877 1.063803 -7.476073 -0.738384 -0.000000 0.000000 0.000000 -0.000000 0.000000 0.000000 -0.000000 0.000000 0.000000 -0.000000 0.000000 0.000000 -0.000000 0.000000 0.000000 -0.000000 0.000000 0.000000 -0.000000 0.000000 0.000000 -0.000000 0.000000 0.000000 -0.000000 0.000000 0.000000 -0.000000 0.000000 0.000000 -0.000000 0.000000 0.000000 -0.000000 0.000000 0.000000 -0.000000 0.000000 0.000000 -0.000000 0.000000 0.000000 -0.000000 0.000000 0.000000
54.333107 303.753723 13.657628 36.565741 86.162228 166.185340 -13.989554 -26.161122 -0.144922 0.396153 13.275015 10.448159 6.610276 18.081655 -4.299772 -11.084796 -19.306869 -14.720879 4.117622 -19.289772 -1.168644 -4.347430 25.834332 -10.318887 2.598778 -10.643156 3.907369 -2.449810 2.537290 1.083569 -2.702573 15.267987 0.062384 0.362232 -4.566780 -3.130159 1.320341 7.632133 1.302899 -5.998692 23.607136 -0.864539 8.610501 31.132351 0.721685 -0.000000 0.000000 0.000000 -0.000000 0.000000 0.000000 -0.000000 0.000000 0.000000 26.366497 -0.652347 -16.691986 56.377694 15.698430 8.833890 -10.425850 10.630324 27.224979 1.482042 -8.195388 -2.810344 -0.000000 0.000000 0.000000 -0.000000 0.000000 0.000000 -0.000000 0.000000 0.000000 -0.000000 0.000000 0.000000 -0.000000 0.000000 0.000000 -0.000000 0.000000 0.000000 -0.000000 0.000000 0.000000 -0.000000 0.000000 0.000000 -0.000000 0.000000 0.000000 -0.000000 0.000000 0.000000 -0.000000 0.000000 0.000000 -0.000000 0.000000 0.000000 -0.000000 0.000000 0.000000 -0.000000 0.000000 0.000000 -0.000000 0.000000 0.000000 -26.443778 -0.322324 8.458473 -51.342954 19.700440 -10.296489 1.909639 -0.076108 -23.140733 1.033999 -7.119334 -0.377342 -0.000000 0.000000 0.000000 -0.000000 0.000000 0.000000 -0.000000 0.000000 0.000000 -0.000000 0.000000 0.000000 -0.000000 0.000000 0.000000 -0.000000 0.000000 0.000000 -0.000000 0.000000 0.000000 -0.000000 0.000000 0.000000 -0.000000 0.000000 0.000000 -0.000000 0.000000 0.000000 -0.000000 0.000000 0.000000 -0.000000 0.000000 0.000000 -0.000000 0.000000 0.000000 -0.000000 0.000000 0.000000 -0.000000 0.000000 0.000000
54.620457 308.223083 13.372132 36.169168 85.730188 169.127555 -16.242019 -26.162052 -0.418649 -1.087786 10.909088 11.546812 11.671660 22.053398 -4.652726 -15.216268 -19.845700 -15.018767 4.561446 -20.732881 -1.717095 -2.484021 28.048670 -12.035842 1.711003 -12.360196 2.525310 -2.045926 2.209294 2.133269 -3.890965 15.173207 0.766990 0.520458 -4.493884 -3.369069 2.007565 7.475455 1.575248 -5.665045 26.978741 -2.583319 9.073887 34.119470 -0.448457 -0.000000 0.000000 0.000000 -0.000000 0.000000 0.000000 -0.000000 0.000000 0.000000 26.890476 -1.487079 -19.176704 59.053820 15.262998 7.641944 -10.647722 11.632570 26.077853 2.688249 -3.532596 -1.898245 -0.000000 0.000000 0.000000 -0.000000 0.000000 0.000000 -0.000000 0.000000 0.000000 -0.000000 0.000000 0.000000 -0.000000 0.000000 0.000000 -0.000000 0.000000 0.000000 -0.000000 0.000000 0.000000 -0.000000 0.000000 0.000000 -0.000000 0.000000 0.000000 -0.000000 0.000000 0.000000 -0.000000 0.000000 0.000000 -0.000000 0.000000 0.000000 -0.000000 0.000000 0.000000 -0.000000 0.000000 0.000000 -0.000000 0.000000 0.000000 -26.266703 -0.356621 11.182232 -55.123745 19.527267 -9.299224 2.627235 0.919219 -21.736492 2.400290 -6.326690 -1.542063 -0.000000 0.000000 0.000000 -0.000000 0.000000 0.000000 -0.000000 0.000000 0.000000 -0.000000 0.000000 0.000000 -0.000000 0.000000 0.000000 -0.000000 0.000000 0.000000 -0.000000 0.000000 0.000000 -0.000000 0.000000 0.000000 -0.000000 0.000000 0.000000 -0.000000 0.000000 0.000000 -0.000000 0.000000 0.000000 -0.000000 0.000000 0.000000 -0.000000 0.000000 0.000000 -0.000000 0.000000 0.000000 -0.000000 0.000000 0.000000
56.206459 310.278931 12.863770 33.351876 85.925252 172.231693 -16.664179 -25.225503 -0.958651 -0.938498 10.194829 10.802016 13.096170 22.655952 -5.219189 -15.890064 -19.696721 -14.517940 6.045439 -19.792513 -1.042879 -1.849318 28.595642 -12.146746 0.572223 -12.564489 2.593344 -1.346031 1.664031 1.791030 -3.928200 14.676540 0.836601 0.290625 -3.947079 -2.889907 2.222832 7.289035 1.516591 -5.472011 26.442154 -3.517457 9.333729 34.151263 -1.056598 -0.000000 0.000000 0.000000 -0.000000 0.000000 0.000000 -0.000000 0.000000 0.000000 26.655574 -1.211361 -18.700153 58.519647 14.896173 7.857750 -9.828958 11.415448 24.929926 2.754171 -3.069742 -1.546169 -0.000000 0.000000 0.000000 -0.000000 0.000000 0.000000 -0.000000 0.000000 0.000000 -0.000000 0.000000 0.000000 -0.000000 0.000000 0.000000 -0.000000 0.000000 0.000000 -0.000000 0.000000 0.000000 -0.000000 0.000000 0.000000 -0.000000 0.000000 0.000000 -0.000000 0.000000 0.000000 -0.000000 0.000000 0.000000 -0.000000 0.000000 0.000000 -0.000000 0.000000 0.000000 -0.000000 0.000000 0.000000 -0.000000 0.000000 0.000000 -26.344437 -0.305546 11.287075 -53.996516 19.231005 -9.249789 2.865479 1.426198 -22.618669 2.607203 -4.715022 -1.454857 -0.000000 0.000000 0.000000 -0.000000 0.000000 0.000000 -0.000000 0.000000 0.000000 -0.000000 0.000000 0.000000 -0.000000 0.000000 0.000000 -0.000000 0.000000 0.000000 -0.000000 0.000000 0.000000 -0.000000 0.000000 0.000000 -0.000000 0.000000 0.000000 -0.000000 0.000000 0.000000 -0.000000 0.000000 0.000000 -0.000000 0.000000 0.000000 -0.000000 0.000000 0.000000 -0.000000 0.000000 0.000000 -0.000000 0.000000 0.000000
58.007061 312.468109 12.396548 31.077285 86.057967 174.779762 -16.322061 -24.544710 -1.266545 -0.472180 10.759679 10.273748 13.290735 21.273536 -5.109377 -15.502028 -19.252914 -14.178884 7.702313 -19.082438 -0.395829 -1.076028 29.335006 -12.539592 -0.725209 -12.628973 2.752335 -0.294742 0.866203 1.092914 -3.889258 14.158102 0.861481 0.047565 -3.565396 -2.444595 2.387401 7.161412 1.549737 -5.333103 25.667301 -4.133627 9.556442 33.967251 -1.462261 -0.000000 0.000000 0.000000 -0.000000 0.000000 0.000000 -0.000000 0.000000 0.000000 26.509644 -0.826123 -17.934112 57.850163 14.713610 8.576556 -9.347085 10.814973 24.289455 2.218540 -2.031510 -1.165570 -0.000000 0.000000 0.000000 -0.000000 0.000000 0.000000 -0.000000 0.000000 0.000000 -0.000000 0.000000 0.000000 -0.000000 0.000000 0.000000 -0.000000 0.000000 0.000000 -0.000000 0.000000 0.000000 -0.000000 0.000000 0.000000 -0.000000 0.000000 0.000000 -0.000000 0.000000 0.000000 -0.000000 0.000000 0.000000 -0.000000 0.000000 0.000000 -0.000000 0.000000 0.000000 -0.000000 0.000000 0.000000 -0.000000 0.000000 0.000000 -26.508109 -0.181426 11.267570 -52.845045 19.033621 -8.997734 2.836717 1.768382 -23.421473 2.876377 -3.181388 -1.661165 -0.000000 0.000000 0.000000 -0.000000 0.000000 0.000000 -0.000000 0.000000 0.000000 -0.000000 0.000000 0.000000 -0.000000 0.000000 0.000000 -0.000000 0.000000 0.000000 -0.000000 0.000000 0.000000 -0.000000 0.000000 0.000000 -0.000000 0.000000 0.000000 -0.000000 0.000000 0.000000 -0.000000 0.000000 0.000000 -0.000000 0.000000 0.000000 -0.000000 0.000000 0.000000 -0.000000 0.000000 0.000000 -0.000000 0.000000 0.000000
59.971737 314.734650 12.014376 31.376607 86.163187 174.642944 -14.970356 -23.940907 -0.954117 0.288559 12.254226 10.350552 11.396343 17.315839 -4.292147 -13.851112 -18.337240 -14.110484 9.518895 -18.290717 0.109524 -0.021448 29.706301 -13.437454 -2.164138 -12.117592 3.032114 0.963525 -0.082434 0.303593 -3.644827 13.598459 0.736155 -0.206435 -3.498411 -2.036454 2.520717 7.143138 1.570530 -5.227146 24.972873 -4.223701 9.782902 34.050783 -1.884986 -0.000000 0.000000 0.000000 -0.000000 0.000000 0.000000 -0.000000 0.000000 0.000000 26.332934 -0.477016 -17.427536 57.140583 14.347665 9.711108 -9.226053 10.193230 24.031737 1.633974 -1.196697 -0.989828 -0.000000 0.000000 0.000000 -0.000000 0.000000 0.000000 -0.000000 0.000000 0.000000 -0.000000 0.000000 0.000000 -0.000000 0.000000 0.000000 -0.000000 0.000000 0.000000 -0.000000 0.000000 0.000000 -0.000000 0.000000 0.000000 -0.000000 0.000000 0.000000 -0.000000 0.000000 0.000000 -0.000000 0.000000 0.000000 -0.000000 0.000000 0.000000 -0.000000 0.000000 0.000000 -0.000000 0.000000 0.000000 -0.000000 0.000000 0.000000 -26.568638 -0.362408 11.492025 -52.098112 18.796900 -8.640356 2.827375 1.697916 -23.775380 2.884654 -2.040478 -1.729059 -0.000000 0.000000 0.000000 -0.000000 0.000000 0.000000 -0.000000 0.000000 0.000000 -0.000000 0.000000 0.000000 -0.000000 0.000000 0.000000 -0.000000 0.000000 0.000000 -0.000000 0.000000 0.000000 -0.000000 0.000000 0.000000 -0.000000 0.000000 0.000000 -0.000000 0.000000 0.000000 -0.000000 0.000000 0.000000 -0.000000 0.000000 0.000000 -0.000000 0.000000 0.000000 -0.000000 0.000000 0.000000 -0.000000 0.000000 0.000000
62.049000 317.034637 11.836026 35.155402 86.269981 171.089324 -12.906668 -23.481472 -0.192763 1.332832 14.453667 10.310792 8.127695 11.753316 -3.638162 -11.365472 -16.992584 -14.245335 11.408451 -17.520813 0.618031 1.183191 29.906289 -14.325196 -3.960524 -10.657935 3.468375 2.428734 -1.148580 -0.570219 -3.052396 13.167322 0.310747 -0.465279 -3.743808 -1.674793 2.572279 7.227604 1.621892 -5.190079 24.207963 -3.788897 9.851505 34.037884 -1.994178 -0.000000 0.000000 0.000000 -0.000000 0.000000 0.000000 -0.000000 0.000000 0.000000 26.304655 -0.023862 -16.761498 56.374058 14.029058 11.132185 -9.415426 9.859858 24.531370 0.699979 -0.386499 -1.028574 -0.000000 0.000000 0.000000 -0.000000 0.000000 0.000000 -0.000000 0.000000 0.000000 -0.000000 0.000000 0.000000 -0.000000 0.000000 0.000000 -0.000000 0.000000 0.000000 -0.000000 0.000000 0.000000 -0.000000 0.000000 0.000000 -0.000000 0.000000 0.000000 -0.000000 0.000000 0.000000 -0.000000 0.000000 0.000000 -0.000000 0.000000 0.000000 -0.000000 0.000000 0.000000 -0.000000 0.000000 0.000000 -0.000000 0.000000 0.000000 -26.743310 -0.675416 11.713157 -51.536871 18.607558 -8.108899 2.912993 1.177440 -23.940268 2.905693 -1.157857 -1.523018 -0.000000 0.000000 0.000000 -0.000000 0.000000 0.000000 -0.000000 0.000000 0.000000 -0.000000 0.000000 0.000000 -0.000000 0.000000 0.000000 -0.000000 0.000000 0.000000 -0.000000 0.000000 0.000000 -0.000000 0.000000 0.000000 -0.000000 0.000000 0.000000 -0.000000 0.000000 0.000000 -0.000000 0.000000 0.000000 -0.000000 0.000000 0.000000 -0.000000 0.000000 0.000000 -0.000000 0.000000 0.000000 -0.000000 0.000000 0.000000
64.084717 319.222443 11.902010 41.033713 86.382482 165.515817 -10.331624 -22.913827 0.785573 2.435122 16.527610 9.902031 4.388790 6.351421 -3.702768 -8.842009 -15.681572 -14.472512 13.074298 -17.021541 0.921307 2.512453 30.647200 -15.191604 -5.771133 -8.342795 4.331756 3.998584 -2.494287 -1.544027 -2.184227 12.918104 -0.255195 -0.731263 -4.098219 -1.523671 2.609504 7.329693 1.640837 -5.068453 23.328152 -2.984174 9.786408 33.778403 -2.347516 -0.000000 0.000000 0.000000 -0.000000 0.000000 0.000000 -0.000000 0.000000 0.000000 26.270180 0.306567 -15.907913 55.441646 13.834017 12.576710 -9.642682 9.317033 25.193621 -0.345244 0.438640 -1.222480 -0.000000 0.000000 0.000000 -0.000000 0.000000 0.000000 -0.000000 0.000000 0.000000 -0.000000 0.000000 0.000000 -0.000000 0.000000 0.000000 -0.000000 0.000000 0.000000 -0.000000 0.000000 0.000000 -0.000000 0.000000 0.000000 -0.000000 0.000000 0.000000 -0.000000 0.000000 0.000000 -0.000000 0.000000 0.000000 -0.000000 0.000000 0.000000 -0.000000 0.000000 0.000000 -0.000000 0.000000 0.000000 -0.000000 0.000000 0.000000 -26.897816 -1.057030 11.767214 -51.349628 18.431121 -7.513034 3.233208 -0.205656 -23.766854 2.993124 -0.409419 -0.976279 -0.000000 0.000000 0.000000 -0.000000 0.000000 0.000000 -0.000000 0.000000 0.000000 -0.000000 0.000000 0.000000 -0.000000 0.000000 0.000000 -0.000000 0.000000 0.000000 -0.000000 0.000000 0.000000 -0.000000 0.000000 0.000000 -0.000000 0.000000 0.000000 -0.000000 0.000000 0.000000 -0.000000 0.000000 0.000000 -0.000000 0.000000 0.000000 -0.000000 0.000000 0.000000 -0.000000 0.000000 0.000000 -0.000000 0.000000 0.000000
66.050385 321.295013 12.223484 47.067102 86.534860 159.948518 -7.939782 -22.124562 1.645327 3.348347 17.912558 9.309807 1.078343 2.372775 -4.299782 -6.859434 -14.749971 -14.646697 14.472949 -17.281213 1.223613 3.846434 32.922140 -15.720243 -7.389102 -5.372602 5.136913 5.313484 -3.904838 -2.448171 -1.250178 12.884945 -0.681705 -0.909854 -4.405202 -1.538141 2.595883 7.316587 1.641365 -4.821186 22.461494 -2.162395 9.675403 33.228588 -2.604039 -0.000000 0.000000 0.000000 -0.000000 0.000000 0.000000 -0.000000 0.000000 0.000000 26.171626 0.548513 -14.686926 54.365262 13.834617 13.886901 -9.946386 9.024315 25.870254 -1.012148 1.149704 -1.422090 -0.000000 0.000000 0.000000 -0.000000 0.000000 0.000000 -0.000000 0.000000 0.000000 -0.000000 0.000000 0.000000 -0.000000 0.000000 0.000000 -0.000000 0.000000 0.000000 -0.000000 0.000000 0.000000 -0.000000 0.000000 0.000000 -0.000000 0.000000 0.000000 -0.000000 0.000000 0.000000 -0.000000 0.000000 0.000000 -0.000000 0.000000 0.000000 -0.000000 0.000000 0.000000 -0.000000 0.000000 0.000000 -0.000000 0.000000 0.000000 -26.997062 -1.242299 11.366957 -51.394116 18.349899 -7.031569 3.498138 -1.988303 -23.554340 2.879256 0.109275 -0.199963 -0.000000 0.000000 0.000000 -0.000000 0.000000 0.000000 -0.000000 0.000000 0.000000 -0.000000 0.000000 0.000000 -0.000000 0.000000 0.000000 -0.000000 0.000000 0.000000 -0.000000 0.000000 0.000000 -0.000000 0.000000 0.000000 -0.000000 0.000000 0.000000 -0.000000 0.000000 0.000000 -0.000000 0.000000 0.000000 -0.000000 0.000000 0.000000 -0.000000 0.000000 0.000000 -0.000000 0.000000 0.000000 -0.000000 0.000000 0.000000
67.848961 323.268738 12.696174 51.091233 86.886920 156.469853 -5.973464 -20.779899 2.390870 3.882751 18.298715 9.207269 -1.465963 -0.156232 -4.939865 -5.393550 -14.108332 -14.556888 15.170920 -18.001334 1.160979 4.986339 35.778156 -16.124809 -8.494079 -2.928886 5.985223 6.151580 -4.894461 -3.343826 -0.458836 13.000815 -0.817764 -1.068334 -4.616616 -1.690270 2.644431 7.284414 1.613412 -4.613388 21.697088 -1.845300 9.406614 32.581381 -2.815375 -0.000000 0.000000 0.000000 -0.000000 0.000000 0.000000 -0.000000 0.000000 0.000000 26.111948 0.521143 -13.309443 53.117907 13.989321 15.019479 -10.299287 8.421085 26.080611 -1.341550 1.770018 -1.840657 -0.000000 0.000000 0.000000 -0.000000 0.000000 0.000000 -0.000000 0.000000 0.000000 -0.000000 0.000000 0.000000 -0.000000 0.000000 0.000000 -0.000000 0.000000 0.000000 -0.000000 0.000000 0.000000 -0.000000 0.000000 0.000000 -0.000000 0.000000 0.000000 -0.000000 0.000000 0.000000 -0.000000 0.000000 0.000000 -0.000000 0.000000 0.000000 -0.000000 0.000000 0.000000 -0.000000 0.000000 0.000000 -0.000000 0.000000 0.000000 -27.179882 -1.448742 10.698158 -51.731733 18.379476 -6.376862 3.750657 -3.511996 -22.951590 2.548460 -0.054805 0.952788 -0.000000 0.000000 0.000000 -0.000000 0.000000 0.000000 -0.000000 0.000000 0.000000 -0.000000 0.000000 0.000000 -0.000000 0.000000 0.000000 -0.000000 0.000000 0.000000 -0.000000 0.000000 0.000000 -0.000000 0.000000 0.000000 -0.000000 0.000000 0.000000 -0.000000 0.000000 0.000000 -0.000000 0.000000 0.000000 -0.000000 0.000000 0.000000 -0.000000 0.000000 0.000000 -0.000000 0.000000 0.000000 -0.000000 0.000000 0.000000
68.376770 327.878510 13.321116 56.019756 86.726048 153.831052 -4.376995 -20.616395 3.225130 2.891659 18.784657 11.364392 -2.620359 -0.621504 -3.821245 -6.374328 -15.167917 -15.663080 15.144574 -22.394450 0.417437 7.036507 41.508406 -18.172753 -7.379415 -4.709733 6.415014 6.404152 -6.798484 -3.160993 -1.103922 13.865681 0.400983 -1.055674 -5.679842 -2.386289 2.863933 7.511910 2.300812 -4.783857 24.627245 -2.484210 10.559072 35.510171 -3.796279 -0.000000 0.000000 0.000000 -0.000000 0.000000 0.000000 -0.000000 0.000000 0.000000 25.590441 0.315636 -15.904180 55.642647 14.743531 15.383480 -11.564967 11.174257 27.102927 0.102780 0.828246 -1.454656 -0.000000 0.000000 0.000000 -0.000000 0.000000 0.000000 -0.000000 0.000000 0.000000 -0.000000 0.000000 0.000000 -0.000000 0.000000 0.000000 -0.000000 0.000000 0.000000 -0.000000 0.000000 0.000000 -0.000000 0.000000 0.000000 -0.000000 0.000000 0.000000 -0.000000 0.000000 0.000000 -0.000000 0.000000 0.000000 -0.000000 0.000000 0.000000 -0.000000 0.000000 0.000000 -0.000000 0.000000 0.000000 -0.000000 0.000000 0.000000 -26.737997 -1.446932 12.975572 -55.210384 20.019115 -6.289951 4.848364 -4.384741 -21.424471 3.645051 -1.944738 -0.469288 -0.000000 0.000000 0.000000 -0.000000 0.000000 0.000000 -0.000000 0.000000 0.000000 -0.000000 0.000000 0.000000 -0.000000 0.000000 0.000000 -0.000000 0.000000 0.000000 -0.000000 0.000000 0.000000 -0.000000 0.000000 0.000000 -0.000000 0.000000 0.000000 -0.000000 0.000000 0.000000 -0.000000 0.000000 0.000000 -0.000000 0.000000 0.000000 -0.000000 0.000000 0.000000 -0.000000 0.000000 0.000000 -0.000000 0.000000 0.000000
69.775589 329.592560 13.554950 51.125028 87.343465 158.517986 -3.443586 -19.154304 2.954225 2.790816 18.418033 11.357093 -3.176170 -0.628681 -4.155650 -6.509377 -15.304986 -15.289718 14.070215 -24.473349 0.276204 6.506757 45.755178 -16.925528 -6.062734 -6.119638 7.195724 6.082922 -6.658959 -3.061896 -0.983909 13.876782 1.095397 -1.317258 -5.596371 -2.388388 2.768522 7.481075 2.515542 -4.682423 24.313364 -3.136986 10.595639 35.314253 -3.810399 -0.000000 0.000000 0.000000 -0.000000 0.000000 0.000000 -0.000000 0.000000 0.000000 24.799044 0.487439 -15.106110 55.276504 14.543760 15.848290 -11.200772 10.576754 26.339773 0.454698 -0.006985 -1.642290 -0.000000 0.000000 0.000000 -0.000000 0.000000 0.000000 -0.000000 0.000000 0.000000 -0.000000 0.000000 0.000000 -0.000000 0.000000 0.000000 -0.000000 0.000000 0.000000 -0.000000 0.000000 0.000000 -0.000000 0.000000 0.000000 -0.000000 0.000000 0.000000 -0.000000 0.000000 0.000000 -0.000000 0.000000 0.000000 -0.000000 0.000000 0.000000 -0.000000 0.000000 0.000000 -0.000000 0.000000 0.000000 -0.000000 0.000000 0.000000 -26.694032 -1.343309 12.309051 -54.693150 20.041332 -6.685961 5.205117 -4.541189 -22.053697 3.277418 -2.416185 -0.498643 -0.000000 0.000000 0.000000 -0.000000 0.000000 0.000000 -0.000000 0.000000 0.000000 -0.000000 0.000000 0.000000 -0.000000 0.000000 0.000000 -0.000000 0.000000 0.000000 -0.000000 0.000000 0.000000 -0.000000 0.000000 0.000000 -0.000000 0.000000 0.000000 -0.000000 0.000000 0.000000 -0.000000 0.000000 0.000000 -0.000000 0.000000 0.000000 -0.000000 0.000000 0.000000 -0.000000 0.000000 0.000000 -0.000000 0.000000 0.000000
71.017494 331.184296 13.725082 43.857729 87.859794 165.528394 -2.726465 -17.898127 2.722038 2.693488 18.206309 11.583670 -3.738276 -1.033858 -4.387219 -6.468909 -15.463107 -15.045188 12.822320 -27.300132 0.031185 5.420483 50.902966 -15.391341 -4.605750 -8.000055 7.633507 5.581159 -6.354850 -3.029198 -0.919426 14.061845 1.912166 -1.560955 -5.736220 -2.462362 2.706062 7.471885 2.728896 -4.592452 23.870904 -3.715037 10.639363 34.944046 -3.530064 -0.000000 0.000000 0.000000 -0.000000 0.000000 0.000000 -0.000000 0.000000 0.000000 24.011770 0.533872 -14.313519 54.983470 14.426769 16.190507 -10.626535 9.498418 25.353919 0.850745 -0.473386 -1.769259 -0.000000 0.000000 0.000000 -0.000000 0.000000 0.000000 -0.000000 0.000000 0.000000 -0.000000 0.000000 0.000000 -0.000000 0.000000 0.000000 -0.000000 0.000000 0.000000 -0.000000 0.000000 0.000000 -0.000000 0.000000 0.000000 -0.000000 0.000000 0.000000 -0.000000 0.000000 0.000000 -0.000000 0.000000 0.000000 -0.000000 0.000000 0.000000 -0.000000 0.000000 0.000000 -0.000000 0.000000 0.000000 -0.000000 0.000000 0.000000 -26.751774 -1.336222 11.632498 -54.320679 20.246686 -6.858962 5.323295 -4.532094 -22.836501 2.977487 -2.515403 -0.765888 -0.000000 0.000000 0.000000 -0.000000 0.000000 0.000000 -0.000000 0.000000 0.000000 -0.000000 0.000000 0.000000 -0.000000 0.000000 0.000000 -0.000000 0.000000 0.000000 -0.000000 0.000000 0.000000 -0.000000 0.000000 0.000000 -0.000000 0.000000 0.000000 -0.000000 0.000000 0.000000 -0.000000 0.000000 0.000000 -0.000000 0.000000 0.000000 -0.000000 0.000000 0.000000 -0.000000 0.000000 0.000000 -0.000000 0.000000 0.000000
72.079010 332.690613 13.888129 36.575613 88.274800 172.489750 -2.060144 -16.678690 2.554638 2.631431 17.850745 11.774552 -4.365777 -1.346896 -4.595714 -6.148224 -15.593388 -14.663046 11.454918 -29.949784 -0.349244 3.573769 55.072148 -13.245663 -3.461479 -9.593537 7.624194 5.163023 -5.830173 -3.050714 -0.854514 14.276212 2.672284 -1.709854 -5.977052 -2.502125 2.691001 7.454710 2.878998 -4.466609 23.583518 -4.174997 10.636524 34.697684 -3.300487 -0.000000 0.000000 0.000000 -0.000000 0.000000 0.000000 -0.000000 0.000000 0.000000 23.397286 0.588255 -13.788196 54.769495 14.162148 16.319079 -10.150621 8.388993 24.677108 0.953478 -0.776389 -1.870193 -0.000000 0.000000 0.000000 -0.000000 0.000000 0.000000 -0.000000 0.000000 0.000000 -0.000000 0.000000 0.000000 -0.000000 0.000000 0.000000 -0.000000 0.000000 0.000000 -0.000000 0.000000 0.000000 -0.000000 0.000000 0.000000 -0.000000 0.000000 0.000000 -0.000000 0.000000 0.000000 -0.000000 0.000000 0.000000 -0.000000 0.000000 0.000000 -0.000000 0.000000 0.000000 -0.000000 0.000000 0.000000 -0.000000 0.000000 0.000000 -26.793576 -1.397451 11.186692 -54.016838 20.336236 -6.797516 5.336925 -4.246837 -23.514965 3.006420 -2.394064 -0.920170 -0.000000 0.000000 0.000000 -0.000000 0.000000 0.000000 -0.000000 0.000000 0.000000 -0.000000 0.000000 0.000000 -0.000000 0.000000 0.000000 -0.000000 0.000000 0.000000 -0.000000 0.000000 0.000000 -0.000000 0.000000 0.000000 -0.000000 0.000000 0.000000 -0.000000 0.000000 0.000000 -0.000000 0.000000 0.000000 -0.000000 0.000000 0.000000 -0.000000 0.000000 0.000000 -0.000000 0.000000 0.000000 -0.000000 0.000000 0.000000
72.954254 334.152710 14.034578 29.983772 88.625602 178.950283 -1.385826 -15.484559 2.483401 2.613859 17.511250 11.789334 -5.055214 -1.719856 -4.763363 -5.528162 -15.668833 -14.221068 9.872644 -32.361531 -0.899361 0.807216 58.059469 -10.292096 -2.716503 -10.816544 7.312365 4.714851 -5.160123 -3.041588 -0.741136 14.670304 3.309480 -1.806504 -6.200708 -2.509603 2.639839 7.374061 3.005133 -4.293967 23.402287 -4.433317 10.504524 34.330928 -2.958075 -0.000000 0.000000 0.000000 -0.000000 0.000000 0.000000 -0.000000 0.000000 0.000000 22.988955 0.592134 -13.283774 54.594592 13.883803 16.359001 -9.902624 7.168040 24.496401 0.751050 -1.095874 -1.900896 -0.000000 0.000000 0.000000 -0.000000 0.000000 0.000000 -0.000000 0.000000 0.000000 -0.000000 0.000000 0.000000 -0.000000 0.000000 0.000000 -0.000000 0.000000 0.000000 -0.000000 0.000000 0.000000 -0.000000 0.000000 0.000000 -0.000000 0.000000 0.000000 -0.000000 0.000000 0.000000 -0.000000 0.000000 0.000000 -0.000000 0.000000 0.000000 -0.000000 0.000000 0.000000 -0.000000 0.000000 0.000000 -0.000000 0.000000 0.000000 -26.919315 -1.446712 10.763349 -53.674322 20.407417 -6.583133 5.358723 -3.937822 -24.234109 3.066077 -2.222319 -0.976260 -0.000000 0.000000 0.000000 -0.000000 0.000000 0.000000 -0.000000 0.000000 0.000000 -0.000000 0.000000 0.000000 -0.000000 0.000000 0.000000 -0.000000 0.000000 0.000000 -0.000000 0.000000 0.000000 -0.000000 0.000000 0.000000 -0.000000 0.000000 0.000000 -0.000000 0.000000 0.000000 -0.000000 0.000000 0.000000 -0.000000 0.000000 0.000000 -0.000000 0.000000 0.000000 -0.000000 0.000000 0.000000 -0.000000 0.000000 0.000000
73.614273 335.533844 14.136574 20.120633 88.996204 -171.207624 -0.703500 -13.933033 2.368359 2.679438 16.904565 11.712117 -5.739452 -2.178990 -5.095008 -4.639691 -15.552389 -13.746159 7.974135 -34.068967 -1.594874 -2.513012 59.008566 -6.923846 -2.372189 -11.554548 6.750227 4.308754 -4.428257 -3.042117 -0.635132 14.967723 3.838246 -1.833902 -6.390154 -2.538053 2.619305 7.336463 3.071779 -4.137932 23.256602 -4.523210 10.157898 33.788253 -2.588328 -0.000000 0.000000 0.000000 -0.000000 0.000000 0.000000 -0.000000 0.000000 0.000000 22.704608 0.507800 -12.938888 54.187620 13.573247 16.366540 -9.716680 5.872368 24.420978 0.469956 -1.200011 -1.742255 -0.000000 0.000000 0.000000 -0.000000 0.000000 0.000000 -0.000000 0.000000 0.000000 -0.000000 0.000000 0.000000 -0.000000 0.000000 0.000000 -0.000000 0.000000 0.000000 -0.000000 0.000000 0.000000 -0.000000 0.000000 0.000000 -0.000000 0.000000 0.000000 -0.000000 0.000000 0.000000 -0.000000 0.000000 0.000000 -0.000000 0.000000 0.000000 -0.000000 0.000000 0.000000 -0.000000 0.000000 0.000000 -0.000000 0.000000 0.000000 -26.910510 -1.530745 10.468553 -53.320859 20.397281 -6.241050 5.392654 -3.578060 -24.756959 3.138396 -2.271729 -1.012206 -0.000000 0.000000 0.000000 -0.000000 0.000000 0.000000 -0.000000 0.000000 0.000000 -0.000000 0.000000 0.000000 -0.000000 0.000000 0.000000 -0.000000 0.000000 0.000000 -0.000000 0.000000 0.000000 -0.000000 0.000000 0.000000 -0.000000 0.000000 0.000000 -0.000000 0.000000 0.000000 -0.000000 0.000000 0.000000 -0.000000 0.000000 0.000000 -0.000000 0.000000 0.000000 -0.000000 0.000000 0.000000 -0.000000 0.000000 0.000000
74.131264 336.827301 14.255424 4.583095 89.299611 -155.535489 -0.153915 -12.553568 2.231131 2.834837 16.451873 11.599658 -6.243780 -2.485481 -5.394183 -3.772657 -15.517104 -13.323364 6.067753 -35.483612 -2.256744 -5.480425 58.712701 -3.901565 -2.496293 -11.650224 5.981057 4.106649 -3.834434 -3.204200 -0.526482 15.358894 4.215146 -1.825283 -6.487335 -2.615631 2.554025 7.255910 3.112801 -3.957192 23.036501 -4.543029 9.789363 33.086531 -2.276871 -0.000000 0.000000 0.000000 -0.000000 0.000000 0.000000 -0.000000 0.000000 0.000000 22.518095 0.382122 -12.655523 53.853002 13.257230 16.380218 -9.490157 4.776625 24.557065 0.213205 -1.214213 -1.641204 -0.000000 0.000000 0.000000 -0.000000 0.000000 0.000000 -0.000000 0.000000 0.000000 -0.000000 0.000000 0.000000 -0.000000 0.000000 0.000000 -0.000000 0.000000 0.000000 -0.000000 0.000000 0.000000 -0.000000 0.000000 0.000000 -0.000000 0.000000 0.000000 -0.000000 0.000000 0.000000 -0.000000 0.000000 0.000000 -0.000000 0.000000 0.000000 -0.000000 0.000000 0.000000 -0.000000 0.000000 0.000000 -0.000000 0.000000 0.000000 -26.865647 -1.587449 10.230859 -52.957609 20.410979 -5.977354 5.269723 -3.353724 -24.954956 3.123697 -2.306636 -0.906918 -0.000000 0.000000 0.000000 -0.000000 0.000000 0.000000 -0.000000 0.000000 0.000000 -0.000000 0.000000 0.000000 -0.000000 0.000000 0.000000 -0.000000 0.000000 0.000000 -0.000000 0.000000 0.000000 -0.000000 0.000000 0.000000 -0.000000 0.000000 0.000000 -0.000000 0.000000 0.000000 -0.000000 0.000000 0.000000 -0.000000 0.000000 0.000000 -0.000000 0.000000 0.000000 -0.000000 0.000000 0.000000 -0.000000 0.000000 0.000000
74.534012 338.087555 14.388615 -26.971693 89.441945 -123.706191 0.196958 -11.370333 2.043284 3.010499 16.206588 11.422911 -6.438555 -2.703766 -5.660781 -3.056500 -15.433542 -12.907646 4.036111 -36.464096 -3.081792 -7.502834 57.096987 -1.776016 -2.862429 -11.475682 5.376089 4.099868 -3.270099 -3.411549 -0.435231 15.865164 4.516051 -1.761344 -6.556934 -2.712561 2.492231 7.187489 3.139838 -3.878901 22.787681 -4.760727 9.442218 32.519217 -2.134934 -0.000000 0.000000 0.000000 -0.000000 0.000000 0.000000 -0.000000 0.000000 0.000000 22.407247 0.190757 -12.477286 53.526230 12.912759 16.337679 -9.523467 3.907835 25.001951 -0.179657 -1.000577 -1.760938 -0.000000 0.000000 0.000000 -0.000000 0.000000 0.000000 -0.000000 0.000000 0.000000 -0.000000 0.000000 0.000000 -0.000000 0.000000 0.000000 -0.000000 0.000000 0.000000 -0.000000 0.000000 0.000000 -0.000000 0.000000 0.000000 -0.000000 0.000000 0.000000 -0.000000 0.000000 0.000000 -0.000000 0.000000 0.000000 -0.000000 0.000000 0.000000 -0.000000 0.000000 0.000000 -0.000000 0.000000 0.000000 -0.000000 0.000000 0.000000 -26.761564 -1.678801 10.063081 -52.806372 20.435770 -5.696560 5.200623 -3.135031 -25.002483 3.203709 -2.431333 -0.661402 -0.000000 0.000000 0.000000 -0.000000 0.000000 0.000000 -0.000000 0.000000 0.000000 -0.000000 0.000000 0.000000 -0.000000 0.000000 0.000000 -0.000000 0.000000 0.000000 -0.000000 0.000000 0.000000 -0.000000 0.000000 0.000000 -0.000000 0.000000 0.000000 -0.000000 0.000000 0.000000 -0.000000 0.000000 0.000000 -0.000000 0.000000 0.000000 -0.000000 0.000000 0.000000 -0.000000 0.000000 0.000000 -0.000000 0.000000 0.000000
73.636261 342.233337 14.594063 -5.107886 89.422217 -143.358705 1.596832 -11.207180 3.131949 2.732265 16.772758 12.328929 -9.600292 -5.609449 -5.929550 -1.156978 -15.715080 -13.253617 0.777753 -42.371654 -5.742025 -10.455967 59.546978 0.892778 -4.527172 -9.860484 3.764273 4.417905 -3.250011 -3.654977 -0.970657 17.083466 5.662130 -1.507564 -7.823204 -3.149716 2.755667 7.626678 3.322763 -4.534975 25.676037 -4.307072 10.225663 35.768536 -3.213462 -0.000000 0.000000 0.000000 -0.000000 0.000000 0.000000 -0.000000 0.000000 0.000000 22.362032 -0.882047 -15.659526 56.086295 14.114148 16.308110 -9.650791 7.012924 25.257968 1.591625 0.645045 -1.541980 -0.000000 0.000000 0.000000 -0.000000 0.000000 0.000000 -0.000000 0.000000 0.000000 -0.000000 0.000000 0.000000 -0.000000 0.000000 0.000000 -0.000000 0.000000 0.000000 -0.000000 0.000000 0.000000 -0.000000 0.000000 0.000000 -0.000000 0.000000 0.000000 -0.000000 0.000000 0.000000 -0.000000 0.000000 0.000000 -0.000000 0.000000 0.000000 -0.000000 0.000000 0.000000 -0.000000 0.000000 0.000000 -0.000000 0.000000 0.000000 -26.239175 -2.724236 13.169865 -56.838729 21.200244 -5.464829 4.950565 -3.813085 -21.552834 3.819576 -2.889360 -0.975171 -0.000000 0.000000 0.000000 -0.000000 0.000000 0.000000 -0.000000 0.000000 0.000000 -0.000000 0.000000 0.000000 -0.000000 0.000000 0.000000 -0.000000 0.000000 0.000000 -0.000000 0.000000 0.000000 -0.000000 0.000000 0.000000 -0.000000 0.000000 0.000000 -0.000000 0.000000 0.000000 -0.000000 0.000000 0.000000 -0.000000 0.000000 0.000000 -0.000000 0.000000 0.000000 -0.000000 0.000000 0.000000 -0.000000 0.000000 0.000000
73.836754 343.924133 14.773366 -36.261809 89.586966 -112.350960 2.273203 -9.721392 2.617968 2.925882 16.778430 11.156339 -10.342209 -6.155703 -6.248936 -0.401396 -15.006562 -12.673076 -0.745850 -41.657246 -5.781771 -12.150334 55.142741 3.285533 -5.082767 -8.719038 3.654846 4.774025 -2.579551 -4.025405 -0.940637 16.988698 5.779275 -1.588702 -7.435739 -2.844932 2.508934 7.645465 3.309181 -4.759237 25.187731 -4.477199 9.941012 35.628816 -2.955474 -0.000000 0.000000 0.000000 -0.000000 0.000000 0.000000 -0.000000 0.000000 0.000000 21.875431 -0.984589 -15.166877 56.047546 14.251302 16.396305 -8.959892 7.136358 24.573410 2.066074 0.426455 -1.641660 -0.000000 0.000000 0.000000 -0.000000 0.000000 0.000000 -0.000000 0.000000 0.000000 -0.000000 0.000000 0.000000 -0.000000 0.000000 0.000000 -0.000000 0.000000 0.000000 -0.000000 0.000000 0.000000 -0.000000 0.000000 0.000000 -0.000000 0.000000 0.000000 -0.000000 0.000000 0.000000 -0.000000 0.000000 0.000000 -0.000000 0.000000 0.000000 -0.000000 0.000000 0.000000 -0.000000 0.000000 0.000000 -0.000000 0.000000 0.000000 -26.164116 -2.668707 12.414328 -56.535748 21.349952 -6.042445 4.734207 -3.862049 -20.645724 3.479010 -2.676733 -0.560955 -0.000000 0.000000 0.000000 -0.000000 0.000000 0.000000 -0.000000 0.000000 0.000000 -0.000000 0.000000 0.000000 -0.000000 0.000000 0.000000 -0.000000 0.000000 0.000000 -0.000000 0.000000 0.000000 -0.000000 0.000000 0.000000 -0.000000 0.000000 0.000000 -0.000000 0.000000 0.000000 -0.000000 0.000000 0.000000 -0.000000 0.000000 0.000000 -0.000000 0.000000 0.000000 -0.000000 0.000000 0.000000 -0.000000 0.000000 0.000000
73.956955 345.708038 15.073586 -64.780291 89.653958 -83.987635 2.894551 -8.315551 2.022869 3.148601 16.785059 10.022648 -10.737730 -6.519281 -6.234986 0.236874 -14.399323 -12.285671 -1.946345 -40.827510 -5.437640 -13.342502 50.865520 5.479219 -5.482133 -7.351382 4.011674 5.297977 -1.953979 -4.620946 -0.946950 16.861893 5.744303 -1.619808 -7.199431 -2.686547 2.236936 7.627874 3.262680 -4.971839 24.642648 -4.363879 9.674287 35.397892 -2.574676 -0.000000 0.000000 0.000000 -0.000000 0.000000 0.000000 -0.000000 0.000000 0.000000 21.396171 -1.038078 -14.416222 56.078835 14.427385 16.414221 -8.359712 7.140244 23.904187 2.619352 0.331989 -1.735492 -0.000000 0.000000 0.000000 -0.000000 0.000000 0.000000 -0.000000 0.000000 0.000000 -0.000000 0.000000 0.000000 -0.000000 0.000000 0.000000 -0.000000 0.000000 0.000000 -0.000000 0.000000 0.000000 -0.000000 0.000000 0.000000 -0.000000 0.000000 0.000000 -0.000000 0.000000 0.000000 -0.000000 0.000000 0.000000 -0.000000 0.000000 0.000000 -0.000000 0.000000 0.000000 -0.000000 0.000000 0.000000 -0.000000 0.000000 0.000000 -26.032726 -2.571992 11.465723 -56.427559 21.391933 -6.258327 4.582032 -4.183342 -19.693979 3.308406 -2.332024 -0.272404 -0.000000 0.000000 0.000000 -0.000000 0.000000 0.000000 -0.000000 0.000000 0.000000 -0.000000 0.000000 0.000000 -0.000000 0.000000 0.000000 -0.000000 0.000000 0.000000 -0.000000 0.000000 0.000000 -0.000000 0.000000 0.000000 -0.000000 0.000000 0.000000 -0.000000 0.000000 0.000000 -0.000000 0.000000 0.000000 -0.000000 0.000000 0.000000 -0.000000 0.000000 0.000000 -0.000000 0.000000 0.000000 -0.000000 0.000000 0.000000
73.973534 347.563232 15.436959 -91.730070 89.790788 -57.340834 3.557590 -7.028176 1.449546 3.485793 16.834875 8.830218 -10.733671 -6.571506 -6.054455 0.674885 -14.031538 -11.996363 -2.775198 -39.262034 -4.682647 -13.522108 45.999627 7.092360 -5.465750 -6.158939 4.846593 5.719789 -1.326638 -5.146795 -0.985052 16.451336 5.596523 -1.561139 -6.991147 -2.443052 2.009112 7.526710 3.212844 -5.023888 24.135721 -4.094802 9.361702 35.117753 -2.211180 -0.000000 0.000000 0.000000 -0.000000 0.000000 0.000000 -0.000000 0.000000 0.000000 20.979179 -0.958483 -13.864050 56.269583 14.396684 16.339601 -8.124363 7.410223 23.587734 2.802660 0.512226 -1.745309 -0.000000 0.000000 0.000000 -0.000000 0.000000 0.000000 -0.000000 0.000000 0.000000 -0.000000 0.000000 0.000000 -0.000000 0.000000 0.000000 -0.000000 0.000000 0.000000 -0.000000 0.000000 0.000000 -0.000000 0.000000 0.000000 -0.000000 0.000000 0.000000 -0.000000 0.000000 0.000000 -0.000000 0.000000 0.000000 -0.000000 0.000000 0.000000 -0.000000 0.000000 0.000000 -0.000000 0.000000 0.000000 -0.000000 0.000000 0.000000 -25.778395 -2.475391 10.671734 -56.557693 21.072311 -6.218452 4.598515 -4.306651 -18.737990 3.353094 -1.896587 -0.047342 -0.000000 0.000000 0.000000 -0.000000 0.000000 0.000000 -0.000000 0.000000 0.000000 -0.000000 0.000000 0.000000 -0.000000 0.000000 0.000000 -0.000000 0.000000 0.000000 -0.000000 0.000000 0.000000 -0.000000 0.000000 0.000000 -0.000000 0.000000 0.000000 -0.000000 0.000000 0.000000 -0.000000 0.000000 0.000000 -0.000000 0.000000 0.000000 -0.000000 0.000000 0.000000 -0.000000 0.000000 0.000000 -0.000000 0.000000 0.000000
73.910507 349.518524 15.781048 151.548479 89.868161 59.118742 4.158799 -6.225720 0.969571 3.941052 17.339715 7.636492 -10.373248 -6.411916 -5.600023 0.898911 -13.947043 -11.845766 -3.123288 -37.442301 -3.598791 -13.256919 41.390362 8.417436 -5.159767 -5.181317 6.000926 5.956437 -0.804908 -5.517498 -1.020938 16.148046 5.331892 -1.463108 -6.834319 -2.206052 1.806727 7.332584 3.166702 -5.016020 23.704802 -3.442008 9.106148 34.906669 -1.809610 -0.000000 0.000000 0.000000 -0.000000 0.000000 0.000000 -0.000000 0.000000 0.000000 20.729868 -0.854505 -13.383515 56.499279 14.468255 16.370134 -8.259726 7.475184 23.778925 2.636054 0.596532 -1.642638 -0.000000 0.000000 0.000000 -0.000000 0.000000 0.000000 -0.000000 0.000000 0.000000 -0.000000 0.000000 0.000000 -0.000000 0.000000 0.000000 -0.000000 0.000000 0.000000 -0.000000 0.000000 0.000000 -0.000000 0.000000 0.000000 -0.000000 0.000000 0.000000 -0.000000 0.000000 0.000000 -0.000000 0.000000 0.000000 -0.000000 0.000000 0.000000 -0.000000 0.000000 0.000000 -0.000000 0.000000 0.000000 -0.000000 0.000000 0.000000 -25.620792 -2.353961 9.835294 -56.720170 20.943132 -6.173634 4.702881 -4.376023 -18.258618 3.231513 -1.557007 0.148738 -0.000000 0.000000 0.000000 -0.000000 0.000000 0.000000 -0.000000 0.000000 0.000000 -0.000000 0.000000 0.000000 -0.000000 0.000000 0.000000 -0.000000 0.000000 0.000000 -0.000000 0.000000 0.000000 -0.000000 0.000000 0.000000 -0.000000 0.000000 0.000000 -0.000000 0.000000 0.000000 -0.000000 0.000000 0.000000 -0.000000 0.000000 0.000000 -0.000000 0.000000 0.000000 -0.000000 0.000000 0.000000 -0.000000 0.000000 0.000000
73.732391 351.559174 15.987179 120.773794 89.553196 89.618228 4.682905 -5.403044 0.498785 4.519365 17.945559 6.353180 -9.673072 -5.994044 -5.118005 1.049988 -13.940525 -11.749733 -3.125056 -34.675205 -2.110274 -12.471882 35.914335 9.180564 -4.608961 -4.423309 7.358321 6.162952 -0.338683 -5.806149 -1.104970 15.565526 4.961480 -1.345862 -6.570621 -1.959351 1.655103 7.164083 3.080936 -4.867208 23.175324 -2.625997 8.832919 34.587172 -1.450239 -0.000000 0.000000 0.000000 -0.000000 0.000000 0.000000 -0.000000 0.000000 0.000000 20.582324 -0.741046 -13.101773 56.619622 14.446893 16.337372 -8.501300 7.455416 24.209700 2.353938 0.775512 -1.394132 -0.000000 0.000000 0.000000 -0.000000 0.000000 0.000000 -0.000000 0.000000 0.000000 -0.000000 0.000000 0.000000 -0.000000 0.000000 0.000000 -0.000000 0.000000 0.000000 -0.000000 0.000000 0.000000 -0.000000 0.000000 0.000000 -0.000000 0.000000 0.000000 -0.000000 0.000000 0.000000 -0.000000 0.000000 0.000000 -0.000000 0.000000 0.000000 -0.000000 0.000000 0.000000 -0.000000 0.000000 0.000000 -0.000000 0.000000 0.000000 -25.450340 -2.218216 9.180395 -56.716566 20.627656 -6.062118 4.829604 -4.425721 -18.169343 3.026624 -1.321955 0.309267 -0.000000 0.000000 0.000000 -0.000000 0.000000 0.000000 -0.000000 0.000000 0.000000 -0.000000 0.000000 0.000000 -0.000000 0.000000 0.000000 -0.000000 0.000000 0.000000 -0.000000 0.000000 0.000000 -0.000000 0.000000 0.000000 -0.000000 0.000000 0.000000 -0.000000 0.000000 0.000000 -0.000000 0.000000 0.000000 -0.000000 0.000000 0.000000 -0.000000 0.000000 0.000000 -0.000000 0.000000 0.000000 -0.000000 0.000000 0.000000
73.462303 353.584869 16.066488 109.251366 89.226140 100.971588 4.993799 -5.094712 0.110203 5.208879 19.389703 5.244417 -8.712328 -5.404297 -4.519602 0.997587 -14.225906 -11.743807 -3.050377 -31.997365 -0.751922 -11.434654 31.072800 9.438428 -4.037506 -3.770242 8.445663 6.463849 -0.072892 -6.119340 -1.192923 15.079572 4.554626 -1.242628 -6.267985 -1.786270 1.509416 6.925821 2.989701 -4.695918 22.537663 -1.889807 8.647090 34.069043 -1.220237 -0.000000 0.000000 0.000000 -0.000000 0.000000 0.000000 -0.000000 0.000000 0.000000 20.547101 -0.671866 -12.954010 56.639123 14.395858 16.134062 -8.559473 7.673487 24.951442 2.096451 0.761531 -1.167036 -0.000000 0.000000 0.000000 -0.000000 0.000000 0.000000 -0.000000 0.000000 0.000000 -0.000000 0.000000 0.000000 -0.000000 0.000000 0.000000 -0.000000 0.000000 0.000000 -0.000000 0.000000 0.000000 -0.000000 0.000000 0.000000 -0.000000 0.000000 0.000000 -0.000000 0.000000 0.000000 -0.000000 0.000000 0.000000 -0.000000 0.000000 0.000000 -0.000000 0.000000 0.000000 -0.000000 0.000000 0.000000 -0.000000 0.000000 0.000000 -25.259829 -2.053767 8.616952 -56.593119 20.469490 -6.076952 4.703550 -4.516403 -18.190224 2.662161 -1.293692 0.515519 -0.000000 0.000000 0.000000 -0.000000 0.000000 0.000000 -0.000000 0.000000 0.000000 -0.000000 0.000000 0.000000 -0.000000 0.000000 0.000000 -0.000000 0.000000 0.000000 -0.000000 0.000000 0.000000 -0.000000 0.000000 0.000000 -0.000000 0.000000 0.000000 -0.000000 0.000000 0.000000 -0.000000 0.000000 0.000000 -0.000000 0.000000 0.000000 -0.000000 0.000000 0.000000 -0.000000 0.000000 0.000000 -0.000000 0.000000 0.000000
73.104927 355.571686 16.032726 101.697938 88.944052 108.491704 5.072297 -5.174849 -0.118972 5.945694 21.724787 4.265983 -7.636568 -4.847389 -3.903591 0.917496 -14.805405 -11.705816 -3.022038 -29.264942 0.335529 -10.213341 26.739853 9.075457 -3.655632 -2.887210 9.278952 7.050751 -0.040657 -6.507325 -1.330659 14.728556 4.130408 -1.126033 -6.001430 -1.680581 1.389411 6.712169 2.897586 -4.698889 21.788524 -1.446507 8.499546 33.624215 -1.173209 -0.000000 0.000000 0.000000 -0.000000 0.000000 0.000000 -0.000000 0.000000 0.000000 20.658288 -0.651957 -12.838010 56.446604 14.217000 15.799744 -8.427113 7.980513 25.713685 1.722304 0.735000 -1.149895 -0.000000 0.000000 0.000000 -0.000000 0.000000 0.000000 -0.000000 0.000000 0.000000 -0.000000 0.000000 0.000000 -0.000000 0.000000 0.000000 -0.000000 0.000000 0.000000 -0.000000 0.000000 0.000000 -0.000000 0.000000 0.000000 -0.000000 0.000000 0.000000 -0.000000 0.000000 0.000000 -0.000000 0.000000 0.000000 -0.000000 0.000000 0.000000 -0.000000 0.000000 0.000000 -0.000000 0.000000 0.000000 -0.000000 0.000000 0.000000 -25.067444 -1.886539 8.136228 -56.353691 20.332570 -6.040256 4.364023 -4.496310 -18.345796 2.263106 -1.417752 0.737889 -0.000000 0.000000 0.000000 -0.000000 0.000000 0.000000 -0.000000 0.000000 0.000000 -0.000000 0.000000 0.000000 -0.000000 0.000000 0.000000 -0.000000 0.000000 0.000000 -0.000000 0.000000 0.000000 -0.000000 0.000000 0.000000 -0.000000 0.000000 0.000000 -0.000000 0.000000 0.000000 -0.000000 0.000000 0.000000 -0.000000 0.000000 0.000000 -0.000000 0.000000 0.000000 -0.000000 0.000000 0.000000 -0.000000 0.000000 0.000000
